REACTANT,REAGENT,PRODUCT,REACTION_TYPE
COc1ccc(S(=O)(=O)Cl)cc1.[Na+],CC(C)=O.[I-],COc1ccc(S(=O)[O-])cc1,not_reduction
N#Cc1c(N)nc(Cl)c(C#N)c1-c1ccccc1.OCc1ccccn1,CC(C)(C)[O-].[K+],N#Cc1c(N)nc(OCc2ccccn2)c(C#N)c1-c1ccccc1,not_reduction
CN1CCC(CCO)CC1.Cc1ccc(N2CCN(C(=O)Oc3ccc([N+](=O)[O-])cc3)CC2)cc1,C1CCOC1.CCCCCCC.[H-].[Na+],Cc1ccc(N2CCN(C(=O)OCCC3CCN(C)CC3)CC2)cc1,not_reduction
CC(C)(C)OC(=O)N1CCC(COC(=O)C2CCC3CN2C(=O)N3OS(=O)(=O)O)CC1,O=C(O)C(F)(F)F,O=C(OCC1CCNCC1)C1CCC2CN1C(=O)N2OS(=O)(=O)O,not_reduction
CCC12CCC3C4CCC(=O)C=C4CCC3C1C(O)CC2=O.O=C(Cl)c1ccccc1,ClCCl.O.c1ccncc1,CCC12CCC3C4CCC(=O)C=C4CCC3C1C(OC(=O)c1ccccc1)CC2=O,not_reduction
CCN(CC)CCN(C)Cc1cc(C)cc(C(=O)OC)c1,[Na+].[OH-],CCN(CC)CCN(C)Cc1cc(C)cc(C(=O)O)c1,not_reduction
COc1ccc2c(Cl)nc(Nc3cc(C)[nH]n3)cc2c1.Cc1ccc(O)cc1,,COc1ccc2c(Oc3ccc(C)cc3)nc(Nc3cc(C)[nH]n3)cc2c1,not_reduction
COC(=O)C(C)c1ccc(C#Cc2cc(C3CC3)c3c(c2)C(C)(C)CCC3N(C)C2CC2)cc1,C1CCOC1.CO.[Cl-].[Li+].[NH4+].[OH-],CC(C(=O)O)c1ccc(C#Cc2cc(C3CC3)c3c(c2)C(C)(C)CCC3N(C)C2CC2)cc1,not_reduction
Clc1ccc(Oc2cccc(N3CCNCC3)n2)cc1.O=C(NCC(F)(F)F)C1(CCCCBr)c2ccccc2-c2ccccc21,,O=C(NCC(F)(F)F)C1(CCCCN2CCN(c3cccc(Oc4ccc(Cl)cc4)n3)CC2)c2ccccc2-c2ccccc21,not_reduction
CC(C)(C)OC(=O)CC(=O)[O-].CC1(C)OC(=O)C(CC(=O)O)O1,C1CCOC1.CCN(CC)CC.CN(C)C=O.O=C(n1ccnc1)n1ccnc1.[Cl-].[Cl-].[Mg+2],CC(C)(C)OC(=O)CC(=O)CC1OC(C)(C)OC1=O,not_reduction
CCN.Oc1cccc2ccccc12,[Na+].[OH-].c1ccc(OP(Oc2ccccc2)Oc2ccccc2)cc1,CCNc1cccc2ccccc12,not_reduction
Clc1ccc(I)cn1.OC1CN(C(c2ccccc2)c2ccccc2)C1,CCOCC.CN(C)C=O.[Cl-].[H-].[NH4+].[Na+],Ic1ccc(OC2CN(C(c3ccccc3)c3ccccc3)C2)nc1,not_reduction
CC1(C)CCC(=O)CC1.CCO[CH+]OCC,CCN(C(C)C)C(C)C.F[B-](F)(F)F,CCOC(OCC)C1CC(C)(C)CCC1=O,not_reduction
COc1ccc(COCCC(O)CO)cc1.ClC(c1ccccc1)(c1ccccc1)c1ccccc1,c1ccncc1,COc1ccc(COCCC(O)COC(c2ccccc2)(c2ccccc2)c2ccccc2)cc1,not_reduction
CC(C)=O.O=Cc1ccc(-c2cccs2)s1,CCO.O.[K+].[OH-],CC(=O)C=Cc1ccc(-c2cccs2)s1,not_reduction
O=C([O-])C(O)(C(F)(F)F)C(F)(F)F,Cl.O.O=C([O-])[O-].[Na+].[Na+].[Na+],O.O=C(C(F)(F)F)C(F)(F)F,not_reduction
COc1ccccc1COCCCOc1ccc(C2CCN(C(=O)OC(C)(C)C)CC2OCc2ccc3c(c2)N(CCCCN)CCC3)cc1,CO.Cl,COc1ccccc1COCCCOc1ccc(C2CCNCC2OCc2ccc3c(c2)N(CCCCN)CCC3)cc1,not_reduction
CC(=O)N(C)c1csc(Br)n1.CO,[Na],COc1nc(N(C)C(C)=O)cs1,not_reduction
CN(C)CCCN(C)c1ccc(C(F)(F)F)cc1N.Cc1cc(N=C=O)ccc1Oc1ncccc1-c1ccncn1,Cc1ccccc1,Cc1cc(NC(=O)Nc2cc(C(F)(F)F)ccc2N(C)CCCN(C)C)ccc1Oc1ncccc1-c1ccncn1,not_reduction
CC(Nc1nc(Nc2cnccn2)cc(-c2cnc([Si](C(C)C)(C(C)C)C(C)C)o2)n1)c1ccc(F)cc1,C1CCOC1.C1CCOC1.CCCC[N+](CCCC)(CCCC)CCCC.CCOC(C)=O.[F-],CC(Nc1nc(Nc2cnccn2)cc(-c2cnco2)n1)c1ccc(F)cc1,not_reduction
CCOc1cc(C(C)(C)C)ncc1C1=NC(C)(c2ccc(Cl)cc2)C(C)(c2ccc(Cl)cc2)N1C(=O)Cl.Cn1cccc1C(=O)N1CCNCC1,,CCOc1cc(C(C)(C)C)ncc1C1=NC(C)(c2ccc(Cl)cc2)C(C)(c2ccc(Cl)cc2)N1C(=O)N1CCN(C(=O)c2cccn2C)CC1,not_reduction
Cn1c(=O)n(CCCI)c2ccccc21.O=c1[nH]c2cc(Cl)ccc2n1C1CCNCC1,CN(C)C=O.O=C([O-])[O-].[Na+].[Na+],Cn1c(=O)n(CCCN2CCC(n3c(=O)[nH]c4cc(Cl)ccc43)CC2)c2ccccc21,not_reduction
C1CNC1.CS(=O)(=O)OCCC#Cc1ccc2c(-c3ccc(Br)cc3)nsc2c1,O=C([O-])[O-].[Na+].[Na+],Brc1ccc(-c2nsc3cc(C#CCCN4CCC4)ccc23)cc1,not_reduction
FC(F)(F)Oc1ccc(C=NNc2cc(-c3ccccc3)nc(Cl)n2)cc1.Nc1ccc(Cl)cc1,C1CCOC1.[Li]CCCC,FC(F)(F)Oc1ccc(C=NNc2cc(-c3ccccc3)nc(Nc3ccc(Cl)cc3)n2)cc1,not_reduction
CI.COc1cccc(Nc2nc(Cl)nc3ccccc23)c1OC,,COc1cccc(N(C)c2nc(Cl)nc3ccccc23)c1OC,not_reduction
NCC(=O)CCC(=O)O.O=[N+]([O-])O,Cl.Cl.N.O.[H][H].[Na],O=[N+]([O-])O,reduction
CCn1c2ccccc2c2cc(C=O)ccc21.NN,C1CCOC1.CCN(CC)CC.O.O,CCn1c2ccccc2c2cc(C=NN)ccc21,not_reduction
CC(C)(C)[Si](Oc1ccc(OCC(O)CNCCc2ccc(OC3CCN(C(=O)NCc4ccc(F)cc4)CC3)cc2)cc1)(c1ccccc1)c1ccccc1,CO.ClC(Cl)Cl,O=C(NCc1ccc(F)cc1)N1CCC(Oc2ccc(CCNCC(O)COc3ccc(O)cc3)cc2)CC1,not_reduction
COC(=O)c1ccc(C(C)(C)C)c(C#N)c1,C1COCCO1.[Li+].[OH-],CC(C)(C)c1ccc(C(=O)O)cc1C#N,not_reduction
C#CC1CC1.CC(C)(C)[Si](C)(C)OC1CCC(Nc2ccccc2I)CC1,CCN(CC)CC.[Cu]I,CC(C)(C)[Si](C)(C)OC1CCC(Nc2ccccc2C#CC2CC2)CC1,not_reduction
CS(=O)(=O)CCN.CS(=O)(=O)c1ccc(Oc2cc(OC3CCOCC3)c3[nH]c(C4=NCC(CC(=O)O)S4)cc3c2)cn1,CCN(CC)CC.CCN=C=NCCCN(C)C.CN(C)C=O.Cl.Cl.O.O.On1nnc2ccccc21,CS(=O)(=O)CCNC(=O)CC1CN=C(c2cc3cc(Oc4ccc(S(C)(=O)=O)nc4)cc(OC4CCOCC4)c3[nH]2)S1,not_reduction
C#Cc1cncc(Cl)c1.Fc1ccc(I)cc1F,CCN(CC)CC.Cl[Pd]Cl.[Cu]I.c1ccc(P(c2ccccc2)c2ccccc2)cc1.c1ccc(P(c2ccccc2)c2ccccc2)cc1,Fc1ccc(C#Cc2cncc(Cl)c2)cc1F,not_reduction
CCOC(=O)Nc1nc2ncc(C)nc2s1,Cl.[Na+].[OH-],Cc1cnc2nc(N)sc2n1,not_reduction
COC(=O)c1sc(Cl)c(Cl)c1NC(C)=O,CCN(CC)CC.CO.[H][H],COC(=O)c1scc(Cl)c1NC(C)=O,reduction
CC(C)(C)C(=O)OCn1nc(I)c2cc(Br)cnc21.Clc1cccc(C[Zn+])c1,C1CCOC1.[Cl-].c1ccc([PH](c2ccccc2)(c2ccccc2)[Pd-4]([PH](c2ccccc2)(c2ccccc2)c2ccccc2)([PH](c2ccccc2)(c2ccccc2)c2ccccc2)[PH](c2ccccc2)(c2ccccc2)c2ccccc2)cc1,CC(C)(C)C(=O)OCn1nc(Cc2cccc(Cl)c2)c2cc(Br)cnc21,not_reduction
CCI.CCOc1nsnc1-c1cccnc1,CC(C)=O,CCOc1nsnc1-c1ccc[n+](CC)c1.[I-],not_reduction
CCC[O-].Sc1ccc2ccccc2c1,CCCO.[Na+],CCCSc1ccc2ccccc2c1,not_reduction
C1CCOC1.Cc1ccc2c(Cl)nccc2c1[N+](=O)[O-],Cl,Cc1ccc2c(=O)[nH]ccc2c1[N+](=O)[O-],not_reduction
COc1ccc(CC(=O)O)cc1OC.O=S(Cl)Cl,ClCCl,[Cl-],not_reduction
COc1ccc(C(=O)Cl)cc1OC.Cc1c(C)c2c(c(C)c1N)C(c1ccc(C(C)C)cc1)C(C)(C)O2,CCCCCC.CCOC(C)=O,COc1ccc(C(=O)Nc2c(C)c(C)c3c(c2C)C(c2ccc(C(C)C)cc2)C(C)(C)O3)cc1OC,not_reduction
BrCc1ccccc1.COC(=O)CC(=O)c1cccnc1,C1CCOC1.Cl.[H-].[Na+],COC(=O)CC(=O)c1cccnc1Cc1ccccc1,not_reduction
CC(C)=CCn1c(C)cnc1[N+](=O)[O-].CC(C)CCON=O.Cl,,Cc1cnc([N+](=O)[O-])n1CC(N=O)C(C)(C)Cl,not_reduction
CCC(C)(C)Cc1cn(S(=O)(=O)N(C)C)c(C(=O)Cc2ccc(Br)cc2)n1.C[Mg+],C1CCOC1.[Br-].[Ce+3].[Cl-].[Cl-].[Cl-],CCC(C)(C)Cc1cn(S(=O)(=O)N(C)C)c(C(C)(O)Cc2ccc(Br)cc2)n1,not_reduction
CC(C)(C)OC(=O)c1cccnc1Cl.CN,CO,CNc1ncccc1C(=O)OC(C)(C)C,not_reduction
O=C(CCCCl)c1cccs1.OC(c1ccccc1)(c1ccccc1)C1CCNCC1,Cc1ccccc1.O=C([O-])O.[I-].[K+].[Na+],Cl.O=C(CCCN1CCC(C(O)(c2ccccc2)c2ccccc2)CC1)c1cccs1,not_reduction
COc1ccc(CN(Cc2ccc(OC)cc2)c2ccc(Br)nc2)cc1.Clc1nc(N2CCOCC2)nc2c1CCN2c1ccncc1,C1CCOC1.CC(C)[Mg+].O.[Cl-].[Cl-].[Cl-].[Li]CCCC.[Zn+2],COc1ccc(CN(Cc2ccc(OC)cc2)c2ccc(-c3nc(N4CCOCC4)nc4c3CCN4c3ccncc3)nc2)cc1,not_reduction
CCC1=CC(=O)C2(C)CCC3c4ccc(OC)cc4CCC3C12.CCOCC,C1CCOC1.CCOC(C)=O.C[Mg+].ClC(Cl)Cl.N.[Cl-].[Cu]I.[I-].[NH4+],CCC1(C)CC(=O)C2(C)CCC3c4ccc(OC)cc4CCC3C12,not_reduction
CC(C)(C)OC(=O)N1CCC(CNCc2ccccc2)C(O)C1.O=Cc1ccccc1,CO.c1ccsc1,CC(C)(C)OC(=O)N1CCC(CN(Cc2ccccc2)Cc2ccccc2)C(O)C1,not_reduction
N#Cc1ccccc1N1CCC(=O)CC1.OCC1CCCNC1,,N#Cc1ccccc1N1CCC(N2CCCC(CO)C2)CC1,not_reduction
ClCCCCBr.O=C1CCCCc2sccc2N1,CC(C)(C)[O-].CN(C)C=O.O.[K+],O=C1CCCCc2sccc2N1CCCCCl,not_reduction
CCOC(=O)C1(CC(=O)OC(C)(C)C)C(=O)N(Cc2ccc(Br)cc2F)C(=O)c2cccn21,ClCCl.O=C(O)C(F)(F)F,CCOC(=O)C1(CC(=O)O)C(=O)N(Cc2ccc(Br)cc2F)C(=O)c2cccn21,not_reduction
COC(=O)C(O)C(O)C(=O)OC.COc1cc(C=O)ccc1O,CO,COC(=O)C1OC(c2ccc(O)c(OC)c2)OC1C(=O)OC,not_reduction
Cc1ccn(-c2ccc(I)cc2)n1.[N-]=[N+]=[N-],CC(C)(C#N)N=NC(C)(C)C#N.CCOC(C)=O.ClC(Cl)(Cl)Cl.O.O=C1CCC(=O)N1Br.[Na+],[N-]=[N+]=NCc1ccn(-c2ccc(I)cc2)n1,not_reduction
CN(C)C(=O)c1cc(Cl)ccn1.Nc1ccc(O)cc1,CNC.O=C(Cl)c1cc(Cl)ccn1,CN(C)C(=O)c1cc(Oc2ccc(N)cc2)ccn1,not_reduction
C[SH]=c1[nH]ccc(=O)[nH]1.NCCCN(Cc1cccc(Cl)c1)c1ccccn1,CCO.O,O=c1ccnc(NCCCN(Cc2cccc(Cl)c2)c2ccccn2)[nH]1,not_reduction
Cc1nc2c(Cl)c(N)ccc2s1.O=C(Cl)c1cc(Cl)cc(Cl)c1,C1CCOC1.CCN(CC)CC,Cc1nc2c(Cl)c(NC(=O)c3cc(Cl)cc(Cl)c3)ccc2s1,not_reduction
CCCBr.COc1cc([N+](=O)[O-])c2ncccc2c1O,CC1CO1.CCCCCC.CCN(CC)CC.CN(C)P(=O)(N(C)C)N(C)C.O,CCCOc1c(OC)cc([N+](=O)[O-])c2ncccc12,not_reduction
CC1(C)OB(c2ccc3nonc3c2)OC1(C)C.CCOC(=O)C(CC(C)C)c1cc(Cl)c(OCC2CC2)c(Br)c1,CN(C)C=O.O.O=C([O-])[O-].[Cs+].[Cs+],CCOC(=O)C(CC(C)C)c1cc(Cl)c(OCC2CC2)c(-c2ccc3nonc3c2)c1,not_reduction
Nc1cc(S(=O)(=O)O)cc2cc(S(=O)(=O)O)cc(S(=O)(=O)O)c12.O=[N+]([O-])c1cccc(S(=O)(=O)Cl)c1,O.O=C([O-])[O-].[Na+].[Na+],O=[N+]([O-])c1cccc(S(=O)(=O)Nc2cc(S(=O)(=O)O)cc3cc(S(=O)(=O)O)cc(S(=O)(=O)O)c23)c1,not_reduction
COCCCN(CCCc1ccc(B2OC(C)(C)C(C)(C)O2)cc1)C(=O)OC(C)(C)C.Nc1ncc(Br)nc1C(=O)Nc1cccnc1,CN(C)C=O.O=C([O-])[O-].[Na+].[Na+],COCCCN(CCCc1ccc(-c2cnc(N)c(C(=O)Nc3cccnc3)n2)cc1)C(=O)OC(C)(C)C,not_reduction
CS(=O)(=O)c1ccc(-n2nc(C#N)c(OC3CCNCC3)cc2=O)cc1.CS(=O)(=O)c1ncc(OC(F)F)cn1,CCN(C(C)C)C(C)C.CCOC(C)=O.CN1CCCC1=O.Cl,CS(=O)(=O)c1ccc(-n2nc(C#N)c(OC3CCN(c4ncc(OC(F)F)cn4)CC3)cc2=O)cc1,not_reduction
Cc1cccc2cc3c(=O)n(CCc4cn(C(=O)NCCN(C)C)c5ccccc45)cc(C(=O)NCCN(C)C)c3nc12,CCO.[Na+].[OH-],Cc1cccc2cc3c(=O)n(CCc4c[nH]c5ccccc45)cc(C(=O)NCCN(C)C)c3nc12,not_reduction
CC1NCCc2oc(C(F)(F)F)nc21.CC1c2[nH]ccc2CCN1C(=O)c1cc2ncc(Br)cn2n1,,CC1c2nc(C(F)(F)F)oc2CCN1C(=O)c1cc2ncc(Br)cn2n1,not_reduction
CI.O=C1NC(=S)SC1=Cc1ccc2c(cnn2Cc2ccc(C(F)(F)F)cc2C(F)(F)F)c1,,CSC1=NC(=O)C(=Cc2ccc3c(cnn3Cc3ccc(C(F)(F)F)cc3C(F)(F)F)c2)S1,not_reduction
CCCN(CCC)CC1CCCCN1CCN.O=C1Nc2cccnc2N(C(=O)Cl)c2ccccc21,CC#N,CCCN(CCC)CC1CCCCN1CCNC(=O)N1c2ccccc2C(=O)Nc2cccnc21,not_reduction
CC(C)(C)OC(=O)Nc1ccc(OC2CCN(C(=O)OC(C)(C)C)CC2)cc1.CC(C)=CCBr,CC(C)=O.O.[K+].[OH-],CC(C)=CCN(C(=O)OC(C)(C)C)c1ccc(OC2CCN(C(=O)OC(C)(C)C)CC2)cc1,not_reduction
Cc1nc2nc(SCc3ccccc3)nn2c(O)c1Cl.O=P(Cl)(Cl)Cl,,Cc1nc2nc(SCc3ccccc3)nn2c(Cl)c1Cl,not_reduction
O=C(NC(Cc1ccccc1)C(O)CO)OCc1ccccc1,O=C(NC(Cc1ccccc1)C(O)CO)OCc1ccccc1,O=C1NC(Cc2ccccc2)C(CO)O1,not_reduction
COC1(c2cc(F)cc(OCc3ccccc3)c2)CCOC1,CCO,COC1(c2cc(O)cc(F)c2)CCOC1,not_reduction
CCOC(=O)c1ccc(CC#N)cc1.Cc1cccc(C(O)c2ccccc2N2CCCCC2)c1.O=S(=O)(O)O,Clc1ccccc1Cl.O,CCOC(=O)c1ccc(CC(=O)NC(c2cccc(C)c2)c2ccccc2N2CCCCC2)cc1,not_reduction
COc1ccc2c(c1)CCCC2=O.[C-]#N,CCCC[N+](CCCC)(CCCC)CCCC.O=[N+]([O-])c1ccccc1.[Br-].[Na+],COc1ccc2c(c1)CCC=C2C#N,not_reduction
CC1(c2ccc3cc(CC4CCC(C(C)(C)C)CC4)ccc3c2)COC(=O)N1,CCO.O.[Li+].[OH-],CC(N)(CO)c1ccc2cc(CC3CCC(C(C)(C)C)CC3)ccc2c1,not_reduction
CCCNCC(O)(CNc1cccc2c1cnn2-c1ccccc1)C(F)(F)F.O=C(O)c1ccccc1F,,CCCN(CC(O)(CNc1cccc2c1cnn2-c1ccccc1)C(F)(F)F)C(=O)c1ccccc1F,not_reduction
Cc1cnc(N2CCC(C3CCN(C(=O)OC(C)(C)C)CC3)CC2)cn1,O=C(O)C(F)(F)F,Cc1cnc(N2CCC(C3CCNCC3)CC2)cn1,not_reduction
CCOC(=O)CCCCCOc1c(C=CC(=O)CCc2ccccc2)occc1=O,C1CCOC1.CC[BH-](CC)CC.[Li+],CCOC(=O)CCCCCOc1c(C=CC(O)CCc2ccccc2)occc1=O,reduction
OC1CCc2cnc3c(c21)CCO3,CC#N.C[N+]1([O-])CCOCC1,O=C1CCc2cnc3c(c21)CCO3,not_reduction
O=C(C=Cc1ccc([N+](=O)[O-])c(O)c1)Nc1cccc(Cl)c1,CCO.Cl[Sn]Cl,Nc1ccc(C=CC(=O)Nc2cccc(Cl)c2)cc1O,not_reduction
CCCS(=O)(=O)Cl.O=C(O)CCCCCCCCCCCO,CCN(CC)CC.ClC(Cl)Cl.ClCCl.O,CCCS(=O)(=O)OCCCCCCCCCCCC(=O)O,not_reduction
C=CC(=O)OC.CN(C(=O)Oc1ccc(I)cc1)c1ccccc1,CN(C1CCCCC1)C1CCCCC1.O=C(C=Cc1ccccc1)C=Cc1ccccc1.O=C(C=Cc1ccccc1)C=Cc1ccccc1.O=C(C=Cc1ccccc1)C=Cc1ccccc1.[Pd].[Pd],COC(=O)C=Cc1ccc(OC(=O)N(C)c2ccccc2)cc1,not_reduction
CC(C)(C)OC(=O)NCc1ccccc1B(O)O.CCOC(=O)c1cccc(Br)n1,COCCOC.ClCCl.O=C([O-])[O-].[Na+].[Na+].c1ccc(P(c2ccccc2)(c2ccccc2)[Pd](P(c2ccccc2)(c2ccccc2)c2ccccc2)(P(c2ccccc2)(c2ccccc2)c2ccccc2)P(c2ccccc2)(c2ccccc2)c2ccccc2)cc1,CCOC(=O)c1cccc(-c2ccccc2CNC(=O)OC(C)(C)C)n1,not_reduction
BrC1CCCC1.COc1ccc(C=O)cc1O,CN(C)C=O.O.O=C([O-])[O-].[I-].[K+].[K+].[K+],COc1ccc(C=O)cc1OC1CCCC1,not_reduction
COc1cc2c(Cl)ncnc2cc1OCc1ccccc1.Cc1cc2c(F)c(O)ccc2[nH]1,CN1CCCC1=O.O=C([O-])[O-].[K+].[K+],COc1cc2c(Oc3ccc4[nH]c(C)cc4c3F)ncnc2cc1OCc1ccccc1,not_reduction
CCOC(=O)CI.OCCc1ccc(Cl)cc1,CC(C)(C)c1cccc(C(C)(C)C)n1.O=S(=O)([O-])C(F)(F)F.[Ag+],CCOC(=O)COCCc1ccc(Cl)cc1,not_reduction
CC(Cn1ncc2ccc3oc(CN)cc3c21)NC(=O)OCc1ccccc1.CCN=C=O,C1CCOC1.CC(C)NC(C)C.CO.ClCCl,CCNC(=O)NCc1cc2c(ccc3cnn(CC(C)NC(=O)OCc4ccccc4)c32)o1,not_reduction
COC(=O)c1ccc(OC2CCN(C(=O)OC(C)(C)C)CC2)cc1,ClCCl.O=C(O)C(F)(F)F,COC(=O)c1ccc(OC2CCNCC2)cc1,not_reduction
COc1ccc(I)c2sc(NC(=O)c3ccc(C)s3)nc12.OB(O)c1ccccc1Cl,,COc1ccc(-c2ccccc2Cl)c2sc(NC(=O)c3ccc(C)s3)nc12,not_reduction
CC(C)(C)OC(=O)N1CCC(Oc2ncc(N)c3ccccc23)CC1.Cc1ccc(-n2nc(C3(C)CC3)cc2NC(=O)OCC(Cl)(Cl)Cl)cc1,CCN(C(C)C)C(C)C.CS(C)=O.ClCCl.O,Cc1ccc(-n2nc(C3(C)CC3)cc2NC(=O)Nc2cnc(OC3CCN(C(=O)OC(C)(C)C)CC3)c3ccccc23)cc1,not_reduction
C#Cc1ccccc1.CCN(CC)CCOc1cc(Cl)c(I)cc1Cl,CCN(CC)CC.[Cu]I.[Pd],CCN(CC)CCOc1cc(Cl)c(C#Cc2ccccc2)cc1Cl,not_reduction
CCn1cc(-n2c(=O)n(C)c3cnc4ccc(Br)cc4c32)c(C)n1.OCc1ccc(B(O)O)cn1,,CCn1cc(-n2c(=O)n(C)c3cnc4ccc(-c5ccc(CO)nc5)cc4c32)c(C)n1,not_reduction
CCOC(=O)CNc1cc(F)c(Oc2ccc(C(=O)OCC)cc2)cc1[N+](=O)[O-].c1c[nH]cn1,CN(C)C=O,CCOC(=O)CNc1cc(-n2ccnc2)c(Oc2ccc(C(=O)OCC)cc2)cc1[N+](=O)[O-],not_reduction
CN(C)CCC(NC(=O)C1(NC(=O)OC(C)(C)C)CCN(c2ncnc3[nH]ccc23)CC1)c1ccc(Cl)cc1,CO.Cl.ClCCl,CN(C)CCC(NC(=O)C1(N)CCN(c2ncnc3[nH]ccc23)CC1)c1ccc(Cl)cc1,not_reduction
C#CCOc1c(OC)cc(C(=O)NCC2CCCCC2)cc1OC.COc1ccc(P2(=S)SP(=S)(c3ccc(OC)cc3)S2)cc1,Cc1ccccc1,C#CCOc1c(OC)cc(C(=S)NCC2CCCCC2)cc1OC,not_reduction
C1CS1.Oc1ccc(Oc2ccccc2)cc1,C1CCOC1.C=CCBr.C=CCCBr.C=CCCCBr.N#C[S-].O.O=C(OO)c1cccc(Cl)c1.[NH4+].[SH],Sc1ccc(Oc2ccccc2)cc1,not_reduction
CC(c1ccc(Br)cc1Cl)C(O)(c1ccc2c(c1)N(C)C(=O)CO2)C(F)(F)F.COC(=O)c1ccc(B(O)O)cc1OC,,COC(=O)c1ccc(-c2ccc(C(C)C(O)(c3ccc4c(c3)N(C)C(=O)CO4)C(F)(F)F)c(Cl)c2)cc1OC,not_reduction
O=C(c1ccccc1)c1ccc(O)cc1.[I-],Cl.I.O.[K+].[NH4+].[OH-],O=C(c1ccccc1)c1ccc(O)c(I)c1,not_reduction
CCOC(=O)c1cnc2c(F)cc(SCc3ccccc3)cc2c1O.NCc1ccc(Cl)cc1,CO.ClC(Cl)Cl,O=C(NCc1ccc(Cl)cc1)c1cnc2c(F)cc(SCc3ccccc3)cc2c1O,not_reduction
FC1(F)CCCNCC1.O=C(O)c1csc(-c2cocn2)c1,C1CCOC1.CCN(C(C)C)C(C)C.CN(C)C(On1nnc2cccnc21)=[N+](C)C.ClCCl.F[P-](F)(F)(F)(F)F.O=C(O)C(F)(F)F,O=C(c1csc(-c2cocn2)c1)N1CCCC(F)(F)CC1,not_reduction
CCCCCCCCC#Cc1cc(OC)ccc1C(=O)OC.CNOC,Cl.[Li]CCCC,CCCCCCCCC#Cc1cc(OC)ccc1C(=O)N(C)OC,not_reduction
Clc1nsnc1-c1cccnc1.N#CCCCCCBr.S,CN(C)C=O.O.O.O=C([O-])[O-].[K+].[K+].[Na],N#CCCCCCSc1nsnc1-c1cccnc1,not_reduction
COc1nc(N)nc(OC)n1.O=S(=O)(N=C=S)c1ccccc1,CC#N.CCCCCCCCCCCC(=O)[O-].CCCCCCCCCCCC(=O)[O-].CCCC[Sn+2]CCCC.CCOCC,COc1nc(NC(=S)NS(=O)(=O)c2ccccc2)nc(OC)n1,not_reduction
CI.c1cc(-c2n[nH]c(-c3ccncn3)n2)ncn1,C1CCOC1.[H-].[Na+],Cn1nc(-c2ccncn2)nc1-c1ccncn1,not_reduction
CCc1ccc(C(=O)N2CCC3(CC2)Oc2ccccc2-n2c(C=O)ccc23)cc1OC.NO,CC(=O)[O-].CCO.Cl.O.[Na+],CCc1ccc(C(=O)N2CCC3(CC2)Oc2ccccc2-n2c(C=NO)ccc23)cc1OC,not_reduction
CCC(N)CC.COC(=O)Cc1c(Br)csc1-c1ccc(C(=O)O)cc1,CN(C)C=O,CCC(CC)NC(=O)c1ccc(-c2scc(Br)c2CC(=O)OC)cc1,not_reduction
CS(=O)(=O)c1ccc(-n2ncc3c(Cl)ncnc32)cc1.OC1CN(Cc2ccccc2)C1,CC(=O)N(C)C.Cl.[H-].[Na+],CS(=O)(=O)c1ccc(-n2ncc3c(OC4CN(Cc5ccccc5)C4)ncnc32)cc1,not_reduction
Cc1ccc([N+](=O)[O-])cc1N.Clc1ccnc(Cl)c1,CC(=O)[O-].CC(=O)[O-].Cc1ccccc1.O=C([O-])[O-].[Cs+].[Cs+].[Pd+2].c1ccc(P(c2ccccc2)c2ccc3ccccc3c2-c2c(P(c3ccccc3)c3ccccc3)ccc3ccccc23)cc1,Cc1ccc([N+](=O)[O-])cc1Nc1cc(Cl)ccn1,not_reduction
NC(c1ccccc1)c1ccccc1.O=C(Cl)c1ccc(F)cc1,CC(C)OC(C)C.CCOC(C)=O.ClCCl.O.c1ccncc1,O=C(NC(c1ccccc1)c1ccccc1)c1ccc(F)cc1,not_reduction
CC(C)(C)OC(=O)N1CCNCC1.Fc1ccc(-c2ccc(Br)cc2)cc1,CC(C)(C)[O-].Cc1ccccc1.[Na+].c1ccc(P(c2ccccc2)c2ccc3ccccc3c2-c2c(P(c3ccccc3)c3ccccc3)ccc3ccccc23)cc1,CC(C)(C)OC(=O)N1CCN(c2ccc(-c3ccc(F)cc3)cc2)CC1,not_reduction
C[Si](C)(C)C#Cc1cnn(C2CCC(N3CC(NC(=O)CNC(=O)c4cccc(C(F)(F)F)c4)C3)CC2)c1,C1CCOC1.CCCC[N+](CCCC)(CCCC)CCCC.[F-],C#Cc1cnn(C2CCC(N3CC(NC(=O)CNC(=O)c4cccc(C(F)(F)F)c4)C3)CC2)c1,not_reduction
ClCc1cccnc1.O=[N+]([O-])c1ccc(O)cc1F,CN(C)C=O.Cl.[H-].[Na+],O=[N+]([O-])c1ccc(OCc2cccnc2)cc1F,not_reduction
CC=Cc1ccc(O)c(OC)c1.ClCC1CO1,CCO.[Na+].[OH-],CC=C1Oc2cc(O)c(OC)cc21,not_reduction
COC(=O)c1ccc([N+](=O)[O-])cc1C(=O)OC,ClCCl,COC(=O)c1ccc(N)cc1C(=O)OC,not_reduction
CC1=CCC(CC2OCCO2)C1(C)C.CC[Zn]CC,CCCCCC.ClCCCl.ICI.O=C([O-])[O-].[K+].[K+],CC1(C)C(CC2OCCO2)CC2CC21C,not_reduction
CCOC(=O)C=C(C)Oc1cc(Cl)ccc1Cl.O=C1CCC(=O)N1Br,ClC(Cl)(Cl)Cl.O=C(OOC(=O)c1ccccc1)c1ccccc1,CCOC(=O)C=C(CBr)Oc1cc(Cl)ccc1Cl,not_reduction
CS(=O)(=O)OCCc1cc2cc(-c3ccc(C#N)cc3)ccc2o1.OCC1CCCN1,,N#Cc1ccc(-c2ccc3oc(CCN4CCCC4CO)cc3c2)cc1,not_reduction
O=C(O)CN1CCC(c2ccccc2)(c2ccccc2)C1=O.c1ccc(C2CCNC2)cc1,CCN=C=NCCCN(C)C.Cl.ClCCl,O=C(CN1CCC(c2ccccc2)(c2ccccc2)C1=O)N1CCC(c2ccccc2)C1,not_reduction
COc1ccc(CN(Cc2ccc(OC)cc2)c2ncc(-c3nc(N4CCOCC4)nc4c3CCN4C(=O)N(C)c3ccc(N4CCN(C)CC4)cc3)cn2)cc1,CN1CCNCC1.COc1ccc(CN(Cc2ccc(OC)cc2)c2ncc(-c3nc(N4CCOCC4)nc4c3CCN4C(=O)N(C)c3ccc(Br)cc3)cn2)cc1,CN1CCN(c2ccc(N(C)C(=O)N3CCc4c(-c5cnc(N)nc5)nc(N5CCOCC5)nc43)cc2)CC1,not_reduction
COC(C)(C)C(=O)CBr.Oc1ccc(Cl)cc1Cl,CC#N.O=C([O-])[O-].[K+].[K+],COC(C)(C)C(=O)COc1ccc(Cl)cc1Cl,not_reduction
COc1cc(Cl)ccc1-c1nc(CCC(=O)c2ccc(O)c(C)c2)c(C(C)C)o1,ClB(Cl)Cl.ClC(Cl)Cl.ClCCl.O.O=C([O-])O.[Na+],Cc1cc(C(=O)CCc2nc(-c3ccc(Cl)cc3O)oc2C(C)C)ccc1O,not_reduction
Cc1nc(C2CC2)cc(C(=O)O)c1OCc1cccc(C#N)c1.N#Cc1ccc(N)cc1,,Cc1nc(C2CC2)cc(C(=O)Nc2ccc(C#N)cc2)c1OCc1cccc(C#N)c1,not_reduction
BrCc1ccccc1.O=C1c2ccccc2C(=O)N1CCCc1cccnc1,CC(C)O,O=C1c2ccccc2C(=O)N1CCCc1ccc[n+](Cc2ccccc2)c1.[Br-],not_reduction
CC(C)(C)OC(=O)c1cc(Br)cc(C2=NOC(c3ccccn3)C2)c1.Cc1ccc([Zn+])nc1,C1COCCO1.ClCCl.O=C(O)CN(CCN(CC(=O)O)CC(=O)O)CC(=O)O.[Br-].[K].[K].[K],Cc1ccc(-c2cc(C(=O)OC(C)(C)C)cc(C3=NOC(c4ccccn4)C3)c2)nc1,not_reduction
CCNCCCOC.N#CN,CC(=O)O.CC(=O)[O-],CCN(CCCOC)C(=N)N,not_reduction
CC(C)(C)OC(=O)N1CCC(CCO)CC1.Fc1ccc(CBr)cc1,C1CCOC1.[H-].[Na+],CC(C)(C)OC(=O)N1CCC(CCOCc2ccc(F)cc2)CC1,not_reduction
CCN=C=NCCCN(C)C.Cc1cc(Nc2ncccc2C(=O)O)n(-c2ccccc2)n1,CCN(CC)CC.CO.ClCCl.N,Cc1cc(Nc2ncccc2C(N)=O)n(-c2ccccc2)n1,not_reduction
CN(C(=O)OCC(C)(O)Cn1cc([N+](=O)[O-])nc1Cl)c1ccc(OC(F)(F)F)cc1,CCOC(C)=O.CN(C)C=O.O.[H-].[Na+],CN(C(=O)OCC1(C)Cn2cc([N+](=O)[O-])nc2O1)c1ccc(OC(F)(F)F)cc1,not_reduction
COC(=O)C(C)N(Cc1ccccc1)S(=O)(=O)N1CCN(c2ccc(Cl)cc2)CC1.NO.[OH-],CO.Cl.Cl.ClCCl.Clc1ccc(N2CCNCC2)cc1.Clc1ccc(OC2CCNCC2)nc1.[K+],CC(C(=O)NO)N(Cc1ccccc1)S(=O)(=O)N1CCN(c2ccc(Cl)cc2)CC1,not_reduction
Nc1ccc(Br)cn1.O=C(O)C(CC1CCCC1)c1ccc(Cl)c(Cl)c1,ClCCl.O.O=C1CCC(=O)N1Br.c1ccc(P(c2ccccc2)c2ccccc2)cc1.c1ccncc1,O=C(Nc1ccc(Br)cn1)C(CC1CCCC1)c1ccc(Cl)c(Cl)c1,not_reduction
CC1(NC(=O)C(F)(F)F)CNC1.CCn1cc(C(=O)O)c(=O)c2cc(F)c(F)c(F)c21,CCN(CC)CC.Cl.c1ccncc1,CCn1cc(C(=O)O)c(=O)c2cc(F)c(N3CC(C)(NC(=O)C(F)(F)F)C3)c(F)c21,not_reduction
Fc1ccccc1Cn1nc(-c2nc(Cl)c(-c3ccncc3)c(Cl)n2)c2cccnc21.N,,Nc1nc(-c2nn(Cc3ccccc3F)c3ncccc23)nc(Cl)c1-c1ccncc1,not_reduction
N.N#Cc1c(F)ccc([N+](=O)[O-])c1F,C1CCOC1.CCO,N#Cc1c(F)ccc([N+](=O)[O-])c1N,not_reduction
CN1CC=C(c2c[nH]c3c(F)cc(F)cc23)CC1.O=S(=O)(Cl)c1ccc2ccccc2c1,C1CCOC1.C[Si](C)(C)[N-][Si](C)(C)C.[Na+],CN1CC=C(c2cn(S(=O)(=O)c3ccc4ccccc4c3)c3c(F)cc(F)cc23)CC1,not_reduction
CS(=O)(=O)OCC1CCC2CN(c3ncccn3)CCN2C1.O=C1CCC(=O)N1,CC(C)O.CN(C)C=O.Cl.ClCCl.O.[H-].[Na+],O=C1CCC(=O)N1CC1CCC2CN(c3ncccn3)CCN2C1,not_reduction
C1=CC2CC3OC1CC2O3.N#Cc1ccccc1,CO.ClCCl.O=C([O-])O.OO.[K+],NC(=O)c1ccccc1,not_reduction
CCC(CC)Nc1cc(C)nc(Oc2c(C)cc(C)cc2C)c1C(=O)n1ccnc1.CCOCC,C[Mg+].ClCCl.[Br-],CCC(CC)Nc1cc(C)nc(Oc2c(C)cc(C)cc2C)c1C(C)=O,not_reduction
Cc1cc(Cl)ccc1C(=O)O.NC1CCCC1N1CCCC1,,Cc1cc(Cl)ccc1C(=O)NC1CCCC1N1CCCC1,not_reduction
O=C(NCC(=O)N1CCNCC1)c1ccc(-c2ccccc2)cc1.O=C(O)c1cc(F)cc(C(F)(F)F)c1,CCN(C(C)C)C(C)C.CCN=C=NCCCN(C)C.CN(C)C=O.Cl.O.On1nnc2ccccc21,O=C(NCC(=O)N1CCN(C(=O)c2cc(F)cc(C(F)(F)F)c2)CC1)c1ccc(-c2ccccc2)cc1,not_reduction
CCN.O=Cc1cc(C(F)(F)F)cc(C(F)(F)F)c1,CC(=O)O.ClCCCl.O=C([O-])O.[Na+],CCNCc1cc(C(F)(F)F)cc(C(F)(F)F)c1,not_reduction
C=CCN.CC(=O)c1cnc2cn[nH]c2c1Cl,CCO.CCOC(C)=O,C=CCNc1c(C(C)=O)cnc2cn[nH]c12,not_reduction
COc1ccc(CN(Cc2ccc(OC)cc2)C(=O)c2cccc(N3CC(c4ccc(OC)c(Oc5ccccc5C#N)c4)CC3=O)n2)cc1,O=C(O)C(F)(F)F,COc1ccc(C2CC(=O)N(c3cccc(C(N)=O)n3)C2)cc1Oc1ccccc1C#N,not_reduction
COC(=O)C(C#N)C1(C)CCOc2ccc(F)cc21,CS(C)=O.O.[Cl-].[Na+],CC1(CC#N)CCOc2ccc(F)cc21,not_reduction
Clc1ccc(Cl)nn1.FC(F)(F)c1ccccc1OC1CCNCC1,,FC(F)(F)c1ccccc1OC1CCN(c2ccc(Cl)nn2)CC1,not_reduction
CC(C)(C)OC(=O)N1CC2CC1CN2Cc1ccc(Oc2nc3ccccc3s2)cc1.Cl,ClCCl,c1ccc2sc(Oc3ccc(CN4CC5CC4CN5)cc3)nc2c1,not_reduction
CC(=O)N1CCS(=O)(=O)c2ccccc2C1,CCO.O.[Na+].[OH-],O=S1(=O)CCNCc2ccccc21,not_reduction
CC(O)(C(=O)O)C(F)(F)F.CCN(CC)S(=O)(=O)c1ccc(N)cc1,C1CCOC1.O=C(c1ncc[nH]1)c1ncc[nH]1,CCN(CC)S(=O)(=O)c1ccc(NC(=O)C(C)(O)C(F)(F)F)cc1,not_reduction
CC(=O)NC1CNC(C)C1.O=C(O)c1cn(C2CC2)c2cc(Cl)c(F)cc2c1=O,,CC(=O)NC1CC(C)N(c2cc3c(cc2F)c(=O)c(C(=O)O)cn3C2CC2)C1,not_reduction
Clc1ccc(OCCCI)cc1.O=C1C(=O)c2ccccc2C2=C1SCC1(CCNCC1)O2,,O=C1C(=O)c2ccccc2C2=C1SCC1(CCN(CCCOc3ccc(Cl)cc3)CC1)O2,not_reduction
CCOC(=O)C(N)CCCCc1ccccc1.O=C(Cl)OCc1ccccc1,CCN(CC)CC.ClCCl,CCOC(=O)C(CCCCc1ccccc1)NC(=O)OCc1ccccc1,not_reduction
CC(=O)N(C)C.CCCS(=O)(=O)Nc1ccc(F)c(C(=O)c2c[nH]c3ncc(Br)nc23)c1F,O.O=C(C=Cc1ccccc1)C=Cc1ccccc1.O=C(C=Cc1ccccc1)C=Cc1ccccc1.O=C(C=Cc1ccccc1)C=Cc1ccccc1.[C-]#N.[C-]#N.[Pd].[Pd].[Zn+2].[Zn],CCCS(=O)(=O)Nc1ccc(F)c(C(=O)c2c[nH]c3ncc(C#N)nc23)c1F,not_reduction
C=O.CNC1Cc2ccccc2C(c2ccc(Cl)c(Cl)c2)C1,O=CO,CN(C)C1Cc2ccccc2C(c2ccc(Cl)c(Cl)c2)C1,not_reduction
COc1cc2nccc(Cl)c2cc1OC.Cc1ccc(O)c(C=O)c1,CN(C)c1ccncc1.Clc1ccccc1Cl,COc1cc2nccc(Oc3ccc(C)cc3C=O)c2cc1OC,not_reduction
CCCCON=C(C(=O)OCC)c1csc(N)n1,C1CCOC1.CO.[Na+].[OH-],CCCCON=C(C(=O)O)c1csc(N)n1,not_reduction
CS(=O)(=O)c1sccc1S(=O)(=O)Cl.N,CCOC(C)=O,CS(=O)(=O)c1sccc1S(N)(=O)=O,not_reduction
COC(=O)c1ccc2c(c1)C(CNC(=O)OC(C)(C)C)CCC2,CC(C)(C)OC(=O)NCC1(C(=O)O)C=CC2=C(CCCC2)C1.CCO.O.[Na+].[OH-],CC(C)(C)OC(=O)NCC1CCCc2ccc(C(=O)O)cc21,not_reduction
COc1ccc(C2=NN(C3CCNCC3)C(=O)C2(C)C)cc1OC.COc1ncccc1C(=O)O,,COc1ccc(C2=NN(C3CCN(C(=O)c4cccnc4OC)CC3)C(=O)C2(C)C)cc1OC,not_reduction
CCN1CC2CCCC2C1CN.COc1cc(NC(C)=O)c(Cl)cc1C(=O)O,C1CCOC1.CCN(CC)CC.CCOC(=O)Cl,CCN1CC2CCCC2C1CNC(=O)c1cc(Cl)c(NC(C)=O)cc1OC,not_reduction
CCNCc1ccc(CC(NC(=O)CC(NS(=O)(=O)c2ccc3ccccc3c2)c2ccccc2)C(=O)N2CCCC2)cc1.CNC,CC(=O)O.CC(=O)O[BH-](OC(C)=O)OC(C)=O.Cl.Cl.ClCCl.[Na+],CN(C)Cc1ccc(CC(NC(=O)CC(NS(=O)(=O)c2ccc3ccccc3c2)c2ccccc2)C(=O)N2CCCC2)cc1,reduction
COc1cc(N)cc(OC)c1OC.Cc1ccc(C(=O)c2ccccc2Nc2nc(S(C)(=O)=O)ncc2C#N)cc1,CCO.CCOCC.Cl,COc1cc(Nc2ncc(C#N)c(Nc3ccccc3C(=O)c3ccc(C)cc3)n2)cc(OC)c1OC,not_reduction
CNc1cccc(F)c1.O=Cc1cccc(C(=O)O)c1,C1CCOC1.CCN(CC)CC.CN(C)C=O.Cc1ccccc1.Cl.O=S(Cl)Cl,CN(C(=O)c1cccc(C=O)c1)c1cccc(F)c1,not_reduction
Cc1ccc2c(c1)c(-c1ccc(F)cc1)c(C)n2C1=CCN(CCN2CCNC2=O)CC1,CCO.O=C[O-].[NH4+],Cc1ccc2c(c1)c(-c1ccc(F)cc1)c(C)n2C1CCN(CCN2CCNC2=O)CC1,not_reduction
C=Cc1ccc(CC)cn1.O=C1CCC(=O)N1Br.O=Cc1ccc(O)cc1,CC(C)(C)O.Cc1ccccc1.O.[Na+].[OH-],CCc1ccc(C(O)COc2ccc(C=O)cc2)nc1,not_reduction
O=C([O-])[O-].Oc1cccc2c1CCCC2,CC(C)=O.O.O=C=O.[K+].[K+],O=C(O)c1ccc2c(c1O)CCCC2,not_reduction
Cc1cc2nc(N3CCS(=O)c4ccccc4C3)[nH]c(=O)c2s1.NCC1(N)COC1,C1=CCCCC(N2CCCCCC=NCCC2)CCCCC1.CN(C)C=O.CN(C)[P+](On1nnc2ccccc21)(N(C)C)N(C)C.F[P-](F)(F)(F)(F)F.O,Cc1cc2nc(N3CCS(=O)c4ccccc4C3)nc(NCC3(N)COC3)c2s1,not_reduction
CCOC(=O)C(C)C(=O)N1CCCC1C(=O)O,CO.[Na+].[OH-],CC(C(=O)O)C(=O)N1CCCC1C(=O)O,not_reduction
CC(C)(C)OC(=O)N1CC(C(=O)O)C(C(=O)O)C1.Nc1ccc(Cl)cc1,CC#N.CCN(C(C)C)C(C)C.On1nnc2ccccc21.On1nnc2ccccc21,CC(C)(C)OC(=O)N1CC(C(=O)O)C(C(=O)Nc2ccc(Cl)cc2)C1,not_reduction
O=Cc1cn(CO)c2ccccc12.O=S(Cl)Cl,ClCCl,O=Cc1cn(CCl)c2ccccc12,not_reduction
NCc1ccccn1.O=C(O)c1ccncc1Nc1ccc(I)cc1F,,O=C(NCc1ccccn1)c1ccncc1Nc1ccc(I)cc1F,not_reduction
Fc1ccc(CBr)cc1.Oc1cc(-c2ccccc2)nc(-c2ccncc2)n1,,Fc1ccc(COc2cc(-c3ccccc3)nc(-c3ccncc3)n2)cc1,not_reduction
COc1ccc(-n2nc(CCC=NO)cc2-c2ccc(Cl)cc2)cc1,CO.Cl.[BH3-]C#N.[CH3].[Na+],COc1ccc(-n2nc(CCCNO)cc2-c2ccc(Cl)cc2)cc1,reduction
CCc1cccc(N=C=O)c1.NC(=O)c1[nH]c2cnccc2c1-c1ccc(N)cc1,,CCc1cccc(NC(=O)Nc2ccc(-c3c(C(N)=O)[nH]c4cnccc34)cc2)c1,not_reduction
CC(C)(Oc1ccccc1)C(=O)O.COc1ccc(CN2CCNCC2)cc1,[Cl-],COc1ccc(CN2CCN(C(=O)C(C)(C)Oc3ccccc3)CC2)cc1,not_reduction
C=Cc1ccc2c(c1)OCO2.NC(CS)C(=O)O,CCO.Cl.O.O.[Na+].[OH-],NC(CSCCc1ccc2c(c1)OCO2)C(=O)O,not_reduction
CC(C)(C)C(=O)Nc1ccc(Cl)cc1C(O)c1cccnc1,CCOC(C)=O.O.c1ccncc1,CC(C)(C)C(=O)Nc1ccc(Cl)cc1C(=O)c1cccnc1,not_reduction
O=[N+]([O-])c1ccc(Cl)nc1.Sc1cccc2cnccc12,CN(C)C=O.O=C([O-])[O-].[K+].[K+],O=[N+]([O-])c1ccc(Sc2cccc3cnccc23)nc1,not_reduction
CC(C)(C)OC(=O)CCC(NC(=O)OCc1ccccc1)C(=O)O.FC(F)(F)c1cccc(N2CCNCC2)c1,CCOC(C)=O.CN(C)C=O.CN1CCOCC1,CC(C)(C)OC(=O)CCC(NC(=O)OCc1ccccc1)C(=O)N1CCN(c2cccc(C(F)(F)F)c2)CC1,not_reduction
CC(C)(O)c1ccc(-c2cc(C(N)=O)c(N)s2)c(F)c1.NC(=O)C1COCCN1Cc1cccc(Br)n1,,CC(C)(O)c1ccc(-c2cc(C(N)=O)c(Nc3cccc(CN4CCOCC4C(N)=O)n3)s2)c(F)c1,not_reduction
C#CCCC(=O)OCC.Ic1ccccn1,CCN(CC)CC.Cl[Pd]Cl.I[Cu]I.c1ccc(P(c2ccccc2)c2ccccc2)cc1.c1ccc(P(c2ccccc2)c2ccccc2)cc1,CCOC(=O)CCC#Cc1ccccn1,not_reduction
C#CC(C)(C)O.Fc1ccc(Br)cc1,C1CCC(NC2CCCCC2)CC1.C1CCOC1.CC(=O)[O-].CC(=O)[O-].CC(C)(C)[PH+](C(C)(C)C)C(C)(C)C.Cc1ccccc1.[Cl-].[Na+].[Pd+2].c1ccc([B-](c2ccccc2)(c2ccccc2)c2ccccc2)cc1,C#CC(C)(O)Cc1ccc(F)cc1,not_reduction
N#Cc1ccc(OC(F)(F)F)cc1.[O-][Br+2]([O-])[O-],O.O=S(=O)(O)O.[K+],N#Cc1ccc(OC(F)(F)F)c(Br)c1,not_reduction
CCOC(=O)c1cccc2nc(N3CCC(NC(=O)c4nc(Cl)c(CC)[nH]4)C(OC)C3)sc12,CO.ClCCl.[Li+].[OH-],CCc1[nH]c(C(=O)NC2CCN(c3nc4cccc(C(=O)O)c4s3)CC2OC)nc1Cl,not_reduction
COC(=O)c1cnc(OCc2conc2-c2ccc(Cl)cc2)cn1,C1CCOC1.CO.Cl.O.O.[Li+].[OH-],O=C(O)c1cnc(OCc2conc2-c2ccc(Cl)cc2)cn1,not_reduction
Clc1ccc2nccn2n1.NCCCN1CCOCC1,CCOCC.Cl,Cl.c1cn2nc(NCCCN3CCOCC3)ccc2n1,not_reduction
CON(C)C(=O)c1nc2ccc(N3CCOCC3)cn2c(=O)c1OCc1ccccc1,C1CCOC1.[Al+3].[H-].[H-].[H-].[H-].[Li+],O=Cc1nc2ccc(N3CCOCC3)cn2c(=O)c1OCc1ccccc1,not_reduction
CC(=O)O.O=C(NC1CCNCC1)c1n[nH]cc1NC(=O)c1c(Cl)cccc1Cl,CO,CC(=O)O,not_reduction
CC(C)(C)CC(C)(C)c1cc(-n2nc3ccccc3n2)c(O)c(C(C)(C)c2ccc(S(=O)(=O)Cl)cc2)c1.CN(C)CCN,,CN(C)CCNS(=O)(=O)c1ccc(C(C)(C)c2cc(C(C)(C)CC(C)(C)C)cc(-n3nc4ccccc4n3)c2O)cc1,not_reduction
CCC1(CC)c2cc(C(N)=O)ccc2CC(OC)C1NC(=O)OC(C)c1ccccc1.Cl,C1COCCO1,CCC1(CC)c2cc(C(N)=O)ccc2CC(OC)C1N,not_reduction
CCOC1(c2ccc(C#C[Si](C)(C)C)cc2C(C)(C)C)CC1,CO.O=C([O-])[O-].[K+].[K+],C#Cc1ccc(C2(OCC)CC2)c(C(C)(C)C)c1,not_reduction
CNC.Cc1ccc(S(=O)(=O)OCc2noc(C(CCCC3CCCCC3)CC(=O)OC(C)(C)C)n2)cc1,,CN(C)Cc1noc(C(CCCC2CCCCC2)CC(=O)OC(C)(C)C)n1,not_reduction
C1COCCN1.Nc1cc(Oc2ccc([N+](=O)[O-])cc2F)ccn1.O=C(Cl)Oc1ccccc1,C1CCOC1.CCN(CC)CC.CCOCC.CN(C)C=O,O=C(Nc1cc(Oc2ccc([N+](=O)[O-])cc2F)ccn1)N1CCOCC1,not_reduction
C=C(c1ccccc1)c1ccc2nc(C(=O)OCC)sc2n1.[Na+],C1CCOC1.[OH-],C=C(c1ccccc1)c1ccc2nc(C(=O)[O-])sc2n1,not_reduction
COc1ccc([N+](=O)[O-])c(NCC(OC)OC)n1,CO,COc1ccc(N)c(NCC(OC)OC)n1,not_reduction
CCOC(=O)C(C(=O)OCC)C(=O)C(C)(CC)c1cccc(Cl)c1,O.O=P12OP3(=O)OP(=O)(O1)OP(=O)(O2)O3.O=S(=O)(O)O,CCOC(=O)C1=C(O)c2ccc(Cl)cc2C(C)(CC)C1=O,not_reduction
N#Cc1cc(C(O)CNC2CCC2)cc(Br)c1N,Br,N#Cc1cc(C(O)CNC2CCC2)ccc1N,not_reduction
CN1CCC2(CC1)CC(=O)c1ccccc12.CON,Cl,CON=C1CC2(CCN(C)CC2)c2ccccc21,not_reduction
CCOC(=O)C(F)(F)F.O=C(O)c1cc(Br)cc2c1OC(c1ccccc1)(c1ccccc1)O2,,O=C(O)c1cc(C(=O)C(F)(F)F)cc2c1OC(c1ccccc1)(c1ccccc1)O2,not_reduction
COc1cc(OCCO[Si](C)(C)C(C)(C)C)ccc1[N+](=O)[O-],CCOC(C)=O,COc1cc(OCCO[Si](C)(C)C(C)(C)C)ccc1N,not_reduction
FC(F)(F)I.Fc1ccc(-c2cnc(S)nc2-c2ccc(F)cc2)cc1,C1CCOC1.N,Fc1ccc(-c2cnc(SC(F)(F)F)nc2-c2ccc(F)cc2)cc1,not_reduction
CC1CNCC(C)N1.O=Cc1ccc(-c2cccnc2N2CCC(Nc3ccc(F)cc3)CC2)o1,CC(=O)O[BH-](OC(C)=O)OC(C)=O.ClCCCl.[Na+],CC1CN(Cc2ccc(-c3cccnc3N3CCC(Nc4ccc(F)cc4)CC3)o2)CC(C)N1,reduction
COC(=O)C(C)(C)Sc1cc(Cl)ccc1OC,Br,CC1(C)Sc2cc(Cl)ccc2OC1=O,not_reduction
C#CCOc1ccc(CCNC(=O)C(O)c2ccc(Cl)cc2)cc1OC.CI,CN(C)C=O.[H-].[Na+],C#CCOc1ccc(CCNC(=O)C(OC)c2ccc(Cl)cc2)cc1OC,not_reduction
ClCc1ccccc1.Cl[SiH2]Cl,CCCCP(CCCC)CCCC,Cl[SiH](Cl)Cc1ccccc1,not_reduction
CCCCCC(O)C(C)c1cccc2c(=O)[nH]c(-c3ccccc3OCCC)nc12.CS(=O)(=O)Cl,CCN(CC)CC.ClCCl,CCCCCC(OS(C)(=O)=O)C(C)c1cccc2c(=O)[nH]c(-c3ccccc3OCCC)nc12,not_reduction
O=[N+]([O-])c1cc(Br)ccc1C(F)(F)F,C1CCOC1.CCO.O.[Cl-].[NH4+],Nc1cc(Br)ccc1C(F)(F)F,not_reduction
CC(=O)n1ccnc1.CCOC(=O)c1ccc(OCCBr)cc1.[I-],CC#N.[Na+],CCOC(=O)c1ccc(OCCn2cc[n+](C(C)=O)c2)cc1,not_reduction
OCc1cccc(C2=CCSC2)c1,C.CCO.[Pd],OCc1cccc(C2CCSC2)c1,not_reduction
CCOC(=O)C1=Cc2cc(-c3ccc(F)cc3)ccc2NC1C(F)(F)F,C1CCOC1.CCOCC.CO.Cl.O.[Li+].[OH-],O=C(O)C1=Cc2cc(-c3ccc(F)cc3)ccc2NC1C(F)(F)F,not_reduction
C[Si](C)(C)C#N.Cc1ccc(N)cc1.O=C1CCCCC1,CC(=O)O.[NH4+].[OH-],Cc1ccc(NC2(C#N)CCCCC2)cc1,not_reduction
COCCCCn1c(C(=O)N(CC(C)C)C2CC(C(=O)OC)CN(C(=O)OC(C)(C)C)C2)nc2ccccc21,C1CCOC1.CCOC(C)=O.O.[BH4-].[Ca+2].[Cl-].[Cl-].[Na+],COCCCCn1c(C(=O)N(CC(C)C)C2CC(CO)CN(C(=O)OC(C)(C)C)C2)nc2ccccc21,reduction
C1CNCCN1.FC(F)(F)Sc1cnc2cnc(Cl)cn12,CC#N,FC(F)(F)Sc1cnc2cnc(N3CCNCC3)cn12,not_reduction
Br[Mg]c1ccccc1.Clc1ccc2ccccc2n1,C1CCOC1,c1ccc(-c2ccc3ccccc3n2)cc1,not_reduction
CC(=O)Cl.O=C(NC1CCNCC1)c1c[nH]c2c(-c3c(OCC4CC4)ccc4c3OCO4)ncnc12,Cl,CC(=O)N1CCC(NC(=O)c2c[nH]c3c(-c4c(OCC5CC5)ccc5c4OCO5)ncnc23)CC1,not_reduction
CC(C)(C)[Si](C)(C)OCCc1ccc(-c2cnc(N)c(C(=O)Nc3cccnc3)n2)cc1,C1CCOC1.CCCC[N+](CCCC)(CCCC)CCCC.[F-],Nc1ncc(-c2ccc(CCO)cc2)nc1C(=O)Nc1cccnc1,not_reduction
COCn1c(-c2ccccc2)c(C)c(=O)[nH]c1=S,Cl,Cc1c(-c2ccccc2)[nH]c(=S)[nH]c1=O,not_reduction
CCOC(=O)c1cnn2c3ccc(N)cc3c(=O)n(C)c12.S=C=Nc1ccccc1,O.c1ccncc1,CCOC(=O)c1cnn2c3ccc(NC(=S)Nc4ccccc4)cc3c(=O)n(C)c12,not_reduction
COC(=O)c1cc2ccc(-c3ccc(OCc4c(-c5c(Cl)cncc5Cl)noc4C4CCC4)cc3)cc2cn1,C1CCOC1.CO.Cl.[Na+].[OH-],O=C(O)c1cc2ccc(-c3ccc(OCc4c(-c5c(Cl)cncc5Cl)noc4C4CCC4)cc3)cc2cn1,not_reduction
CCCc1cc(C(C)(C)CN(Cc2ccc(OC(F)(F)F)cc2)c2ncc(CC)cn2)ccc1OCc1nn[nH]n1.CCCc1cc(CCN(Cc2ccc(C(F)(F)F)cc2)c2ccc(C)cn2)ccc1O,,CCCc1cc(CCN(Cc2ccc(C(F)(F)F)cc2)c2ccc(C)cn2)ccc1OCc1nn[nH]n1,not_reduction
CCCCC(Cc1ccc(OCCN)cc1)C(=O)OCC.O=CCCc1ccccc1,CC(=O)O.CCO.[BH3-]C#N.[Na+],CCCCC(Cc1ccc(OCCNCCCc2ccccc2)cc1)C(=O)OCC,reduction
Fc1cccc(CBr)c1F.Oc1cc(O)nc(S)n1,CC#N.CC(=O)[O-].O.[Na+],Oc1cc(O)nc(SCc2cccc(F)c2F)n1,not_reduction
COc1cc([N+](=O)[O-])ccc1N=C=S.ClCC[NH2+]CC1CCCCCC1,[Cl-],COc1cc([N+](=O)[O-])ccc1N=C1SCCN1CC1CCCCCC1,not_reduction
CCN(CC)C(=O)CBr.O=C(O)CCS,CO.C[O-].[Na+],CCN(CC)C(=O)CSCCC(=O)O,not_reduction
CC(O)=S.CCCCCCCCCCCC(=O)OCC1OC(OC(=O)CCCCCCCCCCC)C(OC(=O)CCCCCCCCCCC)C(OC(=O)CCCCCCCCCCC)C1OC(=O)CCCCCCCCCCC,C[Si](C)(C)OS(=O)(=O)C(F)(F)F.ClCCl,CCCCCCCCCCCC(=O)OCC1OC(SC(C)=O)C(OC(=O)CCCCCCCCCCC)C(OC(=O)CCCCCCCCCCC)C1OC(=O)CCCCCCCCCCC,not_reduction
O=P(Br)(Br)Br.O=c1[nH]cccc1-c1cccnc1,[Na+].[OH-],Brc1ncccc1-c1cccnc1,not_reduction
COc1ccc(Cl)cc1C1(F)C(=O)N(COC(=O)CC2OC(C)(C)OC2=O)c2cc(C(F)(F)F)ccc21,C1CCOC1.CC(=O)O.O.O=C(O)C=CC(=O)O.O=C([O-])O.O=C1COCO1.[Na+],COc1ccc(Cl)cc1C1(F)C(=O)N(COC(=O)CC(O)C(=O)O)c2cc(C(F)(F)F)ccc21,not_reduction
O=C1CCCN1CCO.O=C1c2ccccc2C(=O)N1O,C1CCOC1.CC(C)OC(=O)N=NC(=O)OC(C)C.c1ccc(P(c2ccccc2)c2ccccc2)cc1,O=C1CCCN1CCON1C(=O)c2ccccc2C1=O,not_reduction
CCCN(CCC)CCCCN(CC(=O)O)Cc1ccc(CN(Cc2ncc[nH]2)Cc2nccn2C)cc1.COCCO,,CCCN(CCC)CCCCN(CC(=O)OCCOC)Cc1ccc(CN(Cc2ncc[nH]2)Cc2nccn2C)cc1,not_reduction
CC(C)C(=O)Cl.Cc1ccc(N)cc1Br,,Cc1ccc(NC(=O)C(C)C)cc1Br,not_reduction
CC1CN(c2ccc3c(c2)NCC3)CC(C)N1C.O=C(O)Cc1cccc(C(F)(F)F)c1Cl,CCN=C=NCCCN(C)C.Cl.ClCCl.O.On1nnc2ccccc21,CC1CN(c2ccc3c(c2)N(C(=O)Cc2cccc(C(F)(F)F)c2Cl)CC3)CC(C)N1C,not_reduction
CSCCC(=O)O.NC1(c2ccccc2Cl)CCC=CC1=O,CCN=C=NCCCN(C)C.CN(C)C=O.Cl.Oc1cccc2[nH]nnc12,CSCCC(=O)NC1(c2ccccc2Cl)CCC=CC1=O,not_reduction
NCC(=O)CCC(=O)O.O=P(O)(O)O,CCO.Cl.O,O=P(O)(O)O,not_reduction
CC(C)(C)OC(=O)N1CCC(c2nsc(Nc3ncc(Oc4ccc(Br)cc4)cc3Sc3ccccc3Cl)n2)CC1.CN(C)C=O,C1CCOC1.[Cl-].[Li]C.[Li]CCCC.[NH4+],CC(C)(C)OC(=O)N1CCC(c2nsc(Nc3ncc(Oc4ccc(C=O)cc4)cc3Sc3ccccc3Cl)n2)CC1,not_reduction
COC(=O)c1ccc(C(=O)[O-])cc1.Nc1cc2c3c(c1)CCCC3CCC2,Cl.[Cl-].c1ccccc1.c1ccncc1,COC(=O)c1ccc(C(=O)Nc2cc3c4c(c2)CCCC4CCC3)cc1,not_reduction
CCOC(=O)c1cncc(Br)c1.OB(O)c1ccc(C(F)(F)F)cc1,CN(C)C=O.COCCOC.O.O=C([O-])[O-].[Na+].[Na+].c1ccc(P(c2ccccc2)(c2ccccc2)[Pd](P(c2ccccc2)(c2ccccc2)c2ccccc2)(P(c2ccccc2)(c2ccccc2)c2ccccc2)P(c2ccccc2)(c2ccccc2)c2ccccc2)cc1,CCOC(=O)c1cncc(-c2ccc(C(F)(F)F)cc2)c1,not_reduction
CCOC(=O)c1nc(-c2ccc3c(c2)N(C(C)=O)CCO3)sc1Cl.CNCCOc1ccccc1,CN(C)C=O,CCOC(=O)c1nc(-c2ccc3c(c2)N(C(C)=O)CCO3)sc1N(C)CCOc1ccccc1,not_reduction
CCOC(=O)N1CCC(n2c(=O)n(C)c3cc(Cl)ccc32)CC1,CC(C)O.O.[K+].[OH-],Cn1c(=O)n(C2CCNCC2)c2ccc(Cl)cc21,not_reduction
CC(C)[Mg+].CCOC(=O)C(=Cc1ccc(NC(=O)OC(C)(C)C)nc1)C(=O)OCC,C1CCOC1.N.N#C[Cu]C#N.[Br-].[Cl-].[NH4+],CCOC(=O)C(C(=O)OCC)C(c1ccc(NC(=O)OC(C)(C)C)nc1)C(C)C,not_reduction
CCOC(=O)c1cc2cccc(N3CCN(CCc4ccc5c(c4)CCN5C(C)=O)CC3)c2o1.[Li+],C1CCOC1.O.O.[OH-],CC(=O)N1CCc2cc(CCN3CCN(c4cccc5cc(C(=O)[O-])oc45)CC3)ccc21,not_reduction
COc1nccnc1C=O.c1cc(CCC2CCNCC2)c2occc2c1,C1CCOC1.CC(=O)O[BH-](OC(C)=O)OC(C)=O.CCOC(C)=O.Cl.O=C([O-])[O-].[Na+].[Na+].[Na+],COc1nccnc1CN1CCC(CCc2cccc3ccoc23)CC1,reduction
COc1c(Br)ccc2[nH]ncc12.C[Si](C)(C)CCOCCl,C1CCOC1.[H-].[Na+],COc1c(Br)ccc2c1cnn2COCC[Si](C)(C)C,not_reduction
CCCN(CCl)C(=O)C(Cl)Cl.CCOCCO,CCOC(C)O.O.[Na],CCCN(COCCOCC)C(=O)C(Cl)Cl,not_reduction
CC(Br)CC1OCCO1.Fc1cnc(Cl)nc1,C1CCOC1.[Zn],CC(CC1OCCO1)c1ncc(F)cn1,not_reduction
COc1c2c(cn(C)c1=O)CCN(Cc1ccc(F)c(Cl)c1)C2=O,Br.CC(=O)O,Cn1cc2c(c(O)c1=O)C(=O)N(Cc1ccc(F)c(Cl)c1)CC2,not_reduction
CCOC(=O)C(C(=O)OCC)C(C)c1ccc(NC(=O)OC(C)(C)C)nc1,CCO.ClCCl.[K+].[OH-],CCOC(=O)C(C(=O)O)C(C)c1ccc(NC(=O)OC(C)(C)C)nc1,not_reduction
COc1ccccc1-c1cc(OCCNC(=O)OC(C)(C)C)no1.Cl,C1COCCO1,COc1ccccc1-c1cc(OCCN)no1,not_reduction
C=CCC1(O)OC(COCc2ccccc2)C(OCc2ccccc2)CC1OCc1ccccc1,C1CN2CCN1CC2.CC(C)=O.CCO.Cl[Hg]Cl.O.O.O=[Hg].c1ccccc1,OC1OC(COCc2ccccc2)C(OCc2ccccc2)CC1OCc1ccccc1,not_reduction
CC1=C(C(=O)O)C(c2cccc(Cl)c2)N(C(N)=O)C(=O)N1.NCCC(c1ccccc1)c1ccccc1,CN(C)C=O,CC1=C(C(=O)NCCC(c2ccccc2)c2ccccc2)C(c2cccc(Cl)c2)N(C(N)=O)C(=O)N1,not_reduction
COc1cc(O)c(C=O)cc1Br.Cc1cc2c(cc1B(O)O)C(C)(C)CCC2(C)C,COCCOC.O.O=C([O-])[O-].[K+].[K+].c1ccc(P(c2ccccc2)(c2ccccc2)[Pd](P(c2ccccc2)(c2ccccc2)c2ccccc2)(P(c2ccccc2)(c2ccccc2)c2ccccc2)P(c2ccccc2)(c2ccccc2)c2ccccc2)cc1,COc1cc(O)c(C=O)cc1-c1cc2c(cc1C)C(C)(C)CCC2(C)C,not_reduction
N#Cc1ccc(Br)cc1.c1ccc(Nc2ccccc2)cc1,CC(C)(C)P(C(C)(C)C)C(C)(C)C.Cc1ccccc1,N#Cc1ccc(N(c2ccccc2)c2ccccc2)cc1,not_reduction
COc1ncnc2sc(NC(=O)N3CCC(N)CC3)nc12.O=C(Cl)c1ccc(F)c(C(F)(F)F)c1,CCN(CC)CC.ClCCl.O.O=C(O)C(F)(F)F,COc1ncnc2sc(NC(=O)N3CCC(NC(=O)c4ccc(F)c(C(F)(F)F)c4)CC3)nc12,not_reduction
NCc1cc(Br)c2[nH]c(C(F)(F)F)cc2c1.O=C(Cl)c1ccc(C(F)(F)F)nc1,CCN(CC)CC.ClCCl,O=C(NCc1cc(Br)c2[nH]c(C(F)(F)F)cc2c1)c1ccc(C(F)(F)F)nc1,not_reduction
CC(C)(C)c1ccc(N)cc1.CN(C)S(=O)(=O)c1cccnc1-c1ccc(C(=O)O)cc1,CN(C)C=O.CN(C)c1ccncc1.Cc1ccccc1.ClCCl.O.c1ccncc1,CN(C)S(=O)(=O)c1cccnc1-c1ccc(C(=O)Nc2ccc(C(C)(C)C)cc2)cc1,not_reduction
COCCC1CNCCN1.FC(F)(F)c1nc2c(s1)Nc1ccccc1NC2=S,COS(=O)(=O)C(F)(F)F,COCCC1CN(C2=Nc3ccccc3Nc3sc(C(F)(F)F)nc32)CCN1,not_reduction
CC(=O)Cl.NC(=O)C1Cc2cc(Cl)ccc2N1,CCN(CC)CC.ClC(Cl)Cl,CC(=O)N1c2ccc(Cl)cc2CC1C(N)=O,not_reduction
CC(C)(C)OC(=O)Nc1ccc(-c2cc(F)ccc2F)cc1N.CCOC(=O)CC(=O)c1cccc(-n2ccnn2)c1,,CC(C)(C)OC(=O)Nc1ccc(-c2cc(F)ccc2F)cc1NC(=O)CC(=O)c1cccc(-n2ccnn2)c1,not_reduction
CC(=O)c1csc(NC(=O)C(NC(=O)OC(C)(C)C)C(C)c2ccccc2)n1,ClCCl.O=C(O)C(F)(F)F,CC(=O)c1csc(NC(=O)C(N)C(C)c2ccccc2)n1,not_reduction
N#CCc1ccsc1.O=C1CCCCC1,,N#CC(=C1CCCCC1)c1ccsc1,not_reduction
CC(=O)OC(C)=O.NCC1CN(Cc2ccccc2)CCO1,Cc1ccccc1.O=C([O-])O.[Na+].[Na+].[OH-].c1ccncc1,CC(=O)NCC1CN(Cc2ccccc2)CCO1,not_reduction
BrCc1cccc(I)c1.CNC1=NC(=O)N(c2cccc(F)c2)C12CCNC(C)C2,CS(C)=O.O.O=C([O-])[O-].[K+].[K+],CNC1=NC(=O)N(c2cccc(F)c2)C12CCN(Cc1cccc(I)c1)C(C)C2,not_reduction
CNCC1CC1.ClCc1nnc2n1-c1ccc(Cl)cc1C(c1ccccc1)=NC2,C1CCOC1.[I-].[K+],CN(Cc1nnc2n1-c1ccc(Cl)cc1C(c1ccccc1)=NC2)CC1CC1,not_reduction
C[n+]1ccccc1SCC(=O)c1ccc(NS(=O)(=O)c2ccc(OC(F)(F)F)cc2)cc1,O.[Br-].[Na+].[OH-],O=C(CS)c1ccc(NS(=O)(=O)c2ccc(OC(F)(F)F)cc2)cc1,not_reduction
COc1cc(N)c(Cl)cc1C(=O)NCC1CCNCC1.Cc1ccc(C(=O)CCCCCBr)cc1C,Cl.Cl.O=C([O-])[O-].[K+].[K+],COc1cc(N)c(Cl)cc1C(=O)NCC1CCN(CCCCCC(=O)c2ccc(C)c(C)c2)CC1,not_reduction
CN(C)CCNc1nc2cc(C#N)ccc2c2sc(Br)cc12.c1ccccc1,C1COCCO1.O.O=C([O-])[O-].OBO.[Cs+].[Cs+],CN(C)CCNc1nc2cc(C#N)ccc2c2sc(-c3ccccc3)cc12,not_reduction
CN1C2CCC1CN(C(=O)c1ccc(-c3ccc([N+](=O)[O-])cc3)o1)C2,C1CCOC1.CCO,CN1C2CCC1CN(C(=O)c1ccc(-c3ccc(N)cc3)o1)C2,not_reduction
COc1ccc(CC(C)N)cc1.Cc1nnc(-c2ccc(C)c(-c3ccc(C(=O)O)cc3)c2)o1,CCN=C=NCCCN(C)C.CN(C)C=O.Cl.On1nnc2ccccc21,COc1ccc(CC(C)NC(=O)c2ccc(-c3cc(-c4nnc(C)o4)ccc3C)cc2)cc1,not_reduction
COC(=O)c1cccc(CBr)c1.NCc1ccc(Cl)cc1Cl,CCN(C(C)C)C(C)C.ClCCl,COC(=O)c1cccc(CNCc2ccc(Cl)cc2Cl)c1,not_reduction
FS(F)(F)(F)(F)c1ccc(Br)cc1.O=C=O,CCCCCC.Cl.[Li]CCCC,O=C(O)c1ccc(S(F)(F)(F)(F)F)cc1,not_reduction
CCOC(=O)C1=CNCC(C)(C)c2c1[nH]c1cc(-c3cccc(OC)c3)ccc21,CCOC(=O)C1=CNCC(C)(C)c2c1[nH]c1cc(-c3ccoc3)ccc21,CCOC(=O)C1=CNCCc2c1[nH]c1cc(-c3cccc(OC)c3)ccc21,not_reduction
CC1(C23CC4CC2CC(COCc2ccccc2)(C4)C3)OCCO1,CC(C)=O.Cc1ccc(S(=O)(=O)O)cc1,CC(=O)C12CC3CC1CC(COCc1ccccc1)(C3)C2,not_reduction
COC(=O)C(C)(C)C(=O)Cc1ccccc1.NCc1ccccc1,CC(=O)O.Cc1ccccc1.O.O=[Pt]=O.[H][H],COC(=O)C(C)(C)C(Cc1ccccc1)NCc1ccccc1,reduction
NC(=O)C(Cl)=C(Cl)Cl.O=C(Cl)C(=O)Cl,CC(Cl)Cl,O=C=NC(=O)C(Cl)=C(Cl)Cl,not_reduction
CCCC(=O)Cl.Nc1ccc(N2CCC(=O)CC2)cc1,CCN(CC)CC.Cl,CCCC(=O)Nc1ccc(N2CCC(=O)CC2)cc1,not_reduction
CCOC(=O)C=Cc1ccc(NC2CCNCC2)nc1.O=C(O)c1ccc(-n2cccc2)cc1,CCN(CC)CC.CCN=C=NCCCN(C)C.CCOC(C)=O.CN(C)C=O.Cl.Cl.Cl.O.On1nnc2ccccc21,CCOC(=O)C=Cc1ccc(NC2CCN(C(=O)c3ccc(-n4cccc4)cc3)CC2)nc1,not_reduction
CC(=O)CC1CC1.N.N#C[K],CCO.O.[Cl-].[NH4+],CC(N)(C#N)CC1CC1,not_reduction
C1CN1.Cc1nc2c3c(c(C(=O)O)cc2n1C)CCC(c1ccccc1)O3,C1CCOC1.O,Cc1nc2c3c(c(C(=O)N4CC4)cc2n1C)CCC(c1ccccc1)O3,not_reduction
Nc1cccc2ccc(O)cc12.O=C(NN1CCOCC1)c1ccc2c(c1)nc(-c1ccc3nc(-c4ccccc4)cnc3c1)n2C1CCCCC1,,O=C(Nc1cccc2ccc(O)cc12)c1ccc2c(c1)nc(-c1ccc3nc(-c4ccccc4)cnc3c1)n2C1CCCCC1,not_reduction
CCOC(=O)Cc1c(C#N)ccc(NCC(F)(F)c2ccc(C)cn2)c1F,C1CCOC1.CO.Cl.O.[Li+].[OH-],Cc1ccc(C(F)(F)CNc2ccc(C#N)c(CC(=O)O)c2F)nc1,not_reduction
C=CCn1cc(C(=O)c2ccc3c(cnn3-c3ccc(F)cc3)c2)c2ccccc21.[Li]C(C)C,C1CCOC1.O,C=CCn1cc(C(O)(c2ccc3c(cnn3-c3ccc(F)cc3)c2)C(C)C)c2ccccc21,not_reduction
COc1nc(N=C=S)nc(OC)n1.NS(=O)(=O)c1ccccn1,CC(C)=O.Cl.O.O=C([O-])[O-].[K+].[K+],COc1nc(NC(=S)NS(=O)(=O)c2ccccn2)nc(OC)n1,not_reduction
CCOC(=O)Cc1ccc(OC)c(Oc2ccc(N)cc2CN(CC)C(=O)C2CC2)c1.O=C(Cl)c1ccc(Cl)cc1,,CCOC(=O)Cc1ccc(OC)c(Oc2ccc(NC(=O)c3ccc(Cl)cc3)cc2CN(CC)C(=O)C2CC2)c1,not_reduction
COC(=O)c1cc(Br)cc(I)c1.O=C1Nc2ccccc2C12CC2c1ccc(Cl)cc1,CC#N.CNCCNC.O=C([O-])[O-].[Cu]I.[K+].[K+],COC(=O)c1cc(Br)cc(N2C(=O)C3(CC3c3ccc(Cl)cc3)c3ccccc32)c1,not_reduction
CCOc1ccc(N)cn1.O=c1[nH]c(Br)nc2nc[nH]c12,COCCO.O,CCOc1ccc(Nc2nc3nc[nH]c3c(=O)[nH]2)cn1,not_reduction
C=CC(=O)OCC.COc1c(I)c(=O)c2ccc(Cl)cc2[nH]c1=O,CCN(CC)CC.Cc1ccccc1.O=C(C=Cc1ccccc1)C=Cc1ccccc1.O=C(C=Cc1ccccc1)C=Cc1ccccc1.O=C(C=Cc1ccccc1)C=Cc1ccccc1.[Pd].[Pd].c1ccc(P(c2ccccc2)c2ccccc2)cc1,CCOC(=O)C=Cc1c(OC)c(=O)[nH]c2cc(Cl)ccc2c1=O,not_reduction
COC(=O)C(N)CN1C(=O)NC2(CCN(C(=O)OC(C)(C)C)CC2)C1=O.O=C(OCc1ccccc1)ON1C(=O)CCC1=O,CCN(C(C)C)C(C)C.CN(C)C=O,COC(=O)C(CN1C(=O)NC2(CCN(C(=O)OC(C)(C)C)CC2)C1=O)NC(=O)OCc1ccccc1,not_reduction
Nc1ccc(C(=O)N2Cc3cccn3Cc3ccccc32)cc1.O=C(Cl)CCl,CCN(CC)CC.CN(C)c1ccccn1.ClCCl,O=C(CCl)Nc1ccc(C(=O)N2Cc3cccn3Cc3ccccc32)cc1,not_reduction
Br.CCOC(=O)N1CCC(C(=O)c2cccs2)CC1,O,O=C(c1cccs1)C1CCNCC1,not_reduction
CCOP(=O)(CCCBr)OCC.Cn1c(=O)c2[nH]cnc2n(C)c1=O,,CCOP(=O)(CCCn1cnc2c1c(=O)n(C)c(=O)n2C)OCC,not_reduction
CC(C)=O.CCCCc1ccc(O)c(O)c1,Cc1ccc(S(=O)(=O)O)cc1.O.c1ccccc1,CCCCc1ccc2c(c1)OC(C)(C)O2,not_reduction
CC(C)c1nc(-c2cccc(NS(=O)(=O)c3cccc(F)c3)c2)c(-c2ccnc(Cl)n2)s1.NCC(N)=O,CCCCO.Cl.O=C([O-])[O-].[K+].[K+],CC(C)c1nc(-c2cccc(NS(=O)(=O)c3cccc(F)c3)c2)c(-c2ccnc(NCC(N)=O)n2)s1,not_reduction
COC(=O)C(N)Cc1ccc([N+](=O)[O-])cc1.Cc1cc(C)cc(C(=O)Cl)c1,CCN(CC)CC.Cl.ClCCl,COC(=O)C(Cc1ccc([N+](=O)[O-])cc1)NC(=O)c1cc(C)cc(C)c1,not_reduction
BrCC=CCOc1ccc2c(-c3ccc(Br)cc3)coc2c1.C=CCNC,BrCC=CCBr.Oc1ccc2c(-c3ccc(Br)cc3)coc2c1,C=CCN(C)CC=CCOc1ccc2c(-c3ccc(Br)cc3)coc2c1,not_reduction
C=CCC(C(=O)OCC)C(C)CC,C1CCOC1.CCOC(C)=O.O.[Al+3].[F-].[H-].[H-].[H-].[H-].[Li+].[Na+],C=CCC(CO)C(C)CC,not_reduction
CCCCCCCC(=O)c1ccc(CCOS(=O)(=O)c2ccc(C)cc2)cc1.[I-],CCC(C)=O.[Na+],CCCCCCCC(=O)c1ccc(CCI)cc1,not_reduction
CCOC(=O)C(Cc1ccc(C(F)F)cc1)C(=O)c1ccc(F)cc1,CCOCC.Cl.[BH4-].[BH4-].[Zn+2],CCOC(=O)C(Cc1ccc(C(F)F)cc1)C(O)c1ccc(F)cc1,reduction
CNC1C(O)CC2C3CCc4cc(O)ccc4C3CCC21C.CS(=O)(=O)O,,CNC1C(O)CC2C3CCc4cc(OS(C)(=O)=O)ccc4C3CCC21C,not_reduction
CC(O)C1(c2ccc(F)cc2F)CO1.Cc1nn(-c2ccc(OC(F)(F)F)cc2)c(=O)[nH]1,,Cc1nn(-c2ccc(OC(F)(F)F)cc2)c(=O)n1C(C)C1(c2ccc(F)cc2F)CO1,not_reduction
CC(=O)OCC(CCOCc1ccccc1)COC(C)=O,CCO.[H][H],CC(=O)OCC(CCO)COC(C)=O,reduction
O=C1CCc2c(Br)ccc(O)c21.O=[N+]([O-])O,CC(=O)O.CC(=O)OC(C)=O,O=C1CCc2c(Br)cc([N+](=O)[O-])c(O)c21,not_reduction
OCCC(CO)C1CCCCC1,CC(C)=O.CCO.COc1ccc(C=O)cc1.ClCCl.NCC(=O)O.O.[Na+].[OH-],O=C1OCCC1C1CCCCC1,not_reduction
CI.COC(=O)c1cc(CCCCNS(=O)(=O)c2ccccc2)c2ccc(C(C)C)ccc1-2,CN(C)C=O.[Na],COC(=O)c1cc(CCCCN(C)S(=O)(=O)c2ccccc2)c2ccc(C(C)C)ccc1-2,not_reduction
CC(C)(C)OC(=O)CC(=O)c1ccnc(C#N)c1.CC(C)(C)OC(=O)Nc1ccc(-c2ccc(F)cc2)cc1N,,CC(C)(C)OC(=O)Nc1ccc(-c2ccc(F)cc2)cc1NC(=O)CC(=O)c1ccnc(C#N)c1,not_reduction
CB1OBOBO1.COc1cccc(C)c1-n1nc(C(C)(C)C)c(Br)c1N,CN(C)C=O.O.O=C([O-])[O-].[K+].[K+],COc1cccc(C)c1-n1nc(C(C)(C)C)c(C)c1N,not_reduction
CCOC(=O)Cn1nc(-c2ccc(S(C)(=O)=O)cc2)c(-c2ccc(F)cc2)c1C(F)(F)F.Nc1ccccc1,C[Al](C)C.ClCCl,CS(=O)(=O)c1ccc(-c2nn(CC(=O)Nc3ccccc3)c(C(F)(F)F)c2-c2ccc(F)cc2)cc1,not_reduction
CC(=O)OC(C)=O.CC(C)NC1=NS(=O)(=O)c2cc(N)ccc2N1,C1COCCO1.O,CC(=O)Nc1ccc2c(c1)S(=O)(=O)N=C(NC(C)C)N2,not_reduction
C#Cc1ccc(C2N=C(c3ccc(C(C)(C)C)cc3OCC)N(C(=O)Cl)C2c2ccc(C#C)cc2)cc1.CS(=O)(=O)CCN1CCNCC1,Cl.Cl,C#Cc1ccc(C2N=C(c3ccc(C(C)(C)C)cc3OCC)N(C(=O)N3CCN(CCS(C)(=O)=O)CC3)C2c2ccc(C#C)cc2)cc1.Cl,not_reduction
CC(C)(C)OC(=O)Cc1ccccc1Br.COC(=O)c1ccccc1Br,CC(=O)[O-].CN(C)C=O.O=C([O-])[O-].[K+].[Na+].[Na+],COC(=O)c1ccccc1-c1ccccc1CC(=O)OC(C)(C)C,not_reduction
C=O.C[Si](C)(C)CNCc1ccccc1.N#C[K],C1CCOC1.Cl,C[Si](C)(C)CN(CC#N)Cc1ccccc1,not_reduction
CC1CN(Cc2ccc(F)cc2)C(C)CN1.Cc1ccc2c(c1)OC(=O)CC2,Cc1ccccc1,Cc1ccc(CCC(=O)N2CC(C)N(Cc3ccc(F)cc3)CC2C)c(O)c1,not_reduction
O=C(CCc1cccnc1)NCCCCC1CCNCC1.O=C=Nc1cccc2ccccc12,C1CCOC1,O=C(CCc1cccnc1)NCCCCC1CCN(C(=O)Nc2cccc3ccccc23)CC1,not_reduction
CC#CC1CN(S(=O)(=O)c2ccc(Cl)nc2)CCN1c1ncc(C(C)(O)C(F)(F)F)cn1.[NH4+],CCO.[OH-],CC#CC1CN(S(=O)(=O)c2ccc(N)nc2)CCN1c1ncc(C(C)(O)C(F)(F)F)cn1,not_reduction
C=CCn1c(S(C)(=O)=O)nc2c(c1=O)C1(CCCCC1)Cc1ccccc1-2.CCN,C1CCOC1.CCOCC.CN(C)C=O.O=C([O-])[O-].[K+].[K+],C=CCn1c(NCC)nc2c(c1=O)C1(CCCCC1)Cc1ccccc1-2,not_reduction
CCOC(=O)C1CCC(n2cc(I)c3c(Cl)ncnc32)CC1.N,CC(C)O,CCOC(=O)C1CCC(n2cc(I)c3c(N)ncnc32)CC1,not_reduction
CI.COCC1CN(CCN2CCN(C(=O)c3cc(C(F)(F)F)cc(C(F)(F)F)c3)C(Cc3ccc(C)c(NC(=O)C(F)(F)F)c3)C2)CCO1,C1CCOC1.[H-].[Na+],COCC1CN(CCN2CCN(C(=O)c3cc(C(F)(F)F)cc(C(F)(F)F)c3)C(Cc3ccc(C)c(N(C)C(=O)C(F)(F)F)c3)C2)CCO1,not_reduction
CC(Br)c1nc2c(cnn2C2CCOCC2)c(=O)[nH]1.CC(C)(C)OC(=O)N1CC(O)C1,ClCCl.O=C(O)C(F)(F)F.O=C([O-])[O-].[K+].[K+],CC(c1nc2c(cnn2C2CCOCC2)c(=O)[nH]1)N1CC(O)C1,not_reduction
Clc1cccc(-c2ccc3[nH]ccc3c2)c1.O=S(=O)(Cl)c1ccccc1,C1CCOC1.O.[H-].[Na+],O=S(=O)(c1ccccc1)n1ccc2cc(-c3cccc(Cl)c3)ccc21,not_reduction
Cc1ccc(Br)cn1.O=C1CCC(=O)N1Br,CC(C)(C#N)N=NC(C)(C)C#N.ClC(Cl)(Cl)Cl,BrCc1ccc(Br)cn1,not_reduction
COCCn1cc(C)sc1=N.O=C(O)C12CC3CC(O)(CC(F)(C3)C1)C2,Br,COCCn1cc(C)sc1=NC(=O)C12CC3CC(O)(CC(F)(C3)C1)C2,not_reduction
COc1cc(F)c(C(=O)O)cc1Cc1cccc(Cl)c1F.O=S(Cl)Cl,Cc1ccccc1,COc1cc(F)c(C(=O)Cl)cc1Cc1cccc(Cl)c1F,not_reduction
CC(=O)Cl.CC(C)c1nc(COCCO)n(C)c1Sc1cc(Cl)cc(Cl)c1,CCN(CC)CC.ClCCl.O=C([O-])O.[Na+],CC(=O)OCCOCc1nc(C(C)C)c(Sc2cc(Cl)cc(Cl)c2)n1C,not_reduction
Cc1c(Br)cccc1CO,C1CCOC1,Cc1c(Br)cccc1C=O,not_reduction
N#CCc1ccccc1Br.OB(O)C1CC1,C1CCC(P(C2CCCCC2)C2CCCCC2)CC1.CC(=O)[O-].CC(=O)[O-].Cc1ccccc1.O.O=P([O-])([O-])[O-].[K+].[K+].[K+].[Pd+2],N#CCc1ccccc1C1CC1,not_reduction
CCOc1cc(C(C)(C)C)ncc1C1=NC(C)(c2ccc(Cl)cc2)C(C)(c2ccc(Cl)cc2)N1C(=O)Cl.O=C(CNc1nccs1)N1CCNCC1,Cl.Cl,CCOc1cc(C(C)(C)C)ncc1C1=NC(C)(c2ccc(Cl)cc2)C(C)(c2ccc(Cl)cc2)N1C(=O)N1CCN(C(=O)CNc2nccs2)CC1,not_reduction
CC(C)=NO.COc1cc(OC)nc(Oc2cccnc2C(=O)O)n1,CN(C)C=O.CN(C)P(=O)(OCl)OCl.O.c1ccncc1,COc1cc(OC)nc(Oc2cccnc2C(=O)ON=C(C)C)n1,not_reduction
Brc1ccc2nc(NC3CCc4ccccc43)ccc2c1.c1c[nH]cn1,CC(=O)C1CCCCC1=O.CN1CCCC1=O.Cl[Cu].O.O=C([O-])[O-].[K+].[K+],c1ccc2c(c1)CCC2Nc1ccc2cc(-n3ccnc3)ccc2n1,not_reduction
CC(=CC(=O)[O-])c1ccc(-c2cccc(C)c2)cc1,CC(C)C[AlH]CC(C)C,CC(=CCO)c1ccc(-c2cccc(C)c2)cc1,not_reduction
CC(C)(C)OC(=O)N1CCNCC1.O=C(O)c1cccc(Cc2n[nH]c(=O)c3ccccc23)c1,CC(=O)N(C)C.CCN(C(C)C)C(C)C.CCO.CN(C)C(On1nnc2ccccc21)=[N+](C)C.Cl.F[P-](F)(F)(F)(F)F.O,O=C(c1cccc(Cc2n[nH]c(=O)c3ccccc23)c1)N1CCNCC1,not_reduction
CCOC(=O)Nc1c(F)cc(Cl)c([N+](=O)[O-])c1OC,CC(=O)O.CCO.Cl.ClCCl.[Fe],CCOC(=O)Nc1c(F)cc(Cl)c(N)c1OC,not_reduction
CCOC(=O)Cc1cccc(Oc2ccccc2)c1.O=C(O)Cc1cccc(C(=O)c2ccccc2)c1,CCO.O=S(=O)(O)O,CCOC(=O)Cc1cccc(C(=O)c2ccccc2)c1,not_reduction
COc1ccc(-c2coc3cc(OC)cc(Br)c3c2=O)cc1.[I-],CS(C)=O.Cl.[Cu]I.[K+],COc1ccc(-c2coc3cc(OC)cc(I)c3c2=O)cc1,not_reduction
ClCc1c(-c2ccc(Cl)cc2)nc2ccccn12.O=c1[nH]cc(F)c(=O)[nH]1,Cl,O=c1[nH]c(=O)n(Cc2c(-c3ccc(Cl)cc3)nc3ccccn23)cc1F,not_reduction
CCC=O.CCOC(=O)c1[nH]c(CC)cc1C,,CCCc1c(CC)[nH]c(C(=O)OCC)c1C,not_reduction
COC(=O)c1ccc(C(C)N)cc1.O=C(O)c1cc(F)cnc1Cl,Cl,COC(=O)c1ccc(C(C)NC(=O)c2cc(F)cnc2Cl)cc1,not_reduction
BrCc1ccccc1.CCc1cc(C=O)cc(C)c1O,CC(C)=O.O=C([O-])[O-].[K+].[K+],CCc1cc(C=O)cc(C)c1OCc1ccccc1,not_reduction
CC1(O)CC(CO[Si](c2ccccc2)(c2ccccc2)C(C)(C)C)OC(n2c3cc(F)c(F)cc3c3c4c(c5c6cc(F)c(F)cc6[nH]c5c32)C(=O)NC4=O)C1OCc1ccccc1,CC#N.CC1(O)CC(CO[Si](c2ccccc2)(c2ccccc2)C(C)(C)C)OC(n2c3cc(F)c(F)cc3c3c4c(c5c6cc(F)c(F)cc6[nH]c5c32)C(=O)NC4=O)C1OCc1ccccc1.CCOC(C)=O,CC1(O)CC(CO)OC(n2c3cc(F)c(F)cc3c3c4c(c5c6cc(F)c(F)cc6[nH]c5c32)C(=O)NC4=O)C1OCc1ccccc1,not_reduction
Nc1ccc(Cl)c(Cl)c1.O=C(Cl)C=Cc1ccccc1,C1CCOC1.CCN(CC)CC,O=C(C=Cc1ccccc1)Nc1ccc(Cl)c(Cl)c1,not_reduction
O=C([O-])C1=C(O)CN(Cc2ccccc2)C(=O)C1.OCc1ccccc1,,O=C(OCc1ccccc1)C1=C(O)CN(Cc2ccccc2)C(=O)C1,not_reduction
CC(=O)c1csc(-c2ccc(Cl)c(Cl)c2)c1O.CN(C)C(=O)c1ccc(C(=O)NN)s1,,CC(=NNC(=O)c1ccc(C(=O)N(C)C)s1)c1csc(-c2ccc(Cl)c(Cl)c2)c1O,not_reduction
CCCBr.CCCP(CCC)CCC,CC#N,CCC[P+](CCC)(CCC)CCC.[Br-],not_reduction
CC(C)Oc1ccc(OCCO)cc1.CS(=O)(=O)Cl,CCN(CC)CC.ClCCl.O,CC(C)Oc1ccc(OCCOS(C)(=O)=O)cc1,not_reduction
CCOC(=O)c1cn2c3c(c(F)c(F)c(N)c3c1=O)OC1(CCC1)C2,CCO.[Na+].[OH-],Nc1c(F)c(F)c2c3c1c(=O)c(C(=O)O)cn3CC1(CCC1)O2,not_reduction
COC(=O)CC(CCCCNCc1ccc2c(n1)NCCC2)c1cnc2ccccc2c1,CCO.[Na+].[OH-],O=C(O)CC(CCCCNCc1ccc2c(n1)NCCC2)c1cnc2ccccc2c1,not_reduction
C1CC(C2CNC2)CCO1.Cn1c(C=O)nc2c(N3CCOCC3)nc(-n3c(C4CC4)nc4ccccc43)nc21,CC(=O)O[BH-](OC(C)=O)OC(C)=O.[Na+],Cn1c(CN2CC(C3CCOCC3)C2)nc2c(N3CCOCC3)nc(-n3c(C4CC4)nc4ccccc43)nc21,reduction
CC(C)n1ncnc1-c1cn2c(n1)-c1cc(Cl)ncc1OCC2.CC1(C)OCC(CN)O1,C1COCCO1.CC(=O)[O-].CC(=O)[O-].CC(C)(C)[O-].[Na+].[Pd+2],CC(C)n1ncnc1-c1cn2c(n1)-c1cc(NCC3COC(C)(C)O3)ncc1OCC2,not_reduction
CCCCCC1CCC(C2CCC(C=CC(F)(F)Oc3cc(F)c(F)c(F)c3)CC2)CC1,C.CCO.Cc1ccccc1.[Pd],CCCCCC1CCC(C2CCC(CCC(F)(F)Oc3cc(F)c(F)c(F)c3)CC2)CC1,not_reduction
Fc1cccc(-c2nsc(Cl)n2)c1.O=C(Nc1noc2ccccc12)N1CCNCC1,CCN(CC)CC.CN(C)C=O.O.O=C(O)C(F)(F)F,O=C(Nc1noc2ccccc12)N1CCN(c2nc(-c3cccc(F)c3)ns2)CC1,not_reduction
CC(C)(C)c1cc(N)no1.Clc1ccc(CN2CCOC(c3ccccc3)C2)cn1,C[Si](C)(C)[N-][Si](C)(C)C.[Na+],CC(C)(C)c1cc(Nc2ccc(CN3CCOC(c4ccccc4)C3)cn2)no1,not_reduction
COc1ccc2c(c1)N(CCCN1CCNCC1)C(=O)OC2.O=Cc1ccc2c(n1)NC(=O)CO2,CC(=O)O[BH-](OC(C)=O)OC(C)=O.CCN(C(C)C)C(C)C.CO.ClCCl.O=C(O)C(F)(F)F.[Na+],COc1ccc2c(c1)N(CCCN1CCN(Cc3ccc4c(n3)NC(=O)CO4)CC1)C(=O)OC2,reduction
C#C[Si](C)(C)C.CCOC(=O)c1ccc(Br)cc1,CCNCC.O.[Cu]I,CCOC(=O)c1ccc(C#C[Si](C)(C)C)cc1,not_reduction
C[Si](C)(C)N=C=O.O=C1c2ccc(OCCNO)cc2CCN1CCCc1ccc(F)cc1,C1COCCO1.O,NC(=O)N(O)CCOc1ccc2c(c1)CCN(CCCc1ccc(F)cc1)C2=O,not_reduction
Nc1c(Br)c(C2=CCNCC2)nc2c(-c3cnc4ccccc4c3)cnn12.O=C1CCC(=O)N1Cl,O=C1CCC(=O)N1Br,Nc1c(Cl)c(C2=CCNCC2)nc2c(-c3cnc4ccccc4c3)cnn12,not_reduction
CN.COc1cccc(-c2cc(-c3ccccc3)cc3c2OC(COS(=O)(=O)c2ccc(C)cc2)C3)c1,Cl,CNCC1Cc2cc(-c3ccccc3)cc(-c3cccc(OC)c3)c2O1,not_reduction
COc1ccc(C=C(C(=O)OC(C)(C)C)C(=O)c2ccccc2O)cc1,Cc1ccccc1.NC(N)=S,COc1ccc(C2CC(=O)c3ccccc3O2)cc1,not_reduction
COc1ccccc1Oc1c(Cl)nc(N2CCCN(C)CC2)nc1NS(=O)(=O)c1ccc(C(C)(C)C)cc1.OCCCO,,COc1ccccc1Oc1c(NS(=O)(=O)c2ccc(C(C)(C)C)cc2)nc(N2CCCN(C)CC2)nc1OCCCO,not_reduction
CN(C)S(=O)(=O)c1c(Br)cc(CO)cc1Br.O=S(Cl)Cl,,CN(C)S(=O)(=O)c1c(Br)cc(CCl)cc1Br,not_reduction
Cc1cc(CO)cc(NC(=O)OC(C)(C)C)n1,ClCCl.O.c1ccncc1,Cc1cc(C=O)cc(NC(=O)OC(C)(C)C)n1,not_reduction
CC(C)OC(=O)Cl.NC1CCN(C(=O)OC2C3CC4CC(C3)CC2C4)C1,,CC(C)OC(=O)NC1CCN(C(=O)OC2C3CC4CC(C3)CC2C4)C1,not_reduction
CCOC(=O)c1cc2cc(OCCCOC)cc(NS(=O)(=O)c3ccccn3)c2[nH]1.O=C([O-])[O-],CI.CN(C)C=O.O.[K+].[K+],CCOC(=O)c1cc2cc(OCCCOC)cc(N(C)S(=O)(=O)c3ccccn3)c2[nH]1,not_reduction
CC1(C)COB(c2ccc3nccnc3c2)OC1.OC(c1cc(Br)cs1)C(F)(F)F,CN(C)C=O.O=C([O-])[O-].[Na+].[Na+].c1ccc(P(c2ccccc2)(c2ccccc2)[Pd](P(c2ccccc2)(c2ccccc2)c2ccccc2)(P(c2ccccc2)(c2ccccc2)c2ccccc2)P(c2ccccc2)(c2ccccc2)c2ccccc2)cc1,OC(c1cc(-c2ccc3nccnc3c2)cs1)C(F)(F)F,not_reduction
COC(=O)c1ccc(C(C)NC(=O)c2cccc3ccn(CC4CCN(C(=O)OC(C)(C)C)CC4)c23)cc1.Cl,C1CCOC1.CCOC(C)=O,COC(=O)c1ccc(C(C)NC(=O)c2cccc3ccn(CC4CCNCC4)c23)cc1,not_reduction
CC(C)(C)OC(=O)N1CCCC(Nc2nccc(-c3c(-c4cccc(C(N)=O)c4)nc4sccn34)n2)C1,CCOC(C)=O.Cl,NC(=O)c1cccc(-c2nc3sccn3c2-c2ccnc(NC3CCCNC3)n2)c1,not_reduction
NN=C(c1ccccc1)c1ccccc1,CN(C)C(=N)N(C)C.ClCCl.I.O=C(OO)c1cccc(Cl)c1,[N-]=[N+]=C(c1ccccc1)c1ccccc1,not_reduction
CCN(CCN1CCSc2ccc(NC(=N)c3cccs3)cc21)C(=O)OC(C)(C)C,CO.Cl,CCNCCN1CCSc2ccc(NC(=N)c3cccs3)cc21,not_reduction
CCc1sc(Nc2ccc(-c3nn(C4CCC(N5CCN(C)CC5)CC4)c4ncnc(N)c34)cc2)nc1-c1ccc(C)cc1.Cc1cccc(B(O)O)c1,,CCc1sc(Nc2ccc(-c3nn(C4CCC(N5CCN(C)CC5)CC4)c4ncnc(N)c34)cc2)nc1-c1cccc(C)c1,not_reduction
C1COCCN1.CCn1cc(C(=O)O)c(=O)c2cc(Cl)c(Cl)cc21,CS(C)=O,CCn1cc(C(=O)O)c(=O)c2cc(Cl)c(N3CCOCC3)cc21,not_reduction
Cc1noc(C)c1Cn1cc(NC(=O)NCCCCl)cn1,CN(C)C=O.[H-].[Na+],Cc1noc(C)c1Cn1cc(N2CCCNC2=O)cn1,not_reduction
CNc1nc(Nc2ccc(C(=O)OC)cc2OC(F)F)ncc1Cl,C1CCOC1.Cl.O.[Li+].[OH-],CNc1nc(Nc2ccc(C(=O)O)cc2OC(F)F)ncc1Cl,not_reduction
CC(CO)(CO)c1cc(N)no1.O=C(Cl)Oc1ccccc1,C1CCOC1.O=C([O-])[O-].[K+].[K+],CC(CO)(CO)c1cc(NC(=O)Oc2ccccc2)no1,not_reduction
OCc1cc(Br)cc(OCCNc2ccncc2)c1,C1COCCO1,O=Cc1cc(Br)cc(OCCNc2ccncc2)c1,not_reduction
CNOC.N#Cc1c[nH]c2ccc(C3CCCC3C(=O)O)cc12,CCN(CC)CC.CCN=C=NCCCN(C)C.Cl.Cl.ClCCl,CON(C)C(=O)C1CCCC1c1ccc2[nH]cc(C#N)c2c1,not_reduction
CCOC(=O)CCCCCCC(NCCC(=O)c1ccccc1-c1ccccc1)C(=O)OCC,C=CC(=O)C=C.CCO.NC(=O)N[N+](=O)[O-],CCOC(=O)CCCCCCC(NCCC(O)c1ccccc1-c1ccccc1)C(=O)OCC,not_reduction
Cc1ccc(OCCc2ccc(C#N)cc2)cc1N.O=S(=O)(Cl)c1ccccc1,c1ccncc1,Cc1ccc(OCCc2ccc(C#N)cc2)cc1NS(=O)(=O)c1ccccc1,not_reduction
CCn1c(=O)ccc2cnc(Nc3ccc(O)cc3)nc21.COCCBr,CN(C)C=O.O.O=C([O-])[O-].[K+].[K+],CCn1c(=O)ccc2cnc(Nc3ccc(OCCOC)cc3)nc21,not_reduction
Ic1ccsc1.NC(=O)Cc1cccc2ccccc12,C1COCCO1.CCOC(C)=O.NC1CCCCC1N.O.O=C([O-])[O-].[I-].[K+].[K+],O=C(Cc1cccc2ccccc12)Nc1ccsc1,not_reduction
COc1cc2ncnc(Oc3ccc(N)cc3)c2cc1OC.Nc1nccs1.O=C(OC(Cl)(Cl)Cl)OC(Cl)(Cl)Cl,CCN(CC)CC.ClC(Cl)Cl.O,COc1cc2ncnc(Oc3ccc(NC(=O)Nc4nccs4)cc3)c2cc1OC,not_reduction
COC(=O)NC(C(=O)O)C(C)C.O=C(OCc1ccccc1)N1CC2(CC2)CC1c1ncc(-c2ccc(Br)cc2)[nH]1,Br.CCN(C(C)C)C(C)C.CCOC(C)=O.CN(C)C(On1nnc2cccnc21)=[N+](C)C.CN(C)C=O.ClCCl.F[P-](F)(F)(F)(F)F,COC(=O)NC(C(=O)N1CC2(CC2)CC1c1ncc(-c2ccc(Br)cc2)[nH]1)C(C)C,not_reduction
CC1=C(C(=O)O)C(c2ccc(C#N)cc2S(C)(=O)=O)N(C)C(=O)N1c1cccc(C(F)(F)F)c1.OCCBr,CCN(CC)CC.CN(C)C=O,CC1=C(C(=O)OCCO)C(c2ccc(C#N)cc2S(C)(=O)=O)N(C)C(=O)N1c1cccc(C(F)(F)F)c1,not_reduction
CC1c2cc(F)ccc2-c2ccccc2N1S(=O)(=O)c1ccc(O)cc1.NS(=O)(=O)Cl,O,CC1c2cc(F)ccc2-c2ccccc2N1S(=O)(=O)c1ccc(OS(N)(=O)=O)cc1,not_reduction
CCOC(=O)CBr.O=C1Nc2ccccc2C12COc1cc3c(cc12)OCCO3,Cc1noc2cc3c(cc12)C1(CO3)C(=O)Nc2ccccc21.FC(F)(F)c1ccc(CBr)o1,CCOC(=O)CN1C(=O)C2(COc3cc4c(cc32)OCCO4)c2ccccc21,not_reduction
CC1N(c2cc3c(cc2F)OCC(=O)N3)NCC(=O)N1C(F)F.O=[N+]([O-])O,CC(=O)O,CC1N(c2c(F)cc3c(c2[N+](=O)[O-])NC(=O)CO3)NCC(=O)N1C(F)F,not_reduction
CCOC(=O)C1CCC(C)CC1O.[N-]=[N+]=NP(=O)(c1ccccc1)c1ccccc1,C1CCOC1.CCOC(=O)N=NC(=O)OCC.c1ccc(P(c2ccccc2)c2ccccc2)cc1,CCOC(=O)C1CCC(C)CC1N=[N+]=[N-],not_reduction
C1COCCN1.O=C(CBr)c1cccc(Br)c1,ClCCl,O=C(CN1CCOCC1)c1cccc(Br)c1,not_reduction
CCc1ccc(CBr)cc1.Cc1nc(-c2ccn[nH]2)sc1C(=O)NCc1cccnc1,,CCc1ccc(Cn2ccc(-c3nc(C)c(C(=O)NCc4cccnc4)s3)n2)cc1,not_reduction
CI.O=S(=O)(NC1C2CCCC1(CO)CC2)c1ccc(Cl)s1,C1CCOC1.[H-].[Na+],COCC12CCCC(CC1)C2NS(=O)(=O)c1ccc(Cl)s1,not_reduction
COC(=O)c1ccc(-c2ccc(C=O)s2)cc1,CO.ClCCl.[BH4-].[Na+],COC(=O)c1ccc(-c2ccc(CO)s2)cc1,reduction
COc1ccc(CC(=O)O)cc1Br,Cc1ccc(CC(=O)O)cc1Br.Cc1ccc(CCO)cc1Br,COc1ccc(CCO)cc1Br,not_reduction
CN=C=O.Fc1ccccc1C1=NCc2cn[nH]c2-c2ccc(Cl)cc21,C1CCOC1,CNC(=O)n1cc2c(n1)-c1ccc(Cl)cc1C(c1ccccc1F)=NC2,not_reduction
O=C(Cl)C(=O)Cl.O=C(O)CCCn1c(=O)[nH]c2ccccc21,CN(C)C=O.ClCCl,O=C(CCCn1c(=O)[nH]c2ccccc21)OCl,not_reduction
CC(C)(C)OC(=O)C=Cc1cc2ncc(C#N)c(Cl)c2s1.COc1cc(N)c(Cl)cc1Cl,CN(C)c1ccccc1-c1ccccc1P(C1CCCCC1)C1CCCCC1.COCCOC.O=C(C=Cc1ccccc1)C=Cc1ccccc1.O=C(C=Cc1ccccc1)C=Cc1ccccc1.O=C(C=Cc1ccccc1)C=Cc1ccccc1.O=P([O-])([O-])[O-].[K+].[K+].[K+].[Pd].[Pd],COc1cc(Nc2c(C#N)cnc3cc(C=CC(=O)OC(C)(C)C)sc23)c(Cl)cc1Cl,not_reduction
COc1ccc2c(Cl)cnnc2c1.Cc1ccc(N)cc1O,CCCC(C)O.Cl,COc1ccc2c(Nc3ccc(C)c(O)c3)cnnc2c1.Cl,not_reduction
O=c1[nH]ncc(Oc2ccccc2C(F)(F)F)c1Cl,ClCCl.O.[H][H].[Na+].[OH-],O=c1cc(Oc2ccccc2C(F)(F)F)cn[nH]1,reduction
CCOC(=O)CCCBr.CCOC(=O)CCCc1c(C)[nH]c2c(Br)cccc12,CS(C)=O.O.O=C([O-])[O-].[Cs+].[Cs+],CCOC(=O)CCCc1c(C)n(CCCC(=O)OCC)c2c(Br)cccc12,not_reduction
Cc1cc(OCc2ccc(F)cc2F)c(Br)c(=O)[nH]1.ClCc1cccs1,C1CCOC1.CC#N.CCOC(C)=O.O.O.[H-].[Na+],Cc1cc(OCc2ccc(F)cc2F)c(Br)c(=O)n1Cc1cccs1,not_reduction
CCCCCCCCCC[N+](C)(C)CCCCCCCCCC.O=C(O)C=Cc1ccccc1,CCCCCCCCCC[N+](C)(C)CCCCCCCCCC.CS(C)=O.ClC(Cl)Cl.[Br-],O=C([O-])C=Cc1ccccc1,not_reduction
CC(=O)OCc1c(B2OC(C)(C)C(C)(C)O2)cccc1N1CCn2c(cc3c2CCCC3)C1=O.CCc1cc(Nc2cc(Br)cn(C)c2=O)n[nH]1,COCCOC.O=C([O-])[O-].[Na+].[Na+].c1ccc(P(c2ccccc2)(c2ccccc2)[Pd](P(c2ccccc2)(c2ccccc2)c2ccccc2)(P(c2ccccc2)(c2ccccc2)c2ccccc2)P(c2ccccc2)(c2ccccc2)c2ccccc2)cc1,CCc1cc(Nc2cc(-c3cccc(N4CCn5c(cc6c5CCCC6)C4=O)c3COC(C)=O)cn(C)c2=O)n[nH]1,not_reduction
CC(C)(C)c1ccccc1O.CCOCC,Cc1ccccc1.Cc1ccncc1.Cl[Sn]Cl,CC(C)(C)c1cccc(C=O)c1O,not_reduction
C1=CC2=C(CCCC2)n2c3c(c4cnccc42)CCC=C13.O=C(Cl)C1CC1,CCN(CC)CC.ClCCl,O=C(C1CC1)C1CCC2=C(C=CC3=CCCc4c3n2c2ccncc42)C1,not_reduction
CCCCCCCCCCCCSc1nnn(C(C(=O)O)c2ccccc2)n1.COc1cc(OC)c(N)c(OC)c1,CC(C)c1cccc(C(C)C)c1N.CCCCCCCCCCc1nnn(CC(=O)O)n1,CCCCCCCCCCCCSc1nnn(C(C(=O)Nc2c(OC)cc(OC)cc2OC)c2ccccc2)n1,not_reduction
O=[N+]([O-])O.Oc1cc(F)cc(F)c1,ClCCl,O=[N+]([O-])c1c(F)cc(O)cc1F,not_reduction
CC1CNCCN1c1ccc2nnc(C(F)(F)F)n2n1.O=Cc1ccncc1,,CC1CN(Cc2ccncc2)CCN1c1ccc2nnc(C(F)(F)F)n2n1,not_reduction
CCN=C=NCCCN(C)C.O=C(NCc1ccc(F)cc1)c1cnc(C(=O)O)c(OCc2ccccc2)c1O,CCN(CC)CC.CCOC(C)=O.CN(C)C=O.CO.Cl.On1nnc2ccccc21,COC(=O)c1ncc(C(=O)NCc2ccc(F)cc2)c(O)c1OCc1ccccc1,not_reduction
O=C(Cl)OCc1ccccc1.OCCNc1ccc(Br)cc1,Cc1ccccc1.[Na+].[OH-],O=C(OCc1ccccc1)N(CCO)c1ccc(Br)cc1,not_reduction
CC(=O)OCC[Si]([Si](C)(C)C)([Si](C)(C)C)[Si](C)(C)C,C1CCOC1.O.[Al+3].[H-].[H-].[H-].[H-].[Li+].[Na+].[OH-],C[Si](C)(C)[Si](CCO)([Si](C)(C)C)[Si](C)(C)C,not_reduction
CN(C(=O)OC(C)(C)C)C(Cc1ccccc1)C(=O)O.CN(C)CC1CCNCC1,CCN(C(C)C)C(C)C.CCN=C=NCCCN(C)C.CCOC(C)=O.CN(C)C=O.Cl.ClCCl.On1nnc2cccnc21,CN(C)CC1CCN(C(=O)C(Cc2ccccc2)N(C)C(=O)OC(C)(C)C)CC1,not_reduction
CC(=O)N1CCc2cc(O)c(Br)cc21.COC(=O)C=CCBr,CN(C)C=O.O.[H-].[Na+],COC(=O)C=CCOc1cc2c(cc1Br)N(C(C)=O)CC2,not_reduction
C=CC(COS(=O)(=O)c1ccc(C)cc1)Oc1c(C=CC)cccc1-c1c(Cl)cccc1Cl,CC(Cl)Cl,Cc1ccc(S(=O)(=O)OCC2C=Cc3cccc(-c4c(Cl)cccc4Cl)c3O2)cc1,not_reduction
COC(=O)C=Cc1ccc(OC)cc1.C[N+]1([O-])CCOCC1.O,CC(C)(C)O.CCOC(C)=O,COC(=O)C(O)C(O)c1ccc(OC)cc1,not_reduction
COc1cccc2c(O)cc(C(F)(F)F)nc12.O=P(Cl)(Cl)Cl,CN(C)C=O.ClCCl,COc1cccc2c(Cl)cc(C(F)(F)F)nc12,not_reduction
CCOC(=O)CC(Cc1cc(Br)c2[nH]ncc2c1COC(C)=O)C(=O)OCC.O=C1CCC(=O)N1Br,ClCCl,CCOC(=O)CC(Cc1cc(Br)c2[nH]nc(Br)c2c1COC(C)=O)C(=O)OCC,not_reduction
N#CC1CC(F)CN1C(=O)CNC12CCC(C(=O)O)(CC1)CC2.NCc1cccs1,,N#CC1CC(F)CN1C(=O)CNC12CCC(C(=O)NCc3cccs3)(CC1)CC2,not_reduction
C#Cc1ccc(OCC(=O)OCC)cc1.Oc1ccc(I)cc1,CCN(C(C)C)C(C)C.CN(C)C=O.O.[Cl-].[Cu]I.[NH4+].c1ccc(P(c2ccccc2)(c2ccccc2)[Pd](P(c2ccccc2)(c2ccccc2)c2ccccc2)(P(c2ccccc2)(c2ccccc2)c2ccccc2)P(c2ccccc2)(c2ccccc2)c2ccccc2)cc1,CCOC(=O)COc1ccc(C#Cc2ccc(O)cc2)cc1,not_reduction
COc1ccc2c(C)c[nH]c2c1.O=C1CCCO1,CC(=O)N(C)C.Cc1ccccc1.Cl.O.O=C([O-])[O-].[K+].[K+],COc1ccc2c(C)cn(CCCC(=O)O)c2c1,not_reduction
COc1ccc2c(C(=O)NCc3ccc(F)c(F)c3)c(C(C)C)n(Cc3ccccn3)c2c1,BrB(Br)Br.ClCCl,CC(C)c1c(C(=O)NCc2ccc(F)c(F)c2)c2ccc(O)cc2n1Cc1ccccn1,not_reduction
CCOC(=O)c1cc(-c2ccccc2)oc1C,C1CCOC1.Cl.O.[Al+3].[H-].[H-].[H-].[H-].[Li+],Cc1oc(-c2ccccc2)cc1CO,not_reduction
COC(=O)Cc1ccc(-c2ccc(OCc3ccc(C(F)(F)F)c(OC(=O)OC(C)(C)C)c3C(=O)OC(C)(C)C)cc2)c(C=NO)c1,CCN(CC)CC.CCO.CCOC(C)=O.CS(=O)(=O)Cl.ClCCl,COC(=O)Cc1ccc(-c2ccc(OCc3ccc(C(F)(F)F)c(OC(=O)OC(C)(C)C)c3C(=O)OC(C)(C)C)cc2)c(C#N)c1,not_reduction
CCCCOC(=O)c1ccc(C(=O)OCCCC)cc1.[K+],CCCCO.COC(=O)c1ccc(C(=O)[O-])cc1.Cc1ccccc1.[K+].[OH-],CCCCOC(=O)c1ccc(C(=O)[O-])cc1,not_reduction
O=P(Cl)(Cl)Cl.O=c1[nH]nc(-c2ccsc2)c2ccccc12,CC(Cl)Cl,Clc1nnc(-c2ccsc2)c2ccccc12,not_reduction
C=C1c2ccccc2C2=C(C(=O)CC2)c2ccccc21,CO.Cc1ccc(S(=O)(=O)O)cc1.ClCCl.O.[BH4-].[Na+].c1ccccc1,C=C1c2ccccc2C2=C(CC=C2)c2ccccc21,reduction
CCCCc1ccc(C#Cc2ccc(C(=O)O)cc2)cc1.O=S(Cl)Cl,Cc1ccccc1,CCCCc1ccc(C#Cc2ccc(C(=O)Cl)cc2)cc1,not_reduction
Cc1cc(COc2ccc(C(=O)NCC3(N4CCNCC4)C(=O)NC(=O)NC3=O)cc2)c2ccccc2n1.O=Cc1cccnc1,O=C(O)C(F)(F)F.O=C(O)C(F)(F)F.O=C(O)C(F)(F)F,Cc1cc(COc2ccc(C(=O)NCC3(N4CCN(Cc5cccnc5)CC4)C(=O)NC(=O)NC3=O)cc2)c2ccccc2n1,not_reduction
Cc1nc(C(=O)N2CCOC3(CCN(CCc4ccc(CCO[Si](C)(C)C(C)(C)C)s4)CC3)C2)cs1,CO.Cl,Cc1nc(C(=O)N2CCOC3(CCN(CCc4ccc(CCO)s4)CC3)C2)cs1,not_reduction
CCOCCn1c(N2CCCNCC2)nc2ccccc21.Cl,Br.C1COCCO1.CCOCC.CO.O.[Na+].[OH-],OCCn1c(N2CCCNCC2)nc2ccccc21,not_reduction
Cn1nc(Cl)c(C(=O)n2cccn2)c1Cl.N#CCn1ccc(-c2c(F)cccc2F)n1,C1CCOC1.O.[H-].[Na+],Cn1nc(Cl)c(C(O)=C(C#N)n2ccc(-c3c(F)cccc3F)n2)c1Cl,not_reduction
CNc1cc(Cl)cc(N)c1[N+](=O)[O-],CCN(CC)CC.O=CO.[Pd],CNc1cccc(N)c1[N+](=O)[O-],not_reduction
COc1ccc(CN(Cc2ccc(OC)cc2)c2ncc(-c3nc(N4CCOCC4)nc4c3CCN4C(=O)Nc3ccc(NCCN4CCOCC4)cc3)cn2)cc1,CCN1CCN(c2cc(F)c(N)c(F)c2)CC1.COc1ccc(CN(Cc2ccc(OC)cc2)c2ncc(-c3nc(N4CCOCC4)nc4c3CCN4)cn2)cc1,Nc1ncc(-c2nc(N3CCOCC3)nc3c2CCN3C(=O)Nc2ccc(NCCN3CCOCC3)cc2)cn1,not_reduction
Cc1cc(=O)oc2cc(N)ccc12.O=C(Cl)Cl,Cc1ccccc1,Cc1cc(=O)oc2cc(N=C=O)ccc12,not_reduction
C1CCOC1.OCc1sccc1Br,CN(C)C=O.CO.O.[Li]CCCC,O=Cc1ccsc1CO,not_reduction
C1=Cc2ccccc2C(=C2CCNCC2)c2ccccc21.O=C(O)CNC(=O)OC1CCOCC1,CCN(CC)CC.CCN=C=NCCCN(C)C.CN(C)C=O.CN(C)c1ccncc1.Cl.ClCCl,O=C(NCC(=O)N1CCC(=C2c3ccccc3C=Cc3ccccc32)CC1)OC1CCOCC1,not_reduction
CC1(C)OC(=O)N(CCC#N)c2ccccc21.CC[Mg+],CC(C)[O-].CC(C)[O-].CC(C)[O-].CC(C)[O-].CCOCC.CCOCC.FB(F)F.[Br-].[Na+].[OH-].[Ti+4],CC1(C)OC(=O)N(CCC2(N)CC2)c2ccccc21,not_reduction
CC(C)(C)C(=O)Cl.Nc1cccc(O)c1,Cc1ccccc1.Cl.[Na+].[OH-],CC(C)(C)C(=O)Nc1cccc(O)c1,not_reduction
CCOC(=N)c1ccc(-c2cccc(C(F)(F)F)c2)o1.COC(CN)OC.Cl,CCO,COC(CN=C(N)c1ccc(-c2cccc(C(F)(F)F)c2)o1)OC,not_reduction
C1CCNC1.O=Cc1ccc(O)c2ccccc12,CCOCC.Cl,Oc1ccc(CN2CCCC2)c2ccccc12,not_reduction
N#CCC#N.O=Cc1ccc(O)c(C(=O)O)c1,CCO.NCc1ccccc1,N#CC(C#N)=Cc1ccc(O)c(C(=O)O)c1,not_reduction
COC(=O)COc1ccc(C(=O)CN2CCN(c3ccncc3)CC2)cc1,CO.O.[Na+].[OH-],O=C(O)COc1ccc(C(=O)CN2CCN(c3ccncc3)CC2)cc1,not_reduction
CCCC1CCC(C(CO)CO)CC1.O=Cc1ccc(Br)c(F)c1,Cc1ccc(S(=O)(=O)O)cc1.ClCCl.O,CCCC1CCC(C2COC(c3ccc(Br)c(F)c3)OC2)CC1,not_reduction
COC(=O)c1cc(C(=O)Cc2ccccc2)c[nH]1,CC[SiH](CC)CC.O=C(O)C(F)(F)F,COC(=O)c1cc(CCc2ccccc2)c[nH]1,not_reduction
Ic1ccccc1.NC(Cc1ccccc1)C(=O)O,CCN(CC)CC.CN(C)C=O.O.O=C([O-])[O-].[K+].[K+],O=C(O)C(Cc1ccccc1)Nc1ccccc1,not_reduction
CC1CN(c2cccc(C(C)N)c2)CC(C)O1.O=C(O)C=Cc1ccccc1F,CCN(CC)CC.CN(C)c1ccncc1.Cl.ClCCCl.ClCCl,CC1CN(c2cccc(C(C)NC(=O)C=Cc3ccccc3F)c2)CC(C)O1,not_reduction
COc1cccc2c1nc(C(F)F)n2-c1nc(N2CCOCC2)nc(N(C)C2CCNCC2)n1.CS(=O)(=O)Cl,,COc1cccc2c1nc(C(F)F)n2-c1nc(N2CCOCC2)nc(N(C)C2CCN(S(C)(=O)=O)CC2)n1,not_reduction
CC(=O)O.CCOC(=O)c1cn(N)c2nc(C)ccc2c1=O,O=CO,CCOC(=O)c1cn(NC=O)c2nc(C)ccc2c1=O,not_reduction
COC(=O)Oc1cc(Nc2ncnc3cc(O)ccc23)c(F)cc1C,CO.Cl.[Na+].[OH-],Cc1cc(F)c(Nc2ncnc3cc(O)ccc23)cc1O,not_reduction
COc1cc(C(O)C(C)NC(=O)OC(C)(C)C)ccc1SC,CCOC(C)=O,COc1cc(C(O)C(C)N)ccc1SC,not_reduction
CC(C)(C)OC(=O)N1CCN(c2ccc(NC(=O)c3nc(-c4ccccc4)oc3C(F)(F)F)cc2)CC1.Cl,C1COCCO1,O=C(Nc1ccc(N2CCNCC2)cc1)c1nc(-c2ccccc2)oc1C(F)(F)F,not_reduction
CCOc1cc(CO)ccc1-c1ccc(C(F)(F)F)cc1,ClCCl.O=[Mn]=O,CCOc1cc(C=O)ccc1-c1ccc(C(F)(F)F)cc1,not_reduction
COC(=O)c1cc(Br)cc(C(C)(C)C)c1.[Li+],C1CCOC1.[OH-],CC(C)(C)c1cc(Br)cc(C(=O)[O-])c1,not_reduction
Fc1cc(Br)ccc1C(F)F.[C-]#N,CCCCCC.CCOC(C)=O.CN1CCCC1=O.ClCCl.O.[K+],N#Cc1cc(Br)ccc1C(F)F,not_reduction
CN(C)c1nc(C(F)(F)F)ccc1C=CC(=O)O.CS(=O)(=O)Nc1c(F)cc(CN)cc1C#N,Cl.O=C(O)C=Cc1ccc(C(F)(F)F)nc1N1CCOCC1,CN(C)c1nc(C(F)(F)F)ccc1C=CC(=O)NCc1cc(F)c(NS(C)(=O)=O)c(C#N)c1,not_reduction
Brc1cccnc1.Cc1ccc(N)c(C(=O)Nc2csc(C)n2)n1,,Cc1ccc(Nc2cccnc2)c(C(=O)Nc2csc(C)n2)n1,not_reduction
CCOc1cccnc1N(C)C1CCN(Cc2ccccc2)CC1,CO.O=C[O-].[NH4+],CCOc1cccnc1N(C)C1CCNCC1,not_reduction
Cl.NC1CCN(CC2Cn3c(=O)ccc4ccc(=O)n2c43)CC1.O=Cc1ccc2c(c1)CCCO2,CC(=O)O[BH-](OC(C)=O)OC(C)=O.CCN(CC)CC.CO.Cl.ClCCl.NC1CCN(CC2Cn3c(=O)ccc4ccc(=O)n2c43)CC1.O=C([O-])O.[Na+].[Na+],O=c1ccc2ccc(=O)n3c2n1CC3CN1CCC(NCc2ccc3c(c2)CCCO3)CC1,reduction
CCOC(=O)CC(CCCN)c1ccccc1.N=C(N)Nc1nc(C(=O)O)cs1,O,CCOC(=O)CC(CCCNC(=O)c1csc(NC(=N)N)n1)c1ccccc1,not_reduction
O=C(CCCN1CCC(O)CC1)Nc1cc(Oc2ccc3[nH]ccc3c2)ccn1.O=C(NC1CC1)Oc1ccccc1,CN(C)C=O.O.[H-].[Na+],O=C(CCCN1CCC(O)CC1)Nc1cc(Oc2ccc3c(ccn3C(=O)NC3CC3)c2)ccn1,not_reduction
NCCCn1ccnc1.O=CC1CC1CN1CCN(c2csc3cc(C(F)(F)F)ccc23)CC1,ClCCl.[BH4-],FC(F)(F)c1ccc2c(N3CCN(CC4CC4CNCCCn4ccnc4)CC3)csc2c1,reduction
CCOC(=O)C(C)C.C[Sb](C)Br,C1CCOC1.CC(C)[NH-].[Li+],CCOC(=O)C(C)(C)[Sb](C)C,not_reduction
Fc1ccc(Cc2ccc(C3CCNCC3)cc2)cc1.O=C(CCCBr)Nc1ccccc1Cc1ccccc1,,O=C(CCCN1CCC(c2ccc(Cc3ccc(F)cc3)cc2)CC1)Nc1ccccc1Cc1ccccc1,not_reduction
CSc1nc(Cl)c(-c2ccccc2F)c(Cl)n1.NC1CCCC1,CCOC(C)=O.CCOC(C)=O.CCOCC.ClCCl,CSc1nc(Cl)c(-c2ccccc2F)c(NC2CCCC2)n1,not_reduction
CCOC(=O)c1ccc(O)cc1.ClCc1ccc(Cl)nc1,CN(C)C=O.O.O=C([O-])[O-].[I-].[K+].[K+].[Na+],CCOC(=O)c1ccc(OCc2ccc(Cl)nc2)cc1,not_reduction
COC(=O)COc1cc(C)ccc1CCC(=O)N1CC(C)N(Cc2ccc(F)cc2)CC1C,C1CCOC1.CO.Cl.O.O.[Li+].[OH-],Cc1ccc(CCC(=O)N2CC(C)N(Cc3ccc(F)cc3)CC2C)c(OCC(=O)O)c1,not_reduction
CCOC(=O)C(OC(C)=O)c1cccc2cnccc12,CCO,CCOC(=O)Cc1cccc2cnccc12,not_reduction
C1COCCN1.CCCC[Sn](C=CCBr)(CCCC)CCCC,CN(C)C=O,CCCC[Sn](C=CCN1CCOCC1)(CCCC)CCCC,not_reduction
CCOC(=O)c1cc2c(Cl)ccc([N+](=O)[O-])c2[nH]1,CC(=O)O.O.[Fe],CCOC(=O)c1cc2c(Cl)ccc(N)c2[nH]1,not_reduction
COc1cnc(C(=O)O)cn1.NCc1ccc2[nH]c(C(F)(F)F)cc2c1,CCN(C(C)C)C(C)C.CN(C)C(On1nnc2cccnc21)=[N+](C)C.CN(C)C=O.F[P-](F)(F)(F)(F)F,COc1cnc(C(=O)NCc2ccc3[nH]c(C(F)(F)F)cc3c2)cn1,not_reduction
CCCCC(C)(C#N)CO.Cc1ccc(S(=O)(=O)Cl)cc1,c1ccncc1,CCCCC(C)(C#N)COS(=O)(=O)c1ccc(C)cc1,not_reduction
CC(=O)Nc1cccc(-c2ccc(C(=O)c3cn(C(c4ccccc4)(c4ccccc4)c4ccccc4)cn3)cc2)c1.C[Mg+],C1CCOC1.[Br-].[Cl-].[NH4+],CC(=O)Nc1cccc(-c2ccc(C(C)(O)c3cn(C(c4ccccc4)(c4ccccc4)c4ccccc4)cn3)cc2)c1,not_reduction
CN(C)Cc1ccccc1Sc1ccc(F)cc1[N+](=O)[O-],Cl[Sn]Cl,CN(C)Cc1ccccc1Sc1ccc(F)cc1N,not_reduction
CCOC(=O)CC(C#N)Cc1ccc(Cl)cc1,CCO.[H][H],O=C1CC(Cc2ccc(Cl)cc2)CN1,reduction
COc1ccc(Cn2c(=O)ccn(C3OC(C(O)C(NCCCNC(=O)C(CCC(=O)OC(C)(C)C)NC(=O)OCc4ccccc4)C(=O)OC(C)(C)C)C(O[Si](C)(C)C(C)(C)C)C3O[Si](C)(C)C(C)(C)C)c2=O)cc1,CO,COc1ccc(Cn2c(=O)ccn(C3OC(C(O)C(NCCCNC(=O)C(N)CCC(=O)OC(C)(C)C)C(=O)OC(C)(C)C)C(O[Si](C)(C)C(C)(C)C)C3O[Si](C)(C)C(C)(C)C)c2=O)cc1,not_reduction
CC(C)(C)OC(=O)NCC1CC(Oc2ccc(CN3CCCC3)cc2)C1,ClCCl.O=C(O)C(F)(F)F,NCC1CC(Oc2ccc(CN3CCCC3)cc2)C1,not_reduction
CCC#CCC(C(C)=O)(C(=O)OC)C(C=O)CC(=O)OC,C1CCNCC1.CC(=O)O.c1ccccc1,CCC#CCC1(C(=O)OC)C(=O)C=CC1CC(=O)OC,not_reduction
CI.S=c1[nH]nc2n1C=Cc1ccccc1C2,CO,CSc1nnc2n1C=Cc1ccccc1C2,not_reduction
C=CCN.O=C(Cl)c1ccc(Cl)s1,C1CCOC1.c1ccncc1,C=CCNC(=O)c1ccc(Cl)s1,not_reduction
CC(C)(C)OC(=O)N1CCN(c2ccc(OCC3(C)Cn4cc([N+](=O)[O-])nc4O3)cc2)CC1,O=C(O)C(F)(F)F,CC1(COc2ccc(N3CCNCC3)cc2)Cn2cc([N+](=O)[O-])nc2O1,not_reduction
CCC1CC(OS(=O)(=O)C(F)(F)F)=CCN1C(=O)Oc1ccccc1.OB(O)c1ccc2ccccc2c1,,CCC1CC(c2ccc3ccccc3c2)=CCN1C(=O)Oc1ccccc1,not_reduction
COC(CSc1ccc2ncccc2c1)OC,CC(C)=O.Cl,O=CCSc1ccc2ncccc2c1,not_reduction
CSc1ccc(S)cc1.O=Cc1ccncc1Cl,CN(C)C=O,CSc1ccc(Sc2cnccc2C=O)cc1,not_reduction
C=CCC(NC(=O)c1c(Cl)cccc1Cl)C(=O)OC.COC1(c2ccc(I)cc2)CCOCC1,CC(=O)[O-].CC(=O)[O-].CCOC(C)=O.CN(C)C=O.Cc1ccccc1P(c1ccccc1C)c1ccccc1C.O=C([O-])[O-].[K+].[K+].[Pd+2],COC(=O)C(CC=Cc1ccc(C2(OC)CCOCC2)cc1)NC(=O)c1c(Cl)cccc1Cl,not_reduction
CCCCCCCCCCCCC(CCCCCCCCCC)C(=O)O.O=C(Cl)C(=O)Cl,C1CCOC1.CN(C)C=O.Cl,CCCCCCCCCCCCC(CCCCCCCCCC)C(=O)Cl,not_reduction
COc1cc(C=O)cc(OC)c1OC.Nc1n[nH]c2ncnc(Nc3cccc(Cl)c3)c12,CC(=O)O.CO,COc1cc(CNc2n[nH]c3ncnc(Nc4cccc(Cl)c4)c23)cc(OC)c1OC,not_reduction
CC(=O)Nc1ccc(C#N)cc1.ClCCCCI,C1CCOC1.CCCCCC.[Li]CCCC,CC(=O)N(CCCCCl)c1ccc(C#N)cc1,not_reduction
COC(=O)CN(C)c1ccc(N)cn1.O=C(O)c1nc(-c2ccccc2)oc1C(F)(F)F,,COC(=O)CN(C)c1ccc(NC(=O)c2nc(-c3ccccc3)oc2C(F)(F)F)cn1,not_reduction
CCCC(=O)CC(=O)OCc1ccccc1.c1ccc(C2(c3ccccc3)CCNCC2)cc1,Cl.N,CCCC(N)=CC(=O)OCc1ccccc1,not_reduction
CCOC(=O)c1[nH]c2ccccc2c1Cl,Cl.O.O.[Li+].[OH-],O=C(O)c1[nH]c2ccccc2c1Cl,not_reduction
CI.Cc1occc(=O)c1OCCCO,[K+].[OH-],COCCCOc1c(C)occc1=O,not_reduction
Cc1cccc2c1Oc1ccccc1N2C(C)c1ccccc1,CCO.CCOC(C)=O.[H][H],Cc1cccc2c1Oc1ccccc1N2,reduction
O=[N+]([O-])c1ccc(N2CCOCC2)c(F)c1,C.CCO.CCOC(C)=O.[H][H].[Pd],Nc1ccc(N2CCOCC2)c(F)c1,reduction
CCOC(=O)CSc1cnc(N)s1.COCC(C)Oc1cc(Oc2cc(F)cc(F)c2)cc(C(=O)O)c1,,CCOC(=O)CSc1cnc(NC(=O)c2cc(Oc3cc(F)cc(F)c3)cc(OC(C)COC)c2)s1,not_reduction
COC(=O)C(C(C)C)N1C(=O)NC(COCc2ccc(Br)cc2)C1=O,Cl,CC(C)C(C(=O)O)N1C(=O)NC(COCc2ccc(Br)cc2)C1=O,not_reduction
CCCc1cnc(Cl)nc1.CS(=O)(=O)c1ccc(-n2ccc(OC3CCNCC3)cc2=O)c(Cl)c1,Cc1cc(OC2CCNCC2)cc(=O)n1-c1ccc(S(C)(=O)=O)cc1.Cl.Cl.Clc1ncc(C2CC2)cn1,CCCc1cnc(N2CCC(Oc3ccn(-c4ccc(S(C)(=O)=O)cc4Cl)c(=O)c3)CC2)nc1,not_reduction
CCOC(=O)Cn1nnc(-c2nnc(N3CCC(Oc4ccccc4C(F)(F)F)CC3)s2)n1,C1CCOC1.CO.Cl.[Na+].[OH-],O=C(O)Cn1nnc(-c2nnc(N3CCC(Oc4ccccc4C(F)(F)F)CC3)s2)n1,not_reduction
CC(C)N=C=O.COC(=O)c1sc(-c2cccc(N)c2)c(Br)c1OCC(=O)OC(C)(C)C,CN(C)C=O.O,COC(=O)c1sc(-c2cccc(NC(=O)NC(C)C)c2)c(Br)c1OCC(=O)OC(C)(C)C,not_reduction
C1COCCO1.COc1ccc2c(OCCc3cc(-c4cc(C)cs4)cnc3F)ccnc2c1,Cl,COc1ccc2c(OCCc3cc(-c4cc(C)cs4)c[nH]c3=O)ccnc2c1,not_reduction
O=C1CNC(=O)N1.O=CC=Cc1ccccc1,CC(=O)O.CC(=O)[O-].O.[Na+],O=C1NC(=O)C(=CC=Cc2ccccc2)N1,not_reduction
BrP(Br)Br.Nc1cc(O)c2cc(F)ccc2n1,CCCCCC.ClCCl.[Na+].[OH-].c1ccccc1,Nc1cc(Br)c2cc(F)ccc2n1,not_reduction
CN(N)C(=O)OC(C)(C)C.OB(O)c1cc(C(F)(F)F)ccc1F,CC(=O)[O-].CC(=O)[O-].CCN(CC)CC.ClCCCl.[Cu+2],CN(Nc1cc(C(F)(F)F)ccc1F)C(=O)OC(C)(C)C,not_reduction
CCOC(=N)CS(=O)(=O)c1ccccc1.NNC(=O)c1ccccc1F,Cl.ClC(Cl)Cl,NC(CS(=O)(=O)c1ccccc1)=NNC(=O)c1ccccc1F,not_reduction
Cc1n[nH]c(=O)c(-c2c(F)cccc2Cl)c1-c1ccc(Cl)cc1.O=P(Cl)(Cl)Cl,,Cc1nnc(Cl)c(-c2c(F)cccc2Cl)c1-c1ccc(Cl)cc1,not_reduction
N#CSc1sc(N)nc1C(F)(F)F.O=C(Cl)c1cccc(C(F)(F)F)c1,Cl.O.c1ccncc1,N#CSc1sc(NC(=O)c2cccc(C(F)(F)F)c2)nc1C(F)(F)F,not_reduction
Cc1ccc(-c2cc(C(=O)O)cc(-n3nnc(C(=O)O)c3C(C)C)c2)cc1,O=C=O,Cc1ccc(-c2cc(C(=O)O)cc(-n3nncc3C(C)C)c2)cc1,not_reduction
N#Cc1ccc2[nH]cc(CC[N+](=O)[O-])c2c1,CO.Cl.[Na+].[OH-].[Zn],N#Cc1ccc2[nH]cc(CCN)c2c1,not_reduction
CC(=O)CCC(=O)OC(C)(C)C.C[S+](C)(C)=O,CS(C)=O.O.[H-].[I-].[Na+],CC(C)(C)OC(=O)CCC1(C)CO1,not_reduction
CNc1nc(Cl)ncc1C(F)(F)F.Nc1ccc(C(=O)N2CCOCC2)cc1OCCF,COCCO.O=C(O)C(F)(F)F,CNc1nc(Nc2ccc(C(=O)N3CCOCC3)cc2OCCF)ncc1C(F)(F)F,not_reduction
CC(C)CC(=O)Cl.Cc1cccc(C(=O)c2[nH]c3cc(Cl)ccc3c2N)c1,,Cc1cccc(C(=O)c2[nH]c3cc(Cl)ccc3c2NC(=O)CC(C)C)c1,not_reduction
CCOC(=O)CCN(C)C(=O)c1ccc(NC(c2sc3cc(C(F)(F)F)cnc3c2C)C2CCCCC2)cc1,C1CCOC1.CCO.[Na+].[OH-],Cc1c(C(Nc2ccc(C(=O)N(C)CCC(=O)O)cc2)C2CCCCC2)sc2cc(C(F)(F)F)cnc12,not_reduction
CS(=O)(=O)Cl.OCCCC(F)(F)C(F)(F)C(F)(F)C(F)(F)F,CCN(CC)CC.ClCCl.O,CS(=O)(=O)OCCCC(F)(F)C(F)(F)C(F)(F)C(F)(F)F,not_reduction
C=COC(=O)Cl.O=C1CCC(c2cccc(F)c2)(c2cccc(F)c2)C2CN(Cc3ccccc3)CC12,CC(C)OC(C)C.ClCCCl,C=COC(=O)N1CC2C(=O)CCC(c3cccc(F)c3)(c3cccc(F)c3)C2C1,not_reduction
Br.CCC(=O)c1ccc(Cl)nc1,Br.CC(=O)O,CC(Br)C(=O)c1ccc(Cl)nc1,not_reduction
COC(=O)c1cc(C=O)sc1NC(=O)c1ccc(OC)c(OC)c1,C1CCOC1.CN(C)C=O.[BH4-].[Na+],COC(=O)c1cc(CO)sc1NC(=O)c1ccc(OC)c(OC)c1,reduction
CC(C)COc1ccc(S(C)(=O)=O)cc1C(=O)O.CCS(=O)(=O)c1ccc2oc(N3CCNCC3)nc2c1,Cl,CCS(=O)(=O)c1ccc2oc(N3CCN(C(=O)c4cc(S(C)(=O)=O)ccc4OCC(C)C)CC3)nc2c1,not_reduction
CCC1Nc2cc(F)ccc2-n2cccc21.COc1cccc(C(=O)Cl)c1,,CCC1c2cccn2-c2ccc(F)cc2N1C(=O)c1cccc(OC)c1,not_reduction
CCC(=O)c1c(CC)[nH]c2cc(C(=O)OC)ccc12.Clc1ccccc1CBr,,CCC(=O)c1c(CC)n(Cc2ccccc2Cl)c2cc(C(=O)OC)ccc12,not_reduction
CC(C#N)c1cccc(N)c1.O=S(=O)(O)O,CCOC(C)=O.O.O=N[O-].[Na+],CC(C#N)c1cccc(O)c1,not_reduction
CCOC(=O)C1(C(=O)OCC)C(C(C)=O)C(=O)N1Cc1ccc(OC)cc1OC.OCCO,C1COCCO1.ClCCl.O,CCOC(=O)C1(C(=O)OCC)C(C2(C)OCCO2)C(=O)N1Cc1ccc(OC)cc1OC,not_reduction
CCOC1OC(=O)C=C1N=[N+]=[N-].c1ccc(P(c2ccccc2)c2ccccc2)cc1,CCOC(C)=O.Cc1ccccc1,CCOC1OC(=O)C=C1N=P(c1ccccc1)(c1ccccc1)c1ccccc1,not_reduction
COC(=O)c1cc(F)c(F)c(OC)c1F,O,COC(=O)c1cc(F)c(F)c(O)c1F,not_reduction
CC(CN1CCCC1)N1c2ccccc2Sc2ccc(C(N)=S)cc21.CCCCCN,CCO.S,CCCCCNC(=S)c1ccc2c(c1)N(C(C)CN1CCCC1)c1ccccc1S2,not_reduction
COc1ccc([N+](=O)[O-])c(CCNC2CCN(Cc3ccccc3)CC2)c1,CO.O.[H][H].[Rh],COc1ccc(N)c(CCNC2CCN(Cc3ccccc3)CC2)c1,reduction
CC(C)(C)c1cccc(C2(NCC(O)C(Cc3cc(F)cc(F)c3)NCCCc3ccccc3C(=O)O)CCCCC2)c1,CN(C)C=O.O.O=C([O-])O.[Na+],CC(C)(C)c1cccc(C2(NCC(O)C(Cc3cc(F)cc(F)c3)N3CCCc4ccccc4C3=O)CCCCC2)c1,not_reduction
O=C1OCc2c1c(Cl)nc1ccccc21,CC(=O)O.CC(=O)[O-].[Na+],O=C1OCc2c1cnc1ccccc21,not_reduction
CC(C)(C)C(N)C(=O)O.O=C(Cl)Cc1ccccc1,Cl.[Na+].[OH-],CC(C)(C)C(NC(=O)Cc1ccccc1)C(=O)O,not_reduction
Cc1ccc(N=C=O)cc1.NC(=O)c1[nH]c2ncccc2c1-c1ccc(N)cc1,,Cc1ccc(NC(=O)Nc2ccc(-c3c(C(N)=O)[nH]c4ncccc34)cc2)cc1,not_reduction
CCCCN1CCN(S(C)(=O)=O)c2ccc(C(=O)O)cc21.CCc1cccc(CNCC(O)C(N)Cc2cc(F)cc(F)c2)c1,CCN(C(C)C)C(C)C.CN(C)C(On1nnc2cccnc21)=[N+](C)C.CO.Cl.ClCCl.F[P-](F)(F)(F)(F)F.On1nnc2ccccc21,CCCCN1CCN(S(C)(=O)=O)c2ccc(C(=O)NC(Cc3cc(F)cc(F)c3)C(O)CNCc3cccc(CC)c3)cc21,not_reduction
COc1ccc2c(Oc3ccc(OCCN4CCCCC4)cc3)c(-c3ccc(SC)c(C)c3)ccc2c1,BrB(Br)Br.CCOC(C)=O.CCOCC.Cl.O,CSc1ccc(-c2ccc3cc(O)ccc3c2Oc2ccc(OCCN3CCCCC3)cc2)cc1C,not_reduction
Cc1oc(-c2ccc(Br)cc2)nc1CCOS(C)(=O)=O.FCC1CCNC1,CC#N.Cc1ccc(S(=O)(=O)O)cc1.O=C([O-])[O-].[I-].[K+].[K+].[K+],Cc1oc(-c2ccc(Br)cc2)nc1CCN1CCC(CF)C1,not_reduction
Brc1cnc2[nH]ccc2c1.CC(=O)Oc1cccc(C(=O)Cl)c1C,ClCCl.O.[Al+3].[Cl-].[Cl-].[Cl-],CC(=O)Oc1cccc(C(=O)c2c[nH]c3ncc(Br)cc23)c1C,not_reduction
C=CCC1NC(=O)CC1C.C[O+](C)C,F[B-](F)(F)F,C=CCC1N=C(OC)CC1C,not_reduction
CC1(C)C2C=CC3(C)C(C2)C(=O)CCC13O,CCO,CC1(C)C2CCC3(C)C(C2)C(=O)CCC13O,not_reduction
CCOc1cc(C(C)(C)C#N)c(Cl)cc1C1=NC(c2ccc(Cl)cc2)C(c2ccc(Cl)cc2)N1C(=O)Cl.CCS(=O)(=O)N1CCNCC1,,CCOc1cc(C(C)(C)C#N)c(Cl)cc1C1=NC(c2ccc(Cl)cc2)C(c2ccc(Cl)cc2)N1C(=O)N1CCN(S(=O)(=O)CC)CC1,not_reduction
CCCCCCC(C)OC(=O)c1ccc(OC(C)=O)c(F)c1,CCO.NCc1ccccc1,CCCCCCC(C)OC(=O)c1ccc(O)c(F)c1,not_reduction
Nc1ccc(CCC(=O)O)cc1,[Al+3].[H-].[H-].[H-].[H-].[Li+],Nc1ccc(CCCO)cc1,not_reduction
COc1c(N2CCOCC2)cc(C(C)=O)cc1C(C)(C)C.O=C1CCC(=O)N1Br,C1CCOC1.CCN(CC)CC,COc1c(N2CCOCC2)cc(C(=O)CBr)cc1C(C)(C)C,not_reduction
C=CC(N1C(=O)c2ccccc2C1=O)C(F)(F)CCC=O.C=C[Mg+],C1CCOC1.[Br-],C=CC(O)CCC(F)(F)C(C=C)N1C(=O)c2ccccc2C1=O,not_reduction
CCOC(OCC)c1ccc([Mg+])cc1.Clc1ccccc1-c1nnn(C2CCCCO2)n1,C1CCOC1.COC(C)(C)C.Clc1ccccc1-c1nnnn1C1CCCCO1.[Br-].[Cl-].[Cl-].[Zn+2],CCOC(OCC)c1ccc(-c2ccccc2-c2nnn(C3CCCCO3)n2)cc1,not_reduction
Cc1cc(C)c(S(=O)(=O)Nc2ccccc2CCl)c(C)c1.Cc1ccnc(-n2ccnc2S)c1,,Cc1ccnc(-n2ccnc2SCc2ccccc2NS(=O)(=O)c2c(C)cc(C)cc2C)c1,not_reduction
CC(C)(C)c1ccc(N)cc1.O=C(O)c1cc(Cl)nnc1Cl,CCN(C(C)C)C(C)C.CN(C)C(On1nnc2cccnc21)=[N+](C)C.CN(C)C=O.F[P-](F)(F)(F)(F)F,CC(C)(C)c1ccc(NC(=O)c2cc(Cl)nnc2Cl)cc1,not_reduction
CNC1CCCCC1.O=N[O-],CO.Cl.O.[Na+].[Na+].[OH-],CN(N)C1CCCCC1,not_reduction
CCOC(=O)C(Br)c1cccnc1.CN1CCNCC1,CCN(CC)CC.ClCCl,CCOC(=O)C(c1cccnc1)N1CCN(C)CC1,not_reduction
CC(C)I.CN1C(=O)N(c2ccc(C#N)c(C(F)(F)F)c2)C(=O)C1(C)c1ccc(O)cc1,,CC(C)Oc1ccc(C2(C)C(=O)N(c3ccc(C#N)c(C(F)(F)F)c3)C(=O)N2C)cc1,not_reduction
CCOC(=O)CC1(O)Cc2ccc(OC)cc2Cc2cc(F)ccc21,CCOC(=O)CC1(O)Cc2ccc(OC)cc2Cc2ccccc21,CCOC(=O)CC1Cc2ccc(OC)cc2Cc2cc(F)ccc21,not_reduction
O=C(c1ccccc1C(F)(F)F)N1CCN(Cc2ccccc2)CC1,CO.O=C[O-].[NH4+],O=C(c1ccccc1C(F)(F)F)N1CCNCC1,not_reduction
O=C(O)Cc1ccc(F)c(F)c1.O=S(Cl)Cl,ClCCCl,O=C(Cl)Cc1ccc(F)c(F)c1,not_reduction
CCOc1ncc(B(O)O)cn1.Cc1nn(C)cc1-n1c(=O)n(C)c2cnc3ccc(Br)cc3c21,,CCOc1ncc(-c2ccc3ncc4c(c3c2)n(-c2cn(C)nc2C)c(=O)n4C)cn1,not_reduction
O=C(O)Cn1cnc2c(=O)[nH]c(NC(=O)OC(c3ccccc3)c3ccccc3)nc21.O=C1CNCCN1S(=O)(=O)c1nc2ccccc2s1,O=C(O)C(F)(F)F,O=C(Nc1nc2c(ncn2CC(=O)N2CCN(S(=O)(=O)c3nc4ccccc4s3)C(=O)C2)c(=O)[nH]1)OC(c1ccccc1)c1ccccc1,not_reduction
CO.Cc1cccc(C)c1N1CC(C(=O)O)N(c2c(C)cccc2C)C1=N.Cl,Cl,COC(=O)C1CN(c2c(C)cccc2C)C(=N)N1c1c(C)cccc1C,not_reduction
CCOC(Cc1ccc(OCCc2ccc(N)cc2)cc1)C(=O)O.O=CO,C1CCOC1.CC(=O)OC(C)=O.Cl,CCOC(Cc1ccc(OCCc2ccc(NC=O)cc2)cc1)C(=O)O,not_reduction
CCc1ccc(C(=O)O)cc1.COc1cc(Cl)ccc1Br,CN(C)C=O.ClCCl.O.O=C(Cl)C(=O)Cl.[Al+3].[Cl-].[Cl-].[Cl-],CCc1ccc(C(=O)c2cc(Br)c(OC)cc2Cl)cc1,not_reduction
Nc1c(C(=O)O)cccc1[N+](=O)[O-],CO.[H][H],Nc1cccc(C(=O)O)c1N,reduction
CCC(F)(F)c1c(C(=O)O)noc1-c1ccccc1.Fc1nc(F)nc(F)n1,ClCCl.c1ccncc1,CCC(F)(F)c1c(C(=O)F)noc1-c1ccccc1,not_reduction
CCOC(=O)c1nc2n(c(=O)c1O)CCC1CC2(NC(=O)OCc2ccccc2)CO1.NCc1ccc(F)cc1,CCN(CC)CC.CCO,O=C(NC12COC(CCn3c1nc(C(=O)NCc1ccc(F)cc1)c(O)c3=O)C2)OCc1ccccc1,not_reduction
CCOC(=O)C(C)=Cc1cccc(-n2nc(C(C)(C)C)cc2N)c1,CO,CCOC(=O)C(C)Cc1cccc(-n2nc(C(C)(C)C)cc2N)c1,not_reduction
CC(C)CCNC(=O)c1ccc(N2CCC(N)C2)nn1.O=C(Cl)c1ccccc1C(F)(F)F,NC1C2CN(c3ccc(C(=O)NCCC4CC4)nn3)CC12,CC(C)CCNC(=O)c1ccc(N2CCC(NC(=O)c3ccccc3C(F)(F)F)C2)nn1,not_reduction
O=C1c2ccccc2C(=O)N1OCc1ccsc1Cl,CCO.NN,NOCc1ccsc1Cl,not_reduction
COc1ccc(SCCCN(C)CCCN2CCc3cc(OC)c(OC)cc3CC2=O)cc1OC.O=[Se]=O,,COc1ccc(SCCCN(C)CCCN2CCc3cc(OC)c(OC)cc3C(=O)C2=O)cc1OC,not_reduction
CC1COCCN1c1nc(-c2ccc(N)cc2)nc2c1CCN(c1ncccn1)C2.Cc1nnc(N)o1.Nc1ccc(-c2nc3c(c(N4CCOCC4)n2)CN(c2ncccn2)CC3)cc1,NCC1CC1,Cc1nnc(NC(=O)Nc2ccc(-c3nc4c(c(N5CCOCC5C)n3)CCN(c3ncccn3)C4)cc2)o1,not_reduction
CC(C)CB(CC(C)C)CC(C)C.Nc1ccccc1,CC(C)(C)C(=O)O.CC(C)C,CC(C)CB(CC(C)C)Nc1ccccc1,not_reduction
Cc1cc(Br)ccc1O.O=C([O-])[O-],C1CCOC1.CI.[K+].[K+],COc1ccc(Br)cc1C,not_reduction
COC(CCBr)OC.Cc1nc(C)c(-c2c[nH]c(=O)[nH]c2=O)o1,CN(C)C=O.O.O=C([O-])[O-].[K+].[K+],COC(CCn1cc(-c2oc(C)nc2C)c(=O)[nH]c1=O)OC,not_reduction
CC(C)(C)OC(=O)N1CCC(c2ccc(CCCO)cc2)C(OCc2ccc3ccccc3c2)C1.ClCc1ccccn1,,CC(C)(C)OC(=O)N1CCC(c2ccc(CCCOCc3ccccn3)cc2)C(OCc2ccc3ccccc3c2)C1,not_reduction
COC(=O)c1cc(C2CCCN2C(=O)OC(C)(C)C)c2oc(N3CCOCC3)cc(=O)c2c1,Cl.ClCCl,COC(=O)c1cc(C2CCCN2)c2oc(N3CCOCC3)cc(=O)c2c1,not_reduction
Cc1ccc([N+](=O)[O-])c(-c2nc(CN(C)C)no2)c1,C1COCCO1.O,Cc1ccc(N)c(-c2nc(CN(C)C)no2)c1,not_reduction
O=C(c1ccccc1)C1CC1.c1c[nH]cn1,ClCCl,C1=C(c2ccccc2)c2nccn2CC1,not_reduction
CC(C)(C)OC(=O)NCCN.CCOC(=O)c1nocc1-c1ccccc1,,CC(C)(C)OC(=O)NCCNC(=O)c1nocc1-c1ccccc1,not_reduction
CN(C(=O)OC(C)(C)C)C1CCN(CC2(C)Cn3cc([N+](=O)[O-])nc3O2)CC1.O=C(Cl)OCc1ccccc1,CCN(CC)CC.ClCCl.O.O=C(O)C(F)(F)F,CN(C(=O)OCc1ccccc1)C1CCN(CC2(C)Cn3cc([N+](=O)[O-])nc3O2)CC1,not_reduction
COc1cc(O)c(C=O)cc1-c1cccs1.C[SiH](C)OC(C(CO[Si](C)(C)C(C)(C)C)COS(C)(=O)=O)C(C)(C)C,CN(C)C=O.O.O=C([O-])[O-].[K+].[K+],COc1cc(OCC(CO[Si](C)(C)C(C)(C)C)C(O[SiH](C)C)C(C)(C)C)c(C=O)cc1-c1cccs1,not_reduction
CCOC(=O)c1cc(Br)nc2[nH]ncc12.Cc1cc(C)c(CN)c(=O)[nH]1,CCO.CS(C)=O.[Na+].[OH-],Cc1cc(C)c(CNC(=O)c2cc(Br)nc3[nH]ncc23)c(=O)[nH]1,not_reduction
CC(C)Nc1ccc(Cl)nc1.CCOc1ccc(N)cn1,CC(C)=O,CCOc1ccc(NC(C)C)cn1,not_reduction
CCOC(=O)c1ccc(NC)cc1.O=Cc1ccccc1,CCN(CC)CC.ClB(Cl)Cl.O.c1ccccc1,CCOC(=O)c1ccc(NC)c(C(O)c2ccccc2)c1,not_reduction
CCCCC(CNOCc1ccccc1)C(=O)NC(C(=O)c1nccn1C)C(C)(C)C.O=CCC(=O)OC(=O)CC=O,ClCCl,CCCCC(CN(C=O)OCc1ccccc1)C(=O)NC(C(=O)c1nccn1C)C(C)(C)C,not_reduction
CC(=O)O.CCOC(=O)c1cc2oc3ccc(Cl)cc3c(=O)c2nc1N,O.O=N[O-].[Na+],CCOC(=O)c1cc2oc3ccc(Cl)cc3c(=O)c2nc1O,not_reduction
CC(C)Oc1ccc(OCc2ccccc2)cc1-c1nc2ccc(CCl)nc2[nH]1.N#C[K],CN(C)C=O.O,CC(C)Oc1ccc(OCc2ccccc2)cc1-c1nc2ccc(CC#N)nc2[nH]1,not_reduction
CC(C)(C)CC(C[N+](=O)[O-])C1C(=O)Nc2cc(Cl)ccc21,CO.[Cl-].[NH4+].[Zn],CC(C)(C)CC(CN)C1C(=O)Nc2cc(Cl)ccc21,not_reduction
CCN1C(=O)CCC(C)(C)c2cc(N)ccc21.CNC(=O)c1cccc(F)c1Nc1nc(Cl)ncc1Cl,CC(C)O,CCN1C(=O)CCC(C)(C)c2cc(Nc3ncc(Cl)c(Nc4c(F)cccc4C(=O)NC)n3)ccc21,not_reduction
Brc1cccnc1.CC(C)(C)OC(=O)N1CCC2(CCNCC2)CC1,CC(=O)[O-].CC(=O)[O-].Cc1ccccc1.Cl.[Pd+2].c1ccc(P(c2ccccc2)c2ccc3ccccc3c2-c2c(P(c3ccccc3)c3ccccc3)ccc3ccccc23)cc1,CC(C)(C)OC(=O)N1CCC2(CC1)CCN(c1cccnc1)CC2,not_reduction
CC(CO)Nc1nc(Cl)ncc1-c1cccs1.CS(=O)(=NC(=O)Nc1cccnc1)c1ccc(N)cc1,,CC(CO)Nc1nc(Nc2ccc(S(C)(=O)=NC(=O)Nc3cccnc3)cc2)ncc1-c1cccs1,not_reduction
C=C(C)CBr.Cc1cc(C)c(C)c(O)c1,CCOC(C)=O.CN(C)C=O.O.O=C([O-])[O-].[K+].[K+],C=C(C)COc1cc(C)cc(C)c1C,not_reduction
COCCOc1cc(C(=O)OC)ccc1OC.O=[N+]([O-])O,CC(=O)O.CC(=O)OC(C)=O,COCCOc1cc(C(=O)OC)c([N+](=O)[O-])cc1OC,not_reduction
CC1COc2c(F)c(F)cc3c(=O)c(C(=O)O)cn1c23.CN1CCNCC1,CS(C)=O,CC1COc2c(N3CCN(C)CC3)c(F)cc3c(=O)c(C(=O)O)cn1c23,not_reduction
C[Si](C)(C)Cl.Fc1cc(F)cc(Cl)c1,C1CCOC1.[Cl-].[Li]CCCC.[NH4+],C[Si](C)(C)c1c(F)cc(Cl)cc1F,not_reduction
CC(C)CCC(O)C(C)C1CCC2C3=CC=C4CC(OC5CCCCO5)CC(OC5CCCCO5)C4(C)C3CCC21C.CS(=O)(=O)Cl,O.c1ccncc1,CC(C)CCC(OS(C)(=O)=O)C(C)C1CCC2C3=CC=C4CC(OC5CCCCO5)CC(OC5CCCCO5)C4(C)C3CCC21C,not_reduction
CCCBr.O=C1Nc2ccccc2Sc2ccccc21,CN(C)C=O.[H-].[Na+],CCCN1C(=O)c2ccccc2Sc2ccccc21,not_reduction
CS(=O)(=O)Cl.Nc1ncnn2c(C3CCCNCC3)cc(-c3ccc4cn(Cc5ccccc5)nc4c3)c12,CCN(C(C)C)C(C)C.CN(C)C=O,CS(=O)(=O)N1CCCC(c2cc(-c3ccc4cn(Cc5ccccc5)nc4c3)c3c(N)ncnn23)CC1,not_reduction
COC(=O)c1cccc2oc(N3C(C)CN(C(=O)N4CCCCC4)CC3C)nc12,[I-].[Li+].c1ccncc1,CC1CN(C(=O)N2CCCCC2)CC(C)N1c1nc2c(C(=O)O)cccc2o1,not_reduction
CC(=O)OCC(=O)Cl.CC(C)CN1CCC2(CC1)CCN(Cc1ccc(CNCC(Cc3nccn3COCC[Si](C)(C)C)Cc3nccn3COCC[Si](C)(C)C)cc1)C2,CCN(CC)CC.ClCCl.O,CC(=O)OCC(=O)N(Cc1ccc(CN2CCC3(CCN(CC(C)C)CC3)C2)cc1)CC(Cc1nccn1COCC[Si](C)(C)C)Cc1nccn1COCC[Si](C)(C)C,not_reduction
COC(=O)c1cc(Br)cc2c1c(C)cn2C(C)C.N#C[Zn]C#N,CCOC(C)=O.CN(C)C=O.O=C([O-])[O-].[Na+].[Na+],COC(=O)c1cc(C#N)cc2c1c(C)cn2C(C)C,not_reduction
CCN1CCNCC1.O=C(CCc1cccc(Oc2ccnc(NC(=O)CCl)c2)c1)Nc1ccc(Cl)c(C(F)(F)F)c1,CN(C)C=O.O=C([O-])[O-].[K+].[K+],CCN1CCN(CC(=O)Nc2cc(Oc3cccc(CCC(=O)Nc4ccc(Cl)c(C(F)(F)F)c4)c3)ccn2)CC1,not_reduction
Nc1ccc(O)cc1.O=C1C=CC(=O)O1,CN(C)C=O.O,O=C1C=CC(=O)N1c1ccc(O)cc1,not_reduction
CC(C)(C)OC(=O)C=Cc1ccc(C(=C2CCCCCC2)c2ccccc2)cc1,ClCCl.O=C(O)C(F)(F)F,O=C(O)C=Cc1ccc(C(=C2CCCCCC2)c2ccccc2)cc1,not_reduction
COc1ccc2[nH]c(CO)nc2c1.O=S(Cl)Cl,ClCCl,COc1ccc2[nH]c(CCl)nc2c1,not_reduction
CC(=O)Cl.COc1ccc(-c2cnc(N)c(Cc3ccccc3)n2)cc1,ClC(Cl)Cl.O=C([O-])O.[Na+].c1ccncc1,COc1ccc(-c2cnc(NC(C)=O)c(Cc3ccccc3)n2)cc1,not_reduction
CC(C)(CCC(=O)O)C(=O)O.NC(N)=O,O,CC1(C)CCC(=O)NC1=O,not_reduction
CO.N#CC(c1ccnc(Cl)n1)c1nc2ccccc2s1,CCN(CC)CC,COc1nccc(C(C#N)c2nc3ccccc3s2)n1,not_reduction
CCC(=O)CC(=O)OC.Fc1ccc(CBr)c(F)c1,C1CCOC1.CC(C)(C)O.CC(C)(C)[O-].O.[K+],CCC(=O)C(Cc1ccc(F)cc1F)C(=O)OC,not_reduction
C#CCOC.COC(=O)c1cc(I)c(C(F)(F)F)cc1N,C1COCCO1.CCN(CC)CC.[Cu]I,COCC#Cc1cc(C(=O)OC)c(N)cc1C(F)(F)F,not_reduction
CNCC(=O)OC.COCc1cc(-c2nc(-c3ccc(C(=O)Cl)c(F)c3)no2)ccc1-c1ccccc1C,C1CCOC1.CN(C)C=O.Cl.[N-]=C=O,COCc1cc(-c2nc(-c3ccc(C(=O)N(C)CC(=O)OC)c(F)c3)no2)ccc1-c1ccccc1C,not_reduction
CC(C)(C)OC(=O)c1ccc(-c2ccccc2)cc1NC(=O)c1cc(-c2cncnc2)ccc1O,ClCCl.O=C(O)C(F)(F)F,O=C(Nc1cc(-c2ccccc2)ccc1C(=O)O)c1cc(-c2cncnc2)ccc1O,not_reduction
Cc1c(C(F)(F)F)nn(C(C)C)c1O.FC(F)Cl,CC(C)O.O.[K+].[OH-],Cc1c(C(F)(F)F)nn(C(C)C)c1OC(F)F,not_reduction
CC(=O)Cl.CC1(C)CCCNc2cc([N+](=O)[O-])ccc21,ClCCl.O.O=C([O-])O.[Na+],CC(=O)N1CCCC(C)(C)c2ccc([N+](=O)[O-])cc21,not_reduction
CS(=O)(=O)Cl.O=C1NC(=O)c2ccccc2C1=CNc1ccc(CO)cc1,CCN(CC)CC.CN(C)C=O,CS(=O)(=O)OCc1ccc(NC=C2C(=O)NC(=O)c3ccccc32)cc1,not_reduction
CCI.O=c1c(O)cn(-c2cccc(C(F)(F)F)c2)nc1-c1ccnn1-c1ccccc1,CN(C)C=O.O.O=C([O-])[O-].[K+].[K+],CCOc1cn(-c2cccc(C(F)(F)F)c2)nc(-c2ccnn2-c2ccccc2)c1=O,not_reduction
CC(=O)NCC1CN(c2cc(F)c(N3CC(=NO)C4(CC4)C3)c(F)c2)C(=O)O1.CCBr,CN(C)C=O.[K+].[OH-],CCON=C1CN(c2c(F)cc(N3CC(CNC(C)=O)OC3=O)cc2F)CC12CC2,not_reduction
COc1ccc(CSc2nc(Cl)cc(Cl)n2)cc1.Cc1cc(N)n[nH]1,CCN(C(C)C)C(C)C.[I-].[Na+],COc1ccc(CSc2nc(Cl)cc(Nc3cc(C)n[nH]3)n2)cc1,not_reduction
Cc1ccc(N(CC(=O)O)S(=O)(=O)c2ccc(C(C)(C)C)cc2)cc1.OCCNCCO,,Cc1ccc(N(CC(=O)N(CCO)CCO)S(=O)(=O)c2ccc(C(C)(C)C)cc2)cc1,not_reduction
Cc1cc(CO)nc2c1[nH]c(=O)n2-c1cc(S(=O)(=O)N2CCCCc3ccccc32)ccc1Cl,CCOC(C)=O.CN(C)C=O,Cc1cc(C=O)nc2c1[nH]c(=O)n2-c1cc(S(=O)(=O)N2CCCCc3ccccc32)ccc1Cl,not_reduction
CN.O=C([O-])c1c(O)cccc1O,C1CCOC1,CNC(=O)c1c(O)cccc1O,not_reduction
COc1cc(OCCN(C)C)ccc1[N+](=O)[O-],CCOC(C)=O.[H][H],COc1cc(OCCN(C)C)ccc1N,reduction
COC(=O)NCCc1ccc(Cl)c(CN(C(=O)OC(C)(C)C)C2CC2)c1,Cl.ClCCl,COC(=O)NCCc1ccc(Cl)c(CNC2CC2)c1,not_reduction
COc1ccc2c(c1)C(CCC(=O)O)c1ccccc1-2.O=S(Cl)Cl,,COc1ccc2c(c1)C(CCC(=O)Cl)c1ccccc1-2,not_reduction
CCCCOC(=O)c1nc(N2CCC(NC(=O)c3nc(Cl)c(CC)[nH]3)C(OCC)C2)oc1C,C1CCOC1.CO.[Li+].[OH-],CCOC1CN(c2nc(C(=O)O)c(C)o2)CCC1NC(=O)c1nc(Cl)c(CC)[nH]1,not_reduction
Cc1ccc(NC(=O)OC(C)(C)C)cc1Oc1ccc2nc(NC(=O)C3CC3)nn2c1,O=C(O)C(F)(F)F,Cc1ccc(N)cc1Oc1ccc2nc(NC(=O)C3CC3)nn2c1,not_reduction
CCN=C=NCCCN(C)C.COC(=O)c1c(-c2ccccc2)c2cc(C(=O)O)ccc2c(=O)n1Cc1ccc(C(=O)OC(C)(C)C)cc1,C1CCOC1.CCN(CC)CC.Cl.O.O.On1nnc2ccccc21.[Cl-].[NH4+],COC(=O)c1c(-c2ccccc2)c2cc(C(N)=O)ccc2c(=O)n1Cc1ccc(C(=O)OC(C)(C)C)cc1,not_reduction
CC(C)(C)OC(=O)N1CC(n2nccc2-c2cc(Cl)ccc2O)C1.COc1ccc(CN(c2ncns2)S(=O)(=O)c2cc(F)c(F)cc2F)c(OC)c1,CCOC(C)=O.COC(C)(C)C.CS(C)=O.ClCCl.O.O=C([O-])[O-].[K+].[K+],COc1ccc(CN(c2ncns2)S(=O)(=O)c2cc(F)c(Oc3ccc(Cl)cc3-c3ccnn3C3CN(C(=O)OC(C)(C)C)C3)cc2F)c(OC)c1,not_reduction
N#Cc1ccccc1-n1cncn1,CCO,NCc1ccccc1-n1cncn1,not_reduction
COc1cccc(CSc2ccc(Cl)cc2NS(=O)(=O)c2cc3ccccc3o2)c1,BrB(Br)Br.CCOC(C)=O.ClCCl,O=S(=O)(Nc1cc(Cl)ccc1SCc1cccc(O)c1)c1cc2ccccc2o1,not_reduction
Clc1ccc2ccccc2n1.O=[N+]([O-])c1ccc(O)cc1,CN(C)C=O.O.[H-].[Na+],O=[N+]([O-])c1ccc(Oc2ccc3ccccc3n2)cc1,not_reduction
O=C=NC(=O)C(c1ccccc1)c1ccccc1.OC1CCCC1,,O=C(NC(=O)C(c1ccccc1)c1ccccc1)OC1CCCC1,not_reduction
CC(C)N(CCN1C(=O)C(=O)c2ccccc21)C(C)C.CNC(=O)NN,CC(=O)O.CCO.O,CNC(=O)NN=C1C(=O)N(CCN(C(C)C)C(C)C)c2ccccc21,not_reduction
CC(=O)Cl.N#CC1(c2cccc(C(=O)Nc3cccc(Oc4ccc5nc(N)sc5c4)c3)c2)CC1,C1CCOC1.CCN(CC)CC.CCOC(C)=O.O,CC(=O)Nc1nc2ccc(Oc3cccc(NC(=O)c4cccc(C5(C#N)CC5)c4)c3)cc2s1,not_reduction
Cc1cccc(C2CC2)c1[O-].Oc1cc(Cl)nnc1Cl,Cc1cccc(C2CC2)c1O.Cc1ccccc1.O.OC1CCCCC1.[Na+],Cc1cccc(C2CC2)c1Oc1nnc(Cl)cc1O,not_reduction
C[O-].Fc1ccc(C(F)(F)F)cc1OCc1ccccc1,CO.[Na+],COc1ccc(C(F)(F)F)cc1OCc1ccccc1,not_reduction
CC1=CC(=C(C#N)C#N)C=C(C)O1.CCCCC(CC)CN,,CCCCC(CC)CN1C(C)=CC(=C(C#N)C#N)C=C1C,not_reduction
CCCOC(=O)Cl.Cc1cc(C(=O)NCc2ccc(C(=N)N)cc2)c(C)n1-c1ccc(F)cc1,C1CCOC1.Cl.O.O=C([O-])[O-].[K+].[K+],CCCOC(=O)N=C(N)c1ccc(CNC(=O)c2cc(C)n(-c3ccc(F)cc3)c2C)cc1,not_reduction
CCOCCn1c(N2CCCNCC2)nc2ccccc21.COc1ccccc1CN1CCC(CCOS(C)(=O)=O)(Cc2ccc(F)cc2)C1=O,,CCOCCn1c(N2CCCN(CCC3(Cc4ccc(F)cc4)CCN(Cc4ccccc4OC)C3=O)CC2)nc2ccccc21,not_reduction
CCCc1c(OCc2ccc(C(=O)c3cncc(C#N)c3)cc2)ccc(C(C)=O)c1O.O.[OH-],C1COCCO1.[Li+],CCCc1c(OCc2ccc(C(=O)c3cncc(C(=O)O)c3)cc2)ccc(C(C)=O)c1O,not_reduction
CC(C)(C)OC(=O)N1CCCC1C(=O)O.O=C(CBr)c1ccccc1,CCN(CC)CC.CCOC(C)=O.O,CC(C)(C)OC(=O)N1CCCC1C(=O)OCC(=O)c1ccccc1,not_reduction
CC(=O)Oc1ccccc1C(=O)Nc1ccc(C(F)(F)F)cc1,CO.c1c[nH]cn1,O=C(Nc1ccc(C(F)(F)F)cc1)c1ccccc1O,not_reduction
CCOC(=O)CP(=O)(OCC)OCC.O=Cc1ccn(C2CCCCCC2)c1,Cc1ccccc1.[H-].[Na+],CCOC(=O)C=Cc1ccn(C2CCCCCC2)c1,not_reduction
CCCCCCCCCCCCCCCCO.N#CCC(=O)O,C(=NC1CCCCC1)=NC1CCCCC1.CCCCCC.CCOC(C)=O.CN(C)c1ccncc1.ClCCl,CCCCCCCCCCCCCCCCOC(=O)CC#N,not_reduction
CCCCc1noc(C(O)C(O)c2ccccc2)c1COc1ccc(C(=O)OC)cn1,CC(=O)[O-].CC(=O)[O-].CC(=O)[O-].CC(=O)[O-].[BH4-].[Na+].[Pb+4].c1ccccc1,CCCCc1noc(CO)c1COc1ccc(C(=O)OC)cn1,reduction
O=C1NCCC12CCC1(CC2)OCCO1.OC(c1ccc(I)cc1)C(F)(F)F,CN(C)C=O.CNCCNC.O=P([O-])([O-])[O-].[I-].[K+].[K+].[K+],O=C1N(c2ccc(C(O)C(F)(F)F)cc2)CCC12CCC1(CC2)OCCO1,not_reduction
COc1c(O[Si](C)(C)C(C)(C)C)cc(F)c(F)c1C(=O)c1cnc(NC2CCN(S(C)(=O)=O)CC2)nc1N,C1CCOC1.CCCC[N+](CCCC)(CCCC)CCCC.[F-],COc1c(O)cc(F)c(F)c1C(=O)c1cnc(NC2CCN(S(C)(=O)=O)CC2)nc1N,not_reduction
COc1ccc(C2=CN3C(=O)c4cc(OC)c(OC)cc4N(COCC[Si](C)(C)C)C(=O)C3C2)cc1,C1CCOC1.CCO.O.[BH4-].[BH4-].[BH4-].[BH4-].[Na+].[Na+].[Na+].[Na+],COc1ccc(C2=CN3C(=O)c4cc(OC)c(OC)cc4N=CC3C2)cc1,reduction
CC(C)(C)OC(=O)NCC(O)CP(=O)(CC1CCCCC1)Oc1ccccc1.Cl,CCOC(C)=O,NCC(O)CP(=O)(CC1CCCCC1)Oc1ccccc1,not_reduction
CN(C)C1(Cc2ccccc2)CCC(=O)CC1.NCc1ccccc1,C1CCOC1.CC(=O)O.CC(=O)O[BH-](OC(C)=O)OC(C)=O.[Na+].[Na+].[OH-],CN(C)C1(Cc2ccccc2)CCC(NCc2ccccc2)CC1,reduction
Cc1ccc2ncoc2c1.O=C1CCC(=O)N1Br,CC(C)(C#N)N=NC(C)(C)C#N.ClC(Cl)Cl,BrCc1ccc2ncoc2c1,not_reduction
OC1CN(C(c2ccccc2)c2ccccc2)C1.Sc1ccc(Cl)cc1,CC(C)OC(C)C.CCCC[N+](CCCC)(CCCC)CCCC.CCN(CC)CC.CS(=O)(=O)Cl.Cc1ccccc1.O.[Br-].[Na+].[OH-],Clc1ccc(SC2CN(C(c3ccccc3)c3ccccc3)C2)cc1,not_reduction
Cc1oc(-c2ccccc2)nc1CCOc1ccc(CCC(=O)OC(C)(C)C)c(COC(=O)NC2CCCCC2)c1,ClCCl.O=C(O)C(F)(F)F,Cc1oc(-c2ccccc2)nc1CCOc1ccc(CCC(=O)O)c(COC(=O)NC2CCCCC2)c1,not_reduction
Nc1ccccc1.O=C=NC(=O)C(Br)CBr,c1ccccc1,O=C(NC(=O)C(Br)CBr)Nc1ccccc1,not_reduction
CCCN.Nc1nc(I)nc2c1nc(Br)n2C1OC(CO)C(O)C1O,CO.ClCCl,CCCNc1nc2c(N)nc(I)nc2n1C1OC(CO)C(O)C1O,not_reduction
CC(C)(C)OC(=O)Cn1ccc2c(O)cccc21.Cc1nc(-c2ccc(C(F)(F)F)cc2)sc1CCCO,CCCCP(CCCC)CCCC,Cc1nc(-c2ccc(C(F)(F)F)cc2)sc1CCCOc1cccc2c1ccn2CC(=O)OC(C)(C)C,not_reduction
N#Cc1cnc(Nc2ccccc2)nc1N.O=CO,O,Nc1nc(Nc2ccccc2)ncc1C=O,not_reduction
O=[N+]([O-])c1cc(OCC2CCCN2)cc(C(F)(F)F)c1.[BH3-]C#N,C=O.CC#N.CC(=O)O.[Na+],CN1CCCC1COc1cc([N+](=O)[O-])cc(C(F)(F)F)c1,reduction
Cc1cc(CO)no1.Cc1ccccc1N1C(=O)NC(=O)C12CCN(C(=O)c1cc(C(F)(F)F)cc(C(F)(F)F)c1)CC2,,Cc1cc(CN2C(=O)N(c3ccccc3C)C3(CCN(C(=O)c4cc(C(F)(F)F)cc(C(F)(F)F)c4)CC3)C2=O)no1,not_reduction
CC1OC(OCCCCCCCCCCO)C(OCc2ccccc2)C(OCc2ccccc2)C1OCc1ccccc1,CCO.ClCCl.O=S(=O)(O)O.O=[Cr](=O)([O-])O[Cr](=O)(=O)[O-].c1cc[nH+]cc1.c1cc[nH+]cc1,CC1OC(OCCCCCCCCCC=O)C(OCc2ccccc2)C(OCc2ccccc2)C1OCc1ccccc1,not_reduction
Brc1ccc2cc[nH]c2c1.CON(C)C(=O)c1ccc(Cl)c(S(N)(=O)=O)c1,C1CCOC1.[KH].[Li]C(C)(C)C,NS(=O)(=O)c1cc(C(=O)c2ccc3cc[nH]c3c2)ccc1Cl,not_reduction
COC(=O)Nc1nc2c(OC)ccc(-c3ccnc(C)c3)c2s1,Cl.O.OCCO.[K+].[OH-],COc1ccc(-c2ccnc(C)c2)c2sc(N)nc12,not_reduction
CC(=O)c1c[nH]c2ccccc12.O=S(=O)(Cl)c1ccccc1,CS(C)=O.O.[Cl-].[K+].[NH4+].[OH-],CC(=O)c1cn(S(=O)(=O)c2ccccc2)c2ccccc12,not_reduction
ClCc1ccccc1.O=C1C(Cc2ccncc2)c2cccnc2N1c1ccc(Cl)cc1,CO.[Na+].[OH-],O=C1N(c2ccc(Cl)cc2)c2ncccc2C1(Cc1ccccc1)Cc1ccncc1,not_reduction
COc1cc(N)cc(OC)c1OC.COc1cc2c(Cl)c(C#N)cnc2cc1F,CCOCCO.Cl.O=C([O-])O.[Na+].c1ccncc1,COc1cc2c(Nc3cc(OC)c(OC)c(OC)c3)c(C#N)cnc2cc1F,not_reduction
BrCc1ncc[nH]1.CCOC(=O)C1=C(C)N(c2cccc(C(F)(F)F)c2)C(=S)NC1c1ccc(C#N)cc1,Br.CC(C)=O.CCCC[N+](CCCC)(CCCC)CCCC.O=C([O-])[O-].[I-].[K+].[K+],CCOC(=O)C1=C(C)N(c2cccc(C(F)(F)F)c2)C(SCc2ncc[nH]2)=NC1c1ccc(C#N)cc1,not_reduction
C#C[Si](C)(C)C.COC(=O)c1ccc(C(=O)c2ccc(Br)cc2)cc1,C1CCOC1.CC(C)NC(C)C.O.[Cu]I,COC(=O)c1ccc(C(=O)c2ccc(C#C[Si](C)(C)C)cc2)cc1,not_reduction
CN=C(c1ccc(Cl)cc1)c1c(C)cc(CC(=O)OC)n1C.O=C([O-])O,CC(=O)[O-].CO.COS(=O)(=O)OC.O.[Na+].[Na+].[O-][Cl+3]([O-])([O-])O,COC(=O)Cc1cc(C)c(C(=O)c2ccc(Cl)cc2)n1C,not_reduction
Nc1cc(Cl)c(Oc2nc3ccc(Cl)cc3s2)c(Cl)c1.O=S(=O)(Cl)c1ccc(Cl)cc1Cl,Cl.O.c1ccncc1,O=S(=O)(Nc1cc(Cl)c(Oc2nc3ccc(Cl)cc3s2)c(Cl)c1)c1ccc(Cl)cc1Cl,not_reduction
Nc1c([N+](=O)[O-])cc(Br)c2c1CNCC2.O=CCCc1ccccc1,CO.Cl.O.[BH3-]C#N.[Na],Nc1c([N+](=O)[O-])cc(Br)c2c1CN(CCCc1ccccc1)CC2,reduction
CC(C)(C)[Si](C)(C)OC1CCC(=CC#N)CC1.CC1(C)OB(c2cn[nH]c2)OC1(C)C,C1CCC2=NCCCN2CC1.CC#N,CC1(C)OB(c2cnn(C3(CC#N)CCC(O[Si](C)(C)C(C)(C)C)CC3)c2)OC1(C)C,not_reduction
CSc1nccc(-c2c(-c3ccnc(F)c3)nn3ccccc23)n1.O=C(OO)c1cccc(Cl)c1,ClCCl,CS(=O)c1nccc(-c2c(-c3ccnc(F)c3)nn3ccccc23)n1,not_reduction
CC(C)(C)OC(=O)NCCNCCCc1c[nH]c2ccc(-n3cnnc3)cc12.O=Cc1ccccc1,CC(=O)O.CO.[BH3-]C#N.[Na+],CC(C)(C)OC(=O)NCCN(CCCc1c[nH]c2ccc(-n3cnnc3)cc12)Cc1ccccc1,reduction
COC(=O)C(C)(N)Cc1cccc(I)c1.N#CO[Na],CC(=O)O.O,COC(=O)C(C)(Cc1cccc(I)c1)NC(N)=O,not_reduction
O=C(Cl)OCc1ccccc1.OC1CCNCC1,CCN(CC)CC.ClCCl,O=C(OCc1ccccc1)N1CCC(O)CC1,not_reduction
COc1cc([N+](=O)[O-])ccc1CC(=O)O.C[Si](C)(C)C=[N+]=[N-],CO.ClCCl,COC(=O)Cc1ccc([N+](=O)[O-])cc1OC,not_reduction
CN(C)Cc1nc2ncccc2[nH]1.OCc1cc2ncccc2[nH]1,Cl,CN(C)Cc1cc2ncccc2[nH]1,not_reduction
CC(C)(C)OC(=O)N1CCNCC1.CCCC(=O)Cl,,CCCC(=O)N1CCN(C(=O)OC(C)(C)C)CC1,not_reduction
Cc1ccc(C)c(C)c1C.O=C(Cl)CCCl,,Cc1cc(C(=O)CCCl)c(C)c(C)c1C,not_reduction
COc1ccc(NC(C)C)cn1.O=C(Br)CBr,CCN(C(C)C)C(C)C.ClCCl.O,COc1ccc(N(C(=O)CBr)C(C)C)cn1,not_reduction
NCCCn1c2ccccc2c2nc3ccccc3nc21.O=C1CCCC(=O)O1,,O=C1CCCC(=O)N1CCCn1c2ccccc2c2nc3ccccc3nc21,not_reduction
CC(=O)O.COC(=O)C1CCC(NCC2CCCN2C(=O)Cc2ccc(NC(=O)Nc3ccccc3C)c(OC)c2)CC1,C=O.CO.[BH3-]C#N.[Na+],COC(=O)C1CCC(N(C)CC2CCCN2C(=O)Cc2ccc(NC(=O)Nc3ccccc3C)c(OC)c2)CC1,reduction
C=CCI.O=Cc1cc(Cl)cc(Cl)c1O,CN(C)C=O,C=CCOc1c(Cl)cc(Cl)cc1C=O,not_reduction
CON(C)C(=O)c1ccc(CCc2ccc3ccccc3n2)cc1.O=C(Cc1ccncc1)c1ccc(OCc2ccc3ccccc3n2)cc1,,O=C(Cc1ccncc1)c1ccc(CCc2ccc3ccccc3n2)cc1,not_reduction
CN(C)C1CCNC1.Cc1c(-c2ccccc2)c(F)c2oc(-c3ccccc3[N+](=O)[O-])nc2c1C#N,CCN(CC)CC.CS(C)=O,Cc1c(-c2ccccc2)c(N2CCC(N(C)C)C2)c2oc(-c3ccccc3[N+](=O)[O-])nc2c1C#N,not_reduction
CC(C)C=O.COC(=O)CC#N,CC(=O)O.CC(=O)[O-].[NH4+].c1ccccc1,COC(=O)C(C#N)=CC(C)C,not_reduction
CC(C)(C)OC(=O)N1CCCC(C(=O)c2cccc(F)c2OCC2CC2)C1.COCCCCCl,C1CCOC1.[Mg],COCCCCC(O)(c1cccc(F)c1OCC1CC1)C1CCCN(C(=O)OC(C)(C)C)C1,not_reduction
CCOC(=O)c1csc(C2CCN(C(=O)Cn3nc(C(F)(F)F)cc3C)CC2)n1,CO.Cl.[Na+].[OH-],Cc1cc(C(F)(F)F)nn1CC(=O)N1CCC(c2nc(C(=O)O)cs2)CC1,not_reduction
CC(=O)Nc1c(I)c(C(=O)[O-])c(I)c(N(C)C(C)=O)c1I.CC(Cl)OC(=O)Oc1ccccc1,CN(C)C=O.[I-].[K+].[K+],CC(=O)Nc1c(I)c(C(=O)OC(C)OC(=O)Oc2ccccc2)c(I)c(N(C)C(C)=O)c1I,not_reduction
CC(N)CCc1ccccc1.OCC1CO1,CC(C)O,CC(CCc1ccccc1)NCC(O)CO,not_reduction
COc1cccc2[nH]cc(C=C3C(=O)OC(C)(C)OC3=O)c12.[Mg+]C1CCCCC1,C1CCOC1.Cl.[Br-].[Cl-].[NH4+],COc1cccc2[nH]cc(C(C3CCCCC3)C3C(=O)OC(C)(C)OC3=O)c12,not_reduction
O=[N+]([O-])c1ccnc(Cl)c1.Oc1cccc2ccccc12,[H-].[Na+],Clc1cc(Oc2cccc3ccccc23)ccn1,not_reduction
COC(=O)CCCCc1nc(-c2ccccc2OC)c(C)o1,BrB(Br)Br.ClCCl,COC(=O)CCCCc1nc(-c2ccccc2O)c(C)o1,not_reduction
Cl.Nc1c(-c2ccc(Cl)cc2)c(-c2ccc(Cl)cc2Cl)nc2c1cnn2-c1ccccc1,CC#N.O=C([O-])O.O=N[O-].[Na+].[Na+],Clc1ccc(-c2c(-c3ccc(Cl)cc3Cl)nc3c(cnn3-c3ccccc3)c2Cl)cc1,not_reduction
CCN(C(C)C)C(C)C.O=C(O)c1cc2cccc(Br)c2s1,CC(=O)O.CN(C)C=O.[N-]=[N+]=NP(=O)(Oc1ccccc1)Oc1ccccc1,Nc1cc2cccc(Br)c2s1,not_reduction
CNC(C)C.O=C(O)c1cc(Cl)nc(Cl)c1,O,CC(C)N(C)c1cc(C(=O)O)cc(Cl)n1,not_reduction
OCc1cnc(Cl)c(Cl)c1,CCCCCC.ClCCl.O=[Mn]=O,O=Cc1cnc(Cl)c(Cl)c1,not_reduction
C1CNCCN1.Cc1cc(C)nc(Cl)c1,COCCOCCOC.O.[Cl-].[Na+],Cc1cc(C)nc(N2CCNCC2)c1,not_reduction
CCN(CC)CCOc1ccc(N)cc1Cl.O=C(O)C#Cc1ccc(C(F)(F)F)cc1Cl,CO.ClCCl.N.[Cl-],CCN(CC)CCOc1ccc(NC(=O)C#Cc2ccc(C(F)(F)F)cc2Cl)cc1Cl,not_reduction
N#CCc1ccc(Cl)cc1.O=[N+]([O-])c1cc(Cl)c(Cl)c(Cl)c1,C1CCOC1.CC[N+](CC)(CC)Cc1ccccc1.Cl.[Cl-].[Na+].[OH-],N#CC(c1ccc(Cl)cc1)c1c(Cl)cc([N+](=O)[O-])cc1Cl,not_reduction
BrCc1ccc(-c2ccno2)cc1.CC1(C)CCNC(=O)C(NS(=O)(=O)c2ccc(Cl)cc2)C1,,CC1(C)CCNC(=O)C(N(Cc2ccc(-c3ccno3)cc2)S(=O)(=O)c2ccc(Cl)cc2)C1,not_reduction
COC(=O)CCc1oc(Cl)nc1-c1ccccc1.Oc1ccc(S)cc1,CN(C)C=O.O.O=C([O-])[O-].[K+].[K+],COC(=O)CCc1oc(Sc2ccc(O)cc2)nc1-c1ccccc1,not_reduction
CCC(=O)Cl.O=C(NC1CNC1)c1c[nH]c2c(-c3c(OCC4CC4)ccc4c3OCO4)ncnc12,,CCC(=O)N1CC(NC(=O)c2c[nH]c3c(-c4c(OCC5CC5)ccc5c4OCO5)ncnc23)C1,not_reduction
COC(=O)c1cccc([N+](=O)[O-])c1C,CC(=O)O,COC(=O)c1cccc(N)c1C,not_reduction
CNC(=O)c1c(-c2ccc(F)cc2)oc2ccc(-c3cc(C(=O)O)ccc3C)cc12.NC1(c2ncc(F)cn2)CC1,CCN(CC)CC.CN(C)C=O,CNC(=O)c1c(-c2ccc(F)cc2)oc2ccc(-c3cc(C(=O)NC4(c5ncc(F)cn5)CC4)ccc3C)cc12,not_reduction
CCN1CCOCC1.COc1ccc(S(=O)(=O)N(CC(=O)O)c2c(Cc3c(F)cccc3F)cccc2OC)cc1OC,C1CCOC1.CCN.CCOC(=O)Cl.CCOC(C)=O,CCNC(=O)CN(c1c(Cc2c(F)cccc2F)cccc1OC)S(=O)(=O)c1ccc(OC)c(OC)c1,not_reduction
C=C1CCCN(S(C)(=O)=O)c2nc3oc(-c4ccc(F)cc4)c(C(=O)NC)c3cc21.CNC(=O)c1c(-c2ccc(F)cc2)oc2nc3c(cc12)C(C)=CCCN3S(C)(=O)=O,B.C1CCOC1.C1CCOC1.CCOC(C)=O.OO.[Na+].[OH-],CNC(=O)c1c(-c2ccc(F)cc2)oc2nc3c(cc12)C(C)(O)CCCN3S(C)(=O)=O,not_reduction
COc1ccc(C(N)=O)cc1C(=O)O.Nc1ccc(Cl)cc1Cl,,COc1ccc(C(N)=O)cc1C(=O)Nc1ccc(Cl)cc1Cl,not_reduction
CC(C)(C)OC(=O)N1CCC(O)(c2cc(C(=O)O)c3ccccc3c2)CC1.C[Si](C)(C)C=[N+]=[N-],CC(=O)O.CO,COC(=O)c1cc(C2(O)CCN(C(=O)OC(C)(C)C)CC2)cc2ccccc12,not_reduction
Br[Mg]c1ccccc1.CC(=O)CCO[Si](C)(C)C(C)(C)C,C1CCOC1,CC(O)(CCO[Si](C)(C)C(C)(C)C)c1ccccc1,not_reduction
COc1ccc(NS(=O)(=O)c2cccc(OC(F)F)c2)cc1N1CCN(C(=O)OC(C)(C)C)CC1.FCCCBr,[H-].[Na+],COc1ccc(N(CCCF)S(=O)(=O)c2cccc(OC(F)F)c2)cc1N1CCN(C(=O)OC(C)(C)C)CC1,not_reduction
NCc1ccc(F)cc1.O=[N+]([O-])c1cnccc1Cl,O.O=C([O-])[O-].[Na+].[Na+],O=[N+]([O-])c1cnccc1NCc1ccc(F)cc1,not_reduction
Brc1ccccn1.C[Sn](C)(C)Cl,CCCCCC.[Cl-].[Li]CCCC.[NH4+].c1ccccc1,C[Sn](C)(C)c1ccccn1,not_reduction
CS(=O)(=O)O.Cc1ccc(NC(=O)c2ccc(CN3CCN(C)CC3)cc2)cc1Nc1nccc(-c2cccnc2)n1,CCO.O,CS(=O)(=O)O,not_reduction
O=C(NCc1ccccc1)N1CCCC1C(=O)N1CCCC1C(O)CCO,CC(C)(C)[Si](C)(C)Cl.CCN(CC)CC.CN(C)c1ccncc1.ClC(Cl)Cl.ClCCl,O=C(CCO)C1CCCN1C(=O)C1CCCN1C(=O)NCc1ccccc1,not_reduction
COc1ccc2oc(C(=O)O)cc2c1,BrB(Br)Br.ClCCl.[Cl-].[NH4+],O=C(O)c1cc2cc(O)ccc2o1,not_reduction
CCCCOCCOc1ccc(-c2ccc3c(c2)C=C(C(=O)Nc2ccc(SCc4c(C)ncn4CCC)cc2)CCN3CC(C)C)cc1.O=C(OO)c1cccc(Cl)c1,CSC.ClCCl.O,CCCCOCCOc1ccc(-c2ccc3c(c2)C=C(C(=O)Nc2ccc(S(=O)Cc4c(C)ncn4CCC)cc2)CCN3CC(C)C)cc1,not_reduction
C=C(C)CBr.CC(=O)Nc1cc([N+](=O)[O-])ccc1Br,CN(C)C=O.[H-].[Na+],C=C(C)CN(C(C)=O)c1cc([N+](=O)[O-])ccc1Br,not_reduction
O=CN1CC=C(c2ccc(N3CC(CN(C(=O)OCC(Cl)(Cl)Cl)c4ccon4)OC3=O)cc2F)CC1,CC(=O)O.[Zn],O=CN1CC=C(c2ccc(N3CC(CNc4ccon4)OC3=O)cc2F)CC1,not_reduction
CCOC(=O)C=C(C)Oc1ccc(OC)cc1.O=C1CCC(=O)N1Br,ClC(Cl)(Cl)Cl.O=C(OOC(=O)c1ccccc1)c1ccccc1,CCOC(=O)C=C(CBr)Oc1ccc(OC)cc1,not_reduction
CCOC(C#CC(O)COCc1ccccc1)OCC,CCO.O.O=N[O-].O=[Pt].[Na+],CCOC(CCC(O)COCc1ccccc1)OCC,not_reduction
CC(N)C(C)(C)C.O=C(O)c1c(CN2CCC(N3CCCCC3)CC2)c(-c2ccccc2)nc2ccccc12,C1CCOC1.CCN(CC)CC.CN(C)C(On1nnc2ccccc21)=[N+](C)C.Cl.Cl.ClCCl.F[P-](F)(F)(F)(F)F,CC(NC(=O)c1c(CN2CCC(N3CCCCC3)CC2)c(-c2ccccc2)nc2ccccc12)C(C)(C)C,not_reduction
CCOc1cc2cccnc2c(N)n1.O=C1CCC(=O)N1Cl,ClCCl,CCOc1nc(N)c2ncccc2c1Cl,not_reduction
OO.Oc1cccc2cccnc12,ClCCl,[O-][n+]1cccc2cccc(O)c21,not_reduction
CS(=O)(=O)c1cc([N+](=O)[O-])cc(C(F)(F)F)c1,CO,CS(=O)(=O)c1cc(N)cc(C(F)(F)F)c1,not_reduction
CC(=O)OC(C)=O.CCCCC(CN)(Cn1cncn1)c1ccccc1,c1ccncc1,CCCCC(CNC(C)=O)(Cn1cncn1)c1ccccc1,not_reduction
NCc1ccccc1.O=C1Nc2ccc(S(=O)(=O)Cl)cc2C1(Cl)Cl,Cl.ClCCl,O=C1Nc2ccc(S(=O)(=O)NCc3ccccc3)cc2C1(Cl)Cl,not_reduction
COc1ccccc1B(O)O.O=C(c1cccc(CNCCNc2ccccc2Br)c1)N1CCCCC1,CCO.Cc1ccccc1.O=C([O-])[O-].[Na+].[Na+].c1ccc(P(c2ccccc2)(c2ccccc2)[Pd](P(c2ccccc2)(c2ccccc2)c2ccccc2)(P(c2ccccc2)(c2ccccc2)c2ccccc2)P(c2ccccc2)(c2ccccc2)c2ccccc2)cc1,COc1ccccc1-c1ccccc1NCCNCc1cccc(C(=O)N2CCCCC2)c1,not_reduction
CC(O[Si](C)(C)C(C)(C)C)c1ncc(Cn2ncc(N)n2)o1.Cc1cccc(-c2oc(C)nc2C(=O)O)c1,CN(C)c1ccncc1.ClCCCl.ClCCl.N#N.O.On1nnc2ccccc21,Cc1cccc(-c2oc(C)nc2C(=O)Nc2cnn(Cc3cnc(C(C)O[Si](C)(C)C(C)(C)C)o3)n2)c1,not_reduction
CCOC(=O)Cc1c(-c2ccc(C)cc2)nc2[nH]c3ccccc3n12.CN,CO,CNC(=O)Cc1c(-c2ccc(C)cc2)nc2[nH]c3ccccc3n12,not_reduction
CCOC(=O)C1CCN(C(=O)c2ccc(OC)cc2)C1.CCOC(=O)Cl,C1CCOC1.C[Si](C)(C)[N-][Si](C)(C)C.[Li+],CCOC(=O)C1(C(=O)OCC)CCN(C(=O)c2ccc(OC)cc2)C1,not_reduction
COc1cc2ncc(C#N)c(Cl)c2cc1OC.Nc1ccc(Oc2ccccc2)cc1,CCOCCO.Cl.c1ccncc1,COc1cc2ncc(C#N)c(Nc3ccc(Oc4ccccc4)cc3)c2cc1OC,not_reduction
CCc1c(NCC(NC(=O)OCC23CC4CC(CC(C4)C2)C3)C(=O)OC(C)(C)C)ncnc1N1CCC(c2ccc3c(n2)NCCC3)CC1,Cc1ccccc1.ClCCl.O=C(O)C(F)(F)F,CCc1c(NCC(NC(=O)OCC23CC4CC(CC(C4)C2)C3)C(=O)O)ncnc1N1CCC(c2ccc3c(n2)NCCC3)CC1,not_reduction
C1CCNC1.O=[N+]([O-])c1ccc(F)cc1,CC(C)O.CCN(CC)CC,O=[N+]([O-])c1ccc(N2CCCC2)cc1,not_reduction
Nc1cc(C2CCC3(CC2)OCCO3)nc2ccnn12,C1COCCO1.CCO.Cl.ClCCl.O,Nc1cc(C2CCC(=O)CC2)nc2ccnn12,not_reduction
O=c1[nH]n(Cc2ccc(F)cc2)c2ccc([N+](=O)[O-])cc12,CO,Nc1ccc2c(c1)c(=O)[nH]n2Cc1ccc(F)cc1,not_reduction
C#CCBr.CC(C)(C)OC(=O)N1CCNCC1,O=C([O-])[O-].[K+].[K+],C#CCN1CCN(C(=O)OC(C)(C)C)CC1,not_reduction
COc1ccc(-c2nc(N)c(C(=O)O)nc2-c2ccc(=O)n(C(C)C)c2)cc1,Clc1ccccc1Cl,COc1ccc(-c2nc(N)cnc2-c2ccc(=O)n(C(C)C)c2)cc1,not_reduction
CN(C)C(=O)c1n[nH]c2ccccc12,C1CCOC1.O.O.O.O.O.O.O.O.O.O.O=S(=O)([O-])[O-].[Al+3].[H-].[H-].[H-].[H-].[Li+].[Na+].[Na+],CN(C)Cc1n[nH]c2ccccc12,not_reduction
Brc1ccncc1.C#CC(O)c1ccccc1,CCNCC.Cl.[Cu]I,OC(C#Cc1ccncc1)c1ccccc1,not_reduction
CC(C)(CCCI)[N+](=O)[O-].CP(C)C,C1CCOC1.CCC(C)=O,CC(C)(CCC[P+](C)(C)C)[N+](=O)[O-].[I-],not_reduction
CN1CN(c2ccccc2)C2(CCNCC2)C1=O.Cc1nsc(-c2ccc(Cl)nn2)n1,Cl.Cl.O=C([O-])[O-].[K+].[K+],Cc1nsc(-c2ccc(N3CCC4(CC3)C(=O)N(C)CN4c3ccccc3)nn2)n1,not_reduction
CC1(C)C(=O)N(CCCCCl)CS1(=O)=O.c1ccc2c(C3CCNCC3)csc2c1,CC#N.O.O=C([O-])[O-].[K+].[K+],CC1(C)C(=O)N(CCCCN2CCC(c3csc4ccccc34)CC2)CS1(=O)=O,not_reduction
C[Si]1(C)O[Si](C)(C)O[Si](C)(CCCO)O[Si](C)(C)O1.O=C(Cl)C(F)(F)C(F)(F)C(F)(F)C(F)(F)C(F)(F)C(F)(F)C(F)(F)F,[Cl-].[F-].c1ccncc1,C[Si]1(C)O[Si](C)(C)O[Si](C)(CCCOC(=O)C(F)(F)C(F)(F)C(F)(F)C(F)(F)C(F)(F)C(F)(F)C(F)(F)F)O[Si](C)(C)O1,not_reduction
COC(=O)CCCBr.O=C1Nc2ccc(I)cc2C1=O,C1CCC2=NCCCN2CC1.C1CCOC1,COC(=O)CCCN1C(=O)C(=O)c2cc(I)ccc21,not_reduction
CC(=O)Nc1cn2nc(-c3cnc(Cl)c(NS(=O)(=O)c4ccc(C(C)(C)O)cc4)c3)ccc2n1.O=S(=O)(Nc1cc(Br)cnc1Cl)N1CCOCC1,CC(=O)Nc1cn2nc(B3OC(C)(C)C(C)(C)O3)ccc2n1,CC(=O)Nc1cn2nc(-c3cnc(Cl)c(NS(=O)(=O)N4CCOCC4)c3)ccc2n1,not_reduction
O=C(c1ccc(O)cc1)c1ccc(Br)cc1F.O=C1CCCCCC1,C1CCOC1.O.O=C([O-])[O-].[K+].[K+],Oc1ccc(C(=C2CCCCCC2)c2ccc(Br)cc2F)cc1,not_reduction
CC(C)C(=O)O.Clc1nc(N2CCOCC2)c2nc(CC3CCNCC3)ccc2n1,CCN(C(C)C)C(C)C.CCN=C=NCCCN(C)C.CN(C)C=O.Cl.On1nnc2ccccc21,CC(C)C(=O)N1CCC(Cc2ccc3nc(Cl)nc(N4CCOCC4)c3n2)CC1,not_reduction
CCCCc1oc2ccccc2c1C(=O)Cl.Nc1ccc(-c2ccc(O)cc2)cc1,Br.C1CCOC1.CCN(CC)CC,CCCCc1oc2ccccc2c1C(=O)Nc1ccc(-c2ccc(O)cc2)cc1,not_reduction
CCCCOC(=O)Cl.O=C(O)CNCP(=O)(O)O,O.[Na+].[Na].[Na].[OH-],CCCCOC(=O)N(CC(=O)O)CP(=O)(O)O,not_reduction
C1COCCN1.CC(C)(C)OC(=O)NC(C(=O)c1ccc(F)cc1)C(C)(C)C,CCN(CC)CC.CS(C)=O,CC(C)(C)OC(=O)NC(C(=O)c1ccc(N2CCOCC2)cc1)C(C)(C)C,not_reduction
CCOC(=O)C(CNC(=O)Nc1ccc(Cl)cc1)c1ccccc1,CCO.[Na+].[OH-],O=C(NCC(C(=O)O)c1ccccc1)Nc1ccc(Cl)cc1,not_reduction
COC(=O)c1cc(Cl)cc(Cl)n1,CC(C)C[AlH]CC(C)C.Cc1ccccc1,O=Cc1cc(Cl)cc(Cl)n1,not_reduction
CCCCCN1C(=O)C(CO)(c2cc3c(cc2O)OCO3)c2c(Cl)ccc(Cl)c21,C1CCOC1.CC(C)OC(=O)N=NC(=O)OC(C)C.c1ccc(P(c2ccccc2)c2ccccc2)cc1,CCCCCN1C(=O)C2(COc3cc4c(cc32)OCO4)c2c(Cl)ccc(Cl)c21,not_reduction
CC(C)(Br)C(=O)Br.O=C1c2ccccc2C(=O)N1CCO,C1CCOC1.CCN(CC)CC.O,CC(C)(Br)C(=O)OCCN1C(=O)c2ccccc2C1=O,not_reduction
CN=C=S.Cc1c(CN2CCN(c3nccnc3-c3ccc(CN)cc3)CC2)cnn1C.Cl,CC#N.ClCCl.O,CNC(=S)NCc1ccc(-c2nccnc2N2CCN(Cc3cnn(C)c3C)CC2)cc1,not_reduction
CCOC(=O)C1CCCN(c2ccc([N+](=O)[O-])c(NCc3ccccc3)c2)C1,C1CCOC1.O.[Li+].[OH-],O=C(O)C1CCCN(c2ccc([N+](=O)[O-])c(NCc3ccccc3)c2)C1,not_reduction
COc1cc(C[N-]c2ccc(F)cc2[N+](=O)[O-])cc(OC)c1OC,[Al+3].[H-].[H-].[H-].[H-].[Li+],COc1cc(CNc2ccc(F)cc2N)cc(OC)c1OC,not_reduction
CS(=O)(=O)O.Cc1ccc(-c2cnc3c(c2)C2(COC(N)=N2)c2cc(C#CC(C)(C)O)ccc2O3)cc1,CO.O=C([O-])O.[Na+],COC(C)(C)C#Cc1ccc2c(c1)C1(COC(N)=N1)c1cc(-c3ccc(C)cc3)cnc1O2,not_reduction
CC(C)(C)OC(=O)N1CCCC(c2nc(-c3cnc(-c4ccccc4)nc3)c[nH]2)C1,Cc1ccccc1.O=C(O)C(F)(F)F,c1ccc(-c2ncc(-c3cnc(C4CCCNC4)[nH]3)cn2)cc1,not_reduction
CC(Oc1cccc(Oc2ccccc2[N+](=O)[O-])c1)C(=O)O.CCN(CC)CC,CCOC(=O)Cl.ClCCl.N,CC(Oc1cccc(Oc2ccccc2[N+](=O)[O-])c1)C(N)=O,not_reduction
CCOC(OCC)c1cc2cnc(Cl)nc2n1C1CCCC1,C1COCCO1.Cl.O=C([O-])O.[Na+].[Na+].[OH-],O=Cc1cc2cnc(Cl)nc2n1C1CCCC1,not_reduction
O=C1NC(Cc2ccccc2)C(CO)O1.O=[N+]([O-])c1ccc(S(=O)(=O)Cl)cc1,C1CCOC1.CN1CCOCC1.O=C([O-])O.[Na+],O=C1NC(Cc2ccccc2)C(COS(=O)(=O)c2ccc([N+](=O)[O-])cc2)O1,not_reduction
CN1CCNCC1.Clc1cc(I)ccn1,CC(C)(C)[O-].Cc1ccccc1.[Na+],CN1CCN(c2ccnc(Cl)c2)CC1,not_reduction
CN(C)C(=O)Sc1cc2c(c3c1OC(C)(C)C3)C(c1ccccc1)=NC(C)(C)C2,Cl.O.[K+].[OH-],CC1(C)Cc2cc(S)c3c(c2C(c2ccccc2)=N1)CC(C)(C)O3,not_reduction
CCCC(=O)O.CNOC,CN(C)[P+](On1nnc2ccccc21)(N(C)C)N(C)C.Cl.ClCCl.F[P-](F)(F)(F)(F)F,CCCC(=O)N(C)OC,not_reduction
CN(C)CCO.COc1ccc(C(=C(c2ccccc2)C(F)(F)F)c2ccc(F)cc2)cc1,[Na],COc1ccc(C(=C(c2ccccc2)C(F)(F)F)c2ccc(OCCN(C)C)cc2)cc1,not_reduction
C=CCOCC(=O)c1cc(Br)ccc1F.NO,CC(=O)[O-].CCO.Cl.[Na+],C=CCOCC(=NO)c1cc(Br)ccc1F,not_reduction
CS(=O)(=O)OCc1cccs1.O=Cc1cccc2[nH]ccc12,,O=Cc1cccc2c1ccn2Cc1cccs1,not_reduction
CC(C)(C)OC(=O)NCCn1ccc2ncnc(Cl)c21.Nc1ccc(Oc2cccc(OC(F)(F)F)c2)c(Cl)c1,CC(C)O.O=C([O-])O.[Na+],CC(C)(C)OC(=O)NCCn1ccc2ncnc(Nc3ccc(Oc4cccc(OC(F)(F)F)c4)c(Cl)c3)c21,not_reduction
COC(=O)c1cccc(CBr)c1.c1ccc(P(c2ccccc2)c2ccccc2)cc1,,COC(=O)c1cccc(C[P+](c2ccccc2)(c2ccccc2)c2ccccc2)c1.[Br-],not_reduction
CSc1ncc(C2=C(C(=O)OC(c3ccccc3)c3ccccc3)N3C(=O)C(NC(=O)OC(C)(C)C)C3SC2)s1,CC#N.CS(=O)(=O)O,CSc1ncc(C2=C(C(=O)OC(c3ccccc3)c3ccccc3)N3C(=O)C(N)C3SC2)s1,not_reduction
CCCCOc1c(N)c(=O)c1=O.Nc1cccc(-c2ccncc2)n1,O.c1ccncc1,Nc1c(Nc2cccc(-c3ccncc3)n2)c(=O)c1=O,not_reduction
C(=C1CCNCC1)c1cccc(Oc2ccc(N3CCC3)cn2)c1.O=C(Nc1cccnn1)Oc1ccccc1,CCN(CC)CC.CS(C)=O.O,O=C(Nc1cccnn1)N1CCC(=Cc2cccc(Oc3ccc(N4CCC4)cn3)c2)CC1,not_reduction
Brc1cccc(OCc2ccccc2)c1.CC1(C)CC(=O)CCO1,,CC1(C)CC(O)(c2cccc(OCc3ccccc3)c2)CCO1,not_reduction
COc1ccc(C=O)cc1F.O=C([O-])[O-],CO.COP(=O)(OC)C(=[N+]=[N-])C(C)=O.[K+].[K+],C#Cc1ccc(OC)c(F)c1,not_reduction
CC1=CC(C)(C)Nc2ccc(NC(=O)OC(C)(C)C)cc21.CCCC(=O)Cl,c1ccncc1,CCCC(=O)N1c2ccc(NC(=O)OC(C)(C)C)cc2C(C)=CC1(C)C,not_reduction
CC(C)(C)OC(=O)NC(C(=O)O)c1ccccc1.CNCc1ccccc1,ClCCl.O.On1nnc2ccccc21,CN(Cc1ccccc1)C(=O)C(NC(=O)OC(C)(C)C)c1ccccc1,not_reduction
O=S(Cl)Cl.O=c1[nH]c(-c2ccccc2F)nc2ccc(Br)cc12,CN(C)C=O.ClC(Cl)Cl,Fc1ccccc1-c1nc(Cl)c2cc(Br)ccc2n1,not_reduction
C=CCBr.COc1ccccc1CN(C)C(=O)C(Cc1ccc2ccccc2c1)NC(=O)OC(C)(C)C,C1CCOC1.CN(C)C=O.[Cl-].[H-].[NH4+].[Na+],C=CCN(C(=O)OC(C)(C)C)C(Cc1ccc2ccccc2c1)C(=O)N(C)Cc1ccccc1OC,not_reduction
FC(F)(F)I.O=c1cc(C(F)(F)F)[nH]c(=O)[nH]1,C12C3C4C5C1[Fe]23451678C2C1C6C7C28.CS(C)=O.O=S(=O)(O)O.OO,O=c1[nH]c(C(F)(F)F)c(C(F)(F)F)c(=O)[nH]1,not_reduction
CC(=O)OC(C)=O.O=C(CC1CCN(CCn2c(=O)[nH]c3ccccc32)CC1)c1ccc(F)cc1,Cc1ccccc1.O.[NH4+].[OH-],CC(=O)n1c(=O)n(CCN2CCC(CC(=O)c3ccc(F)cc3)CC2)c2ccccc21,not_reduction
CC(=O)Cl.Fc1ccccc1-c1ccccc1,Cl.S=C=S.[Al+3].[Cl-].[Cl-].[Cl-],CC(=O)c1ccc(-c2ccccc2F)cc1,not_reduction
COC(=O)c1cnc(Cl)cn1.Fc1ccc(Br)c(OC2CCNCC2)c1,C1COCCO1.O=C([O-])[O-].[K+].[K+],COC(=O)c1cnc(N2CCC(Oc3cc(F)ccc3Br)CC2)cn1,not_reduction
COc1ccc(C(=O)Nc2ccccc2)cc1N.COc1ccc(C=O)cc1OC,CC(=O)O.CC(=O)O[BH-](OC(C)=O)OC(C)=O.[Na+],COc1ccc(C(=O)Nc2ccccc2)cc1NCc1ccc(OC)c(OC)c1,reduction
CCNCCN(CC)CC.O=C(O)c1ccc(Nc2ccnc3c(C(F)(F)F)cccc23)cc1,CN(C)C=O.Cl.ClC(Cl)Cl.O.O.O=C([O-])[O-].O=S(Cl)Cl.[Na+].[Na+],CCN(CC)CCN(CC)C(=O)c1ccc(Nc2ccnc3c(C(F)(F)F)cccc23)cc1,not_reduction
CC1NCCC1O.CCc1c(F)ccc(C#N)c1Cl,O=C([O-])[O-].[Li+].[Li+],CCc1c(N2CCC(O)C2C)ccc(C#N)c1Cl,not_reduction
O=C(NNc1ncc(Br)nc1Cl)C(F)(F)F,CCO.Cl.O.O=C([O-])[O-].[Na+].[Na+],NNc1ncc(Br)nc1Cl,not_reduction
CC=O.CCN(CC)CCCNCc1cccc(-c2ccnc(NCCc3ccc(O)cc3)n2)c1,,CCN(CC)CCCN(CC)Cc1cccc(-c2ccnc(NCCc3ccc(O)cc3)n2)c1,not_reduction
O=C(O)CCCCCBr.c1ccc(P(c2ccccc2)c2ccccc2)cc1,CC#N,O=C(O)CCCCC[P+](c1ccccc1)(c1ccccc1)c1ccccc1.[Br-],not_reduction
Cc1cc(-c2cc(N)cnc2OCC(F)(F)F)ccc1Cl.O=C(O)c1c(F)ccnc1F,,Cc1cc(-c2cc(NC(=O)c3c(F)ccnc3F)cnc2OCC(F)(F)F)ccc1Cl,not_reduction
CC(C)c1cc(C(C)C)c2nc[nH]c(=O)c2c1.COC(=O)C=CCl,CC(C)=O.O=C([O-])[O-].[K+].[K+],COC(=O)C=Cn1cnc2c(C(C)C)cc(C(C)C)cc2c1=O,not_reduction
CCOc1ccccc1OC(=O)NS(=O)(=O)Oc1ccccc1OCC.COc1cc(OC)nc(N)n1,Cc1ccccc1,CCOc1ccccc1OS(=O)(=O)NC(=O)Nc1nc(OC)cc(OC)n1,not_reduction
CCCCCCc1cc(O)ccc1O.COCCOCCOCCOCCOS(=O)(=O)c1ccc(C)cc1,C1CCOC1,CCCCCCc1cc(OCCOCCOCCOCCOC)ccc1O,not_reduction
Cc1cc(-c2ccc(C(F)(F)F)nc2)cc(-c2cccc(-c3cccc(S(=O)(=O)NC(C)(C)C)c3)c2)n1,O=C(O)C(F)(F)F,Cc1cc(-c2ccc(C(F)(F)F)nc2)cc(-c2cccc(-c3cccc(S(N)(=O)=O)c3)c2)n1,not_reduction
ClCc1c[nH]cn1.N#CC(c1ccccc1)c1ccc(Cl)cc1,CC(C)=O.CCOCC.CN(C)C=O.Cl.O=C([O-])C=CC(=O)[O-].[H-].[Na+],N#CC(Cc1c[nH]cn1)(c1ccccc1)c1ccc(Cl)cc1,not_reduction
CCN(CC)C(=O)COc1cc(N)c(Cl)cc1C(=O)OC,CO.Cl.O.[Na+].[OH-],CCN(CC)C(=O)COc1cc(N)c(Cl)cc1C(=O)O,not_reduction
CC(C)(C)c1cc(N2CCC(=O)NC2=O)cc(CN2CCCC(C(N)=O)C2)c1O.O=C(O)C(F)(F)F,,CC(C)(C)c1cc(N2CCC(=O)NC2=O)cc(CN2CCCC(O)C2)c1O,not_reduction
N#CCc1cccc(NC(=O)c2cccc(Br)n2)c1.OB(O)c1ccc(F)cc1,,N#CCc1cccc(NC(=O)c2cccc(-c3ccc(F)cc3)n2)c1,not_reduction
CC(C)Oc1c(C#N)cnc2ccc(C=C3SC(NCCc4cccc(F)c4)=NC3=O)nc12,CC(=O)O.N#Cc1cnc2ccc(C=C3SC(NCc4cccs4)=NC3=O)nc2c1.O,N#Cc1cnc2ccc(C=C3SC(NCCc4cccc(F)c4)=NC3=O)nc2c1,not_reduction
CN(C)C(=O)CCC(=O)c1ccccc1.NNC(N)=S,CO.Cl.O,CN(C)C(=O)CCC(=NNC(N)=S)c1ccccc1,not_reduction
CC(C)c1ccccc1O.O=[N+]([O-])O,CC(=O)O.O,CC(C)c1cc([N+](=O)[O-])ccc1O,not_reduction
COc1cccc(C2(O)CCCNC2)c1.O=C(Cl)c1ccc(Cl)c(Cl)c1,,COc1cccc(C2(O)CCCN(C(=O)c3ccc(Cl)c(Cl)c3)C2)c1,not_reduction
CN1C(=O)NC2(CCC(c3ccc(C#N)cc3)C2)C1=O.NO,CCO.O,CN1C(=O)NC2(CCC(c3ccc(C(N)=NO)cc3)C2)C1=O,not_reduction
COc1ccc(Cl)nn1.OB(O)c1ccccc1,Cc1ccccc1.O=C([O-])[O-].[Na+].[Na+].c1ccc(P(c2ccccc2)(c2ccccc2)[Pd](P(c2ccccc2)(c2ccccc2)c2ccccc2)(P(c2ccccc2)(c2ccccc2)c2ccccc2)P(c2ccccc2)(c2ccccc2)c2ccccc2)cc1,COc1ccc(-c2ccccc2)nn1,not_reduction
CCCCOc1ccc2c(c1-c1ncnc3c(C(=O)NC4CCNC4)c[nH]c13)OCO2.CCOC(=O)Cl,,CCCCOc1ccc2c(c1-c1ncnc3c(C(=O)NC4CCN(C(=O)OCC)C4)c[nH]c13)OCO2,not_reduction
O=[N+]([O-])c1ccc(F)c(F)c1F.OCc1ccccc1,CN(C)C=O.O.O=C([O-])[O-].[K+].[K+],O=[N+]([O-])c1ccc(OCc2ccccc2)c(F)c1F,not_reduction
COc1ccc(C2Sc3cc(Cl)ccc3NC(=O)C2O)cc1.ClCCCBr,CC(C)=O.O=C([O-])[O-].[K+].[K+],COc1ccc(C2Sc3cc(Cl)ccc3N(CCCCl)C(=O)C2O)cc1,not_reduction
Cc1nc2n(c(=O)c1CCCl)CCS2.O=C(c1ccc(F)cc1)C1CCNCC1,CC(=O)CC(C)C.Cl.O=C([O-])[O-].[Na+].[Na+],Cc1nc2n(c(=O)c1CCN1CCC(C(=O)c3ccc(F)cc3)CC1)CCS2,not_reduction
CCCC[Sn](CCCC)(CCCC)c1ccnnc1.COc1ccc(CN(c2ncns2)S(=O)(=O)c2ccc(Oc3ccc(C(F)(F)F)cc3I)c(C#N)c2)c(OC)c1,CN(C)C=O.[Cs+].[Cu]I.[F-],COc1ccc(CN(c2ncns2)S(=O)(=O)c2ccc(Oc3ccc(C(F)(F)F)cc3-c3ccnnc3)c(C#N)c2)c(OC)c1,not_reduction
CCCCCCCc1ccccc1.N#Cc1ccc(C(=O)Cl)cc1,Cl.[Al+3].[Cl-].[Cl-].[Cl-],CCCCCCCc1ccc(C(=O)c2ccc(C#N)cc2)cc1,not_reduction
FC(F)Cl.O=C(O)c1cc(O)cc(Cl)c1,ClC(Cl)Cl.[Na+].[OH-],O=C(O)c1cc(Cl)cc(OC(F)F)c1,not_reduction
CC1(C)C(=O)c2ccccc2C1O.COC(=O)c1c[nH]cn1,C1CCOC1.C1COCCO1.CC(C)(C)OC(=O)N=NC(=O)OC(C)(C)C.Cl.c1ccc(P(c2ccccc2)c2ccccc2)cc1,COC(=O)c1cncn1C1c2ccccc2C(=O)C1(C)C,not_reduction
O=Cc1ccc(F)cc1.c1c[nH]cn1,CS(C)=O.O.O=C([O-])[O-].[K+].[K+],O=Cc1ccc(-n2ccnc2)cc1,not_reduction
CNC(=O)c1cccc(F)c1Nc1nc(Cl)ncc1Cl.COCCOC(=O)N1CCCOc2cc(N)ccc21,,CNC(=O)c1cccc(F)c1Nc1nc(Nc2ccc3c(c2)OCCCN3C(=O)OCCOC)ncc1Cl,not_reduction
Cc1cnc(NC(=O)c2cc(OCc3ccccc3)cc(Oc3ccc(C(=O)N4CCC4)nc3)c2)cn1,CCO.CCOC(C)=O.CO.[H][H],Cc1cnc(NC(=O)c2cc(O)cc(Oc3ccc(C(=O)N4CCC4)nc3)c2)cn1,reduction
CC1(C)CCNCC1.ClCC1CO1,,CC1(C)CCN(CC2CO2)CC1,not_reduction
OC(CCCN1CC=C(c2noc(C3CC3)n2)CC1)c1ccc(F)cc1,CC(=O)O.CO.O.O=C([O-])O.O=[Cr](=O)(O)O.[Na+],O=C(CCCN1CC=C(c2noc(C3CC3)n2)CC1)c1ccc(F)cc1,not_reduction
CCI.Cc1nc(N2CCc3nc(C)sc3CC2)c([N+](=O)[O-])c(=O)[nH]1,CN(C)C=O.O=C([O-])[O-].[K+].[K+],CCOc1nc(C)nc(N2CCc3nc(C)sc3CC2)c1[N+](=O)[O-],not_reduction
CCOC(=O)C1CCNCC1.O=C(O)CCCN1CCOCC1,CCN(CC)CC.CCN=C=NCCCN(C)C.ClCCl.O.Oc1cccc2[nH]nnc12,CCOC(=O)C1CCN(C(=O)CCCN2CCOCC2)CC1,not_reduction
C=CCOc1ccc(CN2CCC(C(O)(c3ccc(OC(F)(F)F)cc3)c3ccc(OC(F)(F)F)cc3)CC2)cc1.O=C(OO)c1cccc(Cl)c1,ClC(Cl)Cl,C=CCOc1ccc(C[N+]2([O-])CCC(C(O)(c3ccc(OC(F)(F)F)cc3)c3ccc(OC(F)(F)F)cc3)CC2)cc1,not_reduction
CCCc1cnc(N2CCC(Oc3ccn(-c4ccc(S(=O)(=O)NC(C)(C)C)cc4)c(=O)c3)CC2)nc1,ClCCl.O=C(O)C(F)(F)F,CCCc1cnc(N2CCC(Oc3ccn(-c4ccc(S(N)(=O)=O)cc4)c(=O)c3)CC2)nc1,not_reduction
BrCc1ccccc1.CCOC(=O)C(Nc1ccc(F)c(Cl)c1)C(C)C,CCN(C(C)C)C(C)C.CN(C)C=O.Cl.ClCCl.NCCN,CCOC(=O)C(C(C)C)N(Cc1ccccc1)c1ccc(F)c(Cl)c1,not_reduction
NCc1ccccc1.O=C1CCC2(CC1)OCCO2,CC(=O)O[BH-](OC(C)=O)OC(C)=O.ClCCl.[Na+].[Na+].[OH-],c1ccc(CNC2CCC3(CC2)OCCO3)cc1,reduction
CC(C)CCCC(C)CC(CNC(=O)OCc1ccccc1)C(=O)O,[H][H],CC(C)CCCC(C)CC(CN)C(=O)O,reduction
Cc1scc2c1Nc1ccccc1NC2=O.O=C(Cl)Cl,Cc1ccccc1.ClCCl,Cc1scc2c1N(C(=O)Cl)c1ccccc1NC2=O,not_reduction
BrCC1CC1.COc1ccc(Oc2c(Cl)cc([N+](=O)[O-])cc2Cl)cc1S(=O)O,CCO.[Na+].[OH-],COc1ccc(Oc2c(Cl)cc([N+](=O)[O-])cc2Cl)cc1S(=O)(=O)CC1CC1,not_reduction
BrCc1ccccc1Br.Cn1c(=O)[nH]c(=O)c2[nH]c(Br)nc21,,Cn1c(=O)[nH]c(=O)c2c1nc(Br)n2Cc1ccccc1Br,not_reduction
Cc1c(C2CC2)nc2ccc([N+](=O)[O-])cn12.O=C(O)CCc1ccc(C(F)(F)F)cc1,,Cc1c(C2CC2)nc2ccc(NC(=O)CCc3ccc(C(F)(F)F)cc3)cn12,not_reduction
CC(=O)OCC(=O)Nc1cn2nc(Oc3cccc(NC(=O)c4cccc(C(F)(F)F)c4)c3)ccc2n1,CO.Cl.[Na+].[OH-],O=C(CO)Nc1cn2nc(Oc3cccc(NC(=O)c4cccc(C(F)(F)F)c4)c3)ccc2n1,not_reduction
COc1cc2ncnc(C3CCN(C(=O)Nc4ccc(C5=CCN(C(=O)OC(C)(C)C)CC5)cc4)CC3)c2cc1OC,CO,COc1cc2ncnc(C3CCN(C(=O)Nc4ccc(C5CCN(C(=O)OC(C)(C)C)CC5)cc4)CC3)c2cc1OC,not_reduction
CCOC(=O)Cc1ccc(OCC=C(c2ccc(Br)cc2)c2ccc(Br)cc2)c(Cl)c1,C1CCOC1.CCO.[Na+].[OH-],O=C(O)Cc1ccc(OCC=C(c2ccc(Br)cc2)c2ccc(Br)cc2)c(Cl)c1,not_reduction
COC(=O)CC1Nc2ccccc2CN(C)C1=O.ClI,CO.ClCCl.c1ccncc1,COC(=O)CC1Nc2ccc(I)cc2CN(C)C1=O,not_reduction
NC(=O)c1ccc(Cl)nc1.Oc1ccc(CCNC2CCC(O)CC2)cc1,CN(C)C=O.Cc1ccccc1.O=C([O-])[O-].[K+].[K+],NC(=O)c1ccc(Oc2ccc(CCNC3CCC(O)CC3)cc2)nc1,not_reduction
COc1nc(C=CC(N)=O)ccc1-n1cnc(C)c1,O=P(Cl)(Cl)Cl,COc1nc(C=CC#N)ccc1-n1cnc(C)c1,not_reduction
CCOC(=O)c1cc(F)c(N2CCN(C)CC2)nc1NC1CC1,C1CCOC1.O.[Na+].[OH-],CN1CCN(c2nc(NC3CC3)c(C(=O)O)cc2F)CC1,not_reduction
COC(=O)c1cnc(Br)s1.OC1CCNC1,C1CCC2=NCCCN2CC1.C1COCCO1.O,COC(=O)c1cnc(N2CCC(O)C2)s1,not_reduction
CCCC(=O)Nc1cccc(C2CCN(CCCN)CC2)c1.O=C(Cl)C(c1ccccc1)c1ccccc1,,CCCC(=O)Nc1cccc(C2CCN(CCCNC(=O)C(c3ccccc3)c3ccccc3)CC2)c1,not_reduction
COc1ccc(CN)cc1.Cc1ccc2nc(Cl)nc(NC3CCCCC3NC(=O)OC(C)(C)C)c2c1,CC(=O)O.CN(C)c1ccncc1.CN1CCCC1=O,COc1ccc(CNc2nc(NC3CCCCC3NC(=O)OC(C)(C)C)c3cc(C)ccc3n2)cc1,not_reduction
CSCOCc1cccc2ccccc12.CSCl,ClCCl,ClCOCc1cccc2ccccc12,not_reduction
CSc1ccc(-c2sc(Nc3cnccn3)nc2C)cc1.OO,CC(=O)O.O.[Na+].[OH-],Cc1nc(Nc2cnccn2)sc1-c1ccc(S(C)=O)cc1,not_reduction
CC(=O)Cl.CCOC(=O)n1c(C(=O)c2ccccc2)c(N)c2cc(Cl)ccc21,,CCOC(=O)n1c(C(=O)c2ccccc2)c(NC(C)=O)c2cc(Cl)ccc21,not_reduction
Cc1ccnc(OCc2ccc(C=C[N+](=O)[O-])cc2)c1,CC(=O)O.CS(C)=O.O.[BH4-].[Na+],Cc1ccnc(OCc2ccc(CC[N+](=O)[O-])cc2)c1,reduction
COC(=O)c1cnc2n(c1=O)C(C(=O)OC(C)(C)C)CC2,CO.[Li+].[OH-],CC(C)(C)OC(=O)C1CCc2ncc(C(=O)O)c(=O)n21,not_reduction
CCCC1CC(=O)CC23CCN(C)C(Cc4ccc(OC)cc42)C13.N#CBr,,CCCC1CC(=O)CC23CCN(C#N)C(Cc4ccc(OC)cc42)C13,not_reduction
CCCCCC1CCC(=O)CC1.Fc1cc(Br)ccc1-c1ccccc1,,CCCCCC1CCC(c2ccc(-c3ccccc3)c(F)c2)CC1,not_reduction
Cc1ccc(S(=O)(=O)N(F)C(C)(C)C)cc1.[O-]c1cccc2ccccc12,C1CCOC1.[K+],Oc1c(F)ccc2ccccc12,not_reduction
CC1(C)Oc2ccc(C#N)cc2C2OC21.Nc1noc2cc(Cl)ccc12,,CC1(C)Oc2ccc(C#N)cc2C(Nc2noc3cc(Cl)ccc23)C1O,not_reduction
CN1CCC(N)CC1.Cc1cc(C(=O)O)ccc1Nc1ncc2c(n1)N(C1CCCC1)CC1(CC1)C(=O)N2C,CCN(C(C)C)C(C)C.CN(C)C(N(C)C)=[N+]1N=[N+]([O-])c2ccccc21.CN(C)C=O.F[P-](F)(F)(F)(F)F.On1nnc2ccccc21,Cc1cc(C(=O)NC2CCN(C)CC2)ccc1Nc1ncc2c(n1)N(C1CCCC1)CC1(CC1)C(=O)N2C,not_reduction
CCOC(=O)Cl.COC(=O)CCNCc1cccs1,C1CCOC1.O.O.O=C([O-])O.[Na+],CCOC(=O)N(CCC(=O)OC)Cc1cccs1,not_reduction
Nc1cc(Cl)cc(Cl)c1.O=C(O)c1cc([N+](=O)[O-])ccc1O,,O=C(Nc1cc(Cl)cc(Cl)c1)c1cc([N+](=O)[O-])ccc1O,not_reduction
CN.COC(=O)C(=NOCF)c1ccccc1COc1ccn(-c2ccc(Cl)cc2)n1,CO,CNC(=O)C(=NOCF)c1ccccc1COc1ccn(-c2ccc(Cl)cc2)n1,not_reduction
Nc1cccc2c1C(=O)c1cccc(Sc3ccccc3)c1C2=O.O=[N+]([O-])c1cccc(Cl)c1,O=C([O-])[O-].O=[N+]([O-])c1ccccc1.[Na+].[Na+],O=C1c2cccc(Sc3ccccc3)c2C(=O)c2cccc(Nc3cccc([N+](=O)[O-])c3)c21,not_reduction
C1=C(c2c[nH]cn2)c2ccccc2C1Cc1ccccc1,CCO,c1ccc(CC2CC(c3c[nH]cn3)c3ccccc32)cc1,not_reduction
Br.Sc1nc2ccccc2[nH]1,Br.CO,Brc1nc2ccccc2[nH]1,not_reduction
COc1cc(=O)c2ccc(Cl)cc2[nH]c1=O,BrB(Br)Br.Cl.ClCCl.O=C([O-])O.[Na+],O=c1[nH]c2cc(Cl)ccc2c(=O)cc1O,not_reduction
O=C([O-])[O-].c1ccc(C2(CC3SCCCS3)CCCC2)cc1,CC#N.CCOC(C)=O.O.[Ca+2],O=C(O)CC1(c2ccccc2)CCCC1,not_reduction
COCOc1c(C(=O)c2cc(Br)ccc2F)cc(Cl)nc1F,C1CCOC1.CCOC(C)=O.Cl.O,O=C(c1cc(Br)ccc1F)c1cc(Cl)nc(F)c1O,not_reduction
CC(=O)c1ccc2c(c1)ncn2-c1cccc(COCc2ncnn2C)c1.Cl.NO,CCO,CC(=NO)c1ccc2c(c1)ncn2-c1cccc(COCc2ncnn2C)c1,not_reduction
BrBr.O=C(O)C12CC3CC(CC(C3)C1)C2,ClC(Cl)Cl.[Al+3].[Cl-].[Cl-].[Cl-],O=C(O)C12CC3CC(CC(Br)(C3)C1)C2,not_reduction
Cc1ccc(-c2ccc3c(c2)C=C(C(=O)Nc2ccc(CSCc4ccccc4)cc2)CCO3)cc1.O=C(OO)c1cccc(Cl)c1,ClCCl.O=S([O-])([O-])=S.[Na+].[Na+],Cc1ccc(-c2ccc3c(c2)C=C(C(=O)Nc2ccc(CS(=O)Cc4ccccc4)cc2)CCO3)cc1,not_reduction
N#C[S-].O=[N+]([O-])c1cnc(Cl)nc1Cl,CCO.[K+],N#CSc1nc(Cl)ncc1[N+](=O)[O-],not_reduction
CC1COC2(CCN(c3ccccc3OCC(F)(F)F)CC2)O1,CC(=O)O.Cl.O,O=C1CCN(c2ccccc2OCC(F)(F)F)CC1,not_reduction
C[N+](C)=Cc1ccccc1.Clc1ccc(-c2cc3ccccc3[nH]2)cc1,[Cl-],CN(C)C(c1ccccc1)c1c(-c2ccc(Cl)cc2)[nH]c2ccccc12,not_reduction
COC(=O)OC1CC2=CC=C3C4CCC(C(C)C5OCC(C)(C)CO5)C4(C)CCC3C2(C)C(OC(=O)OC)C1,COC(=O)OC1CC2=CC=C3C4CCC(C(C)C=O)C4(C)CCC3C2(C)C(OC(=O)OC)C1,COC(=O)OC1CC(O)CC2=CC=C3C4CCC(C(C)C5OCC(C)(C)CO5)C4(C)CCC3C21C,not_reduction
CCOC(=O)c1ccc(C=Cc2ccc3c(c2)C(Sc2ccccc2)=CCC3(C)C)cc1,CCOC(=O)c1ccc(C=Cc2ccc3c(c2)C(c2cccs2)=CCC3(C)C)cc1,CC1(C)CC=C(Sc2ccccc2)c2cc(C=Cc3ccc(C(=O)O)cc3)ccc21,not_reduction
CC(C)Oc1ccc(-c2ccc(S(C)(=O)=O)cc2)cc1O.CCCC,CCC(C)=O.CCCC[N+](CCCC)(CCCC)CCCC.O=C([O-])[O-].[I-].[I-].[K+].[K+],CCCCOc1cc(-c2ccc(S(C)(=O)=O)cc2)ccc1OC(C)C,not_reduction
Cc1ncsc1C(=O)O.NCC1CC2CC2N1C(=O)c1nc(N)sc1-c1cccc(F)c1,,Cc1ncsc1C(=O)NCC1CC2CC2N1C(=O)c1nc(N)sc1-c1cccc(F)c1,not_reduction
COc1cc(Nc2n[nH]c(C(CCCCCl)c3ccc(F)cc3)n2)ccc1-c1cc(C)no1,CN(C)C=O.O=C([O-])[O-].[I-].[K+].[K+].[K+],COc1cc(Nc2nc3n(n2)CCCCC3c2ccc(F)cc2)ccc1-c1cc(C)no1,not_reduction
CI.Nc1noc(Nc2c(Cl)cccc2Cl)n1,CO.[Na],CN(c1nc(N)no1)c1c(Cl)cccc1Cl,not_reduction
Cc1cc(OCCCCSc2ccc(Cl)c(Cl)c2)cc2c1NC(=O)OC2(C)C.OO,,Cc1cc(OCCCCS(=O)c2ccc(Cl)c(Cl)c2)cc2c1NC(=O)OC2(C)C,not_reduction
CC(C)(C)OC(=O)COCCc1cccc(Br)c1,C1CCOC1.CO.O.O.[Li+].[OH-],O=C(O)COCCc1cccc(Br)c1,not_reduction
C=CCBr.CCOC(=O)c1ccc(F)c(O)c1,CC(C)=O.O=C([O-])[O-].[K+].[K+],C=CCOc1cc(C(=O)OCC)ccc1F,not_reduction
CCc1[nH]c(-c2ccc(F)cc2)nc1C(=O)O.CNOC,CCN(CC)CC.CCN=C=NCCCN(C)C.CN(C)C=O.Cl.Cl.O.On1nnc2ccccc21,CCc1[nH]c(-c2ccc(F)cc2)nc1C(=O)N(C)OC,not_reduction
Cc1cccc(S(=O)O)c1.N#CCCl,CN(C)C=O.[Na],Cc1cccc(S(=O)(=O)CC#N)c1,not_reduction
CCN(CC1CCN(S(=O)(=O)Cl)CC1)C(C)Cc1ccc2c(c1)CCO2.NCCC(=O)O,CC#N.C[Si](C)(C)C#N,CCN(CC1CCN(S(=O)(=O)NCCC(=O)O)CC1)C(C)Cc1ccc2c(c1)CCO2,not_reduction
CN(C)C(=O)C(N)Cc1ccccc1,C1CCOC1.CCOC(C)=O.[Al+3].[H-].[H-].[H-].[H-].[Li+],CN(C)CC(N)Cc1ccccc1,not_reduction
Cc1c(CN2CCN(c3nccnc3Cl)CC2)cnn1C.Cc1ccc(Cl)cc1,CC#N.CC(=O)N(C)C.Cl.O.O=C([O-])[O-].OBO.[K+].[K+].c1ccc(P(c2ccccc2)(c2ccccc2)[Pd](P(c2ccccc2)(c2ccccc2)c2ccccc2)(P(c2ccccc2)(c2ccccc2)c2ccccc2)P(c2ccccc2)(c2ccccc2)c2ccccc2)cc1,Cc1ccc(Cl)cc1-c1nccnc1N1CCN(Cc2cnn(C)c2C)CC1.Cl,not_reduction
Clc1ncnc2cc[nH]c12.Nc1ccc(OCc2ccccc2)c(CO)c1,CN(C)C=O,OCc1cc(Nc2ncnc3cc[nH]c23)ccc1OCc1ccccc1,not_reduction
COc1ncncc1C(C)C(=O)[O-],CCO.O.O.[Li+].[OH-],COc1ncncc1CC(=O)O,not_reduction
Clc1cc(Cl)ncn1.O=C(OCc1ccccc1)N1CCOc2cc(O)ccc21,CC(C)=O.O.[Na+].[OH-],O=C(OCc1ccccc1)N1CCOc2cc(Oc3cc(Cl)ncn3)ccc21,not_reduction
CC(=O)Cl.Cn1c(N)nc2cc(CN3CCN(C(c4ccccc4)c4ccccc4)CC3)ccc21,[NH4+].[OH-].c1ccncc1,CC(=O)Nc1nc2cc(CN3CCN(C(c4ccccc4)c4ccccc4)CC3)ccc2n1C,not_reduction
COC(=O)C(Cc1ccc2c(c1)OCO2)SC(C)C(=O)O,C1CCOC1.CN(C)C=O.O=C(Cl)C(=O)Cl,COC(=O)C1Cc2cc3c(cc2C(=O)C(C)S1)OCO3,not_reduction
Nc1nc2c(s1)CCc1sccc1-2.O=S(=O)(Cl)c1ccccc1,,O=S(=O)(Nc1nc2c(s1)CCc1sccc1-2)c1ccccc1,not_reduction
CC(C)CC(NC(=O)OCC1c2ccccc2-c2ccccc21)C(=O)O.Cc1cn(C2CC(O)C(CN)(CO)O2)c(=O)[nH]c1=O,CC(=O)NCC(=O)NCC1(CO)OC(n2cc(C)c(=O)[nH]c2=O)CC1O.CCN(C(C)C)C(C)C.CN(C)C=O,Cc1cn(C2CC(O)C(CO)(CNC(=O)C(CC(C)C)NC(=O)OCC3c4ccccc4-c4ccccc43)O2)c(=O)[nH]c1=O,not_reduction
CC(C)(C)OC(=O)CC(NC(=O)C1(C)CC(c2ccccc2)=NO1)C(=O)COC(=O)c1c(Cl)cccc1Cl,ClCCl.O=C(O)C(F)(F)F,CC1(C(=O)NC(CC(=O)O)C(=O)COC(=O)c2c(Cl)cccc2Cl)CC(c2ccccc2)=NO1,not_reduction
C=CCOC(=O)NC(C=O)CC(=O)OC(C)(C)C.[Mg+]Cc1ccccc1,C1CCOC1.[Cl-],C=CCOC(=O)NC(CC(=O)OC(C)(C)C)C(O)Cc1ccccc1,not_reduction
CC(C)C1CC(C(CO)NS(=O)(=O)c2ccccc2[N+](=O)[O-])OC1=O,C1CCOC1.CCOC(=O)N=NC(=O)OCC.Cc1ccccc1.c1ccc(P(c2ccccc2)c2ccccc2)cc1,CC(C)C1CC(C2CN2S(=O)(=O)c2ccccc2[N+](=O)[O-])OC1=O,not_reduction
CCN(CC)S(F)(F)F.N#CC(C#N)(CCCCCO)CCC(F)(F)F,ClC(Cl)Cl.O,N#CC(C#N)(CCCCCF)CCC(F)(F)F,not_reduction
CC(C)(C)OC(=O)N1C(=O)CCC1CO[Si](C)(C)C(C)(C)C,C1CCOC1.CC(C)[N-]C(C)C.Cl[Se]c1ccccc1.[Cl-].[Li+].[NH4+],CC(C)(C)OC(=O)N1C(=O)C=CC1CO[Si](C)(C)C(C)(C)C,not_reduction
CC(C)(C)OC(=O)Cn1cc(C2=NS(=O)(=O)c3ccccc32)c2ccccc21,CO.[BH4-].[Na+],CC(C)(C)OC(=O)Cn1cc(C2NS(=O)(=O)c3ccccc32)c2ccccc21,reduction
N#CCc1c[nH]c2ccc(N)cc12.O=C(Cl)c1ccccc1,C1CCOC1.c1ccncc1,N#CCc1c[nH]c2ccc(NC(=O)c3ccccc3)cc12,not_reduction
C#CCBr.O=c1sc(=Nc2ccc(Cl)c(O)c2F)n2n1CCCC2,CC#N.O=C([O-])[O-].[K+].[K+],C#CCOc1c(Cl)ccc(N=c2sc(=O)n3n2CCCC3)c1F,not_reduction
CC(SC1COC(c2ccccc2)OC1)C(O)(Cn1cncn1)c1ccc(F)cc1,CO.Cl.O=C([O-])O.[Na+],CC(SC(CO)CO)C(O)(Cn1cncn1)c1ccc(F)cc1,not_reduction
CC(C)(C)OC(=O)N1CCc2[nH]c(-c3ccnc(N)n3)c(I)c2C1=O.O=C([O-])[O-],CI.CN(C)C=O.ClCCl.O.[Cs+].[Cs+],Cn1c2c(c(I)c1-c1ccnc(N)n1)C(=O)N(C(=O)OC(C)(C)C)CC2,not_reduction
CC(C)(C)C(=O)Cl.O=[N+]([O-])c1ccc(N2CCNCC2)cc1,CCN(CC)CC.ClCCl,CC(C)(C)C(=O)N1CCN(c2ccc([N+](=O)[O-])cc2)CC1,not_reduction
COc1ccc2c(OC3CC4C(=O)NC5(C(=O)NS(=O)(=O)C6CC6)CC5C=CCCCCN(C)C(=O)N4C3)nc(Cl)cc2c1.COc1ccc2c(OC3CC4C(=O)NC5(C(=O)O)CC5C=CCCCCN(C)C(=O)N4C3)nc(-c3ccc(OC(F)(F)F)cc3)cc2c1,,COc1ccc2c(OC3CC4C(=O)NC5(C(=O)NS(=O)(=O)C6CC6)CC5C=CCCCCN(C)C(=O)N4C3)nc(-c3ccc(OC(F)(F)F)cc3)cc2c1,not_reduction
Cc1nc(CO)c2n1-c1ccc(Cl)cc1C(c1ccccc1Cl)=NC2.O=S(Cl)Cl,CCOC(C)=O.Cl,Cc1nc(CCl)c2n1-c1ccc(Cl)cc1C(c1ccccc1Cl)=NC2,not_reduction
CC(=O)O.Cc1ccc2c(N3CCN(CC(C)c4cccc(N)c4)CC3)cccc2n1,,CC(=O)Nc1cccc(C(C)CN2CCN(c3cccc4nc(C)ccc34)CC2)c1,not_reduction
CC(=O)NC1CCCc2sccc21.CC(C)C(=O)O,O.O,CC(=O)NC1CCC(=O)c2sccc21,not_reduction
COC(=O)c1ccc(OC)c(OC2CCCCC2=O)c1.COCCOC,C[P+](c1ccccc1)(c1ccccc1)c1ccccc1.[Br-].[H-].[Na+],C=C1CCCCC1Oc1cc(C(=O)OC)ccc1OC,not_reduction
FC(F)(F)c1cc(Cl)c(I)cn1.[NH4+],CS(C)=O.[OH-],Nc1cc(C(F)(F)F)ncc1I,not_reduction
CCOC(=O)N1CCN(C(=O)C(N)CF)CC1.O=C(O)c1cc(OCC(=O)N2CCCC2C(=O)NC2CCC2)n(-c2ccccc2)n1,CCN(C(C)C)C(C)C.CN(C)C(On1nnc2cccnc21)=[N+](C)C.CN(C)C=O.F[P-](F)(F)(F)(F)F.O=C([O-])O.[Na+],CCOC(=O)N1CCN(C(=O)C(CF)NC(=O)c2cc(OCC(=O)N3CCCC3C(=O)NC3CCC3)n(-c3ccccc3)n2)CC1,not_reduction
CC(F)(F)c1ccc(Cn2ccc(N)n2)o1.COc1cccc(C=CC(=O)O)c1,,COc1cccc(C=CC(=O)Nc2ccn(Cc3ccc(C(C)(F)F)o3)n2)c1,not_reduction
ClCC1OC1CCl.Oc1ccccc1O,CS(C)=O.O.[Na+].[OH-],Cc1ccc(O)c(O)c1,not_reduction
COC(=O)c1ccc2cc(C(C)=O)oc2c1,CO.O.[Na+].[OH-],CC(=O)c1cc2ccc(C(=O)O)cc2o1,not_reduction
CC(N)C1(CC2CC2)CCC(SCC2CC2)CC1.O=C(Cl)c1ccc(Cl)cc1Cl,CCN(CC)CC.ClCCl,CC(NC(=O)c1ccc(Cl)cc1Cl)C1(CC2CC2)CCC(SCC2CC2)CC1,not_reduction
CC(C)(C)OC(=O)N1CCNC(=O)C1S(=O)(=O)c1ccccc1.ClCc1ccc(OCc2ccccc2)cc1,CI,CC(C)(C)OC(=O)N1CCNC(=O)C1(C)S(=O)(=O)c1ccccc1,not_reduction
COC(=O)c1c(C)cccc1C.O=C1CCC(=O)N1Br,ClC(Cl)(Cl)Cl.O=C(OOC(=O)c1ccccc1)c1ccccc1,COC(=O)c1c(C)cccc1CBr,not_reduction
CC(=O)c1cnc2nnn(Cc3ccc4ncccc4c3)c2n1.NO,Cl,CC(=NO)c1cnc2nnn(Cc3ccc4ncccc4c3)c2n1,not_reduction
C=[N+]=[N-].CC1=C(C(=O)O)N2C(=O)C(NC(=O)OC(C)(C)C)C2SC1,,COC(=O)C1=C(C)CSC2C(NC(=O)OC(C)(C)C)C(=O)N12,not_reduction
CC(C)c1cc(C=O)cc(C(C)C)c1O.N#CCS(=O)(=O)c1ccccn1,C1CCNCC1.CCO.O,CC(C)c1cc(C=C(C#N)S(=O)(=O)c2ccccn2)cc(C(C)C)c1O,not_reduction
C1COCCN1.Ic1ccccc1,CS(C)=O.O=C(O)C1CCCN1.[Cu]I,c1ccc(N2CCOCC2)cc1,not_reduction
O=[N+]([O-])c1ccc2c(c1)S(=O)(=O)c1ccccc1-2,CC(=O)O.CN(C)C=O,Nc1ccc2c(c1)S(=O)(=O)c1ccccc1-2,not_reduction
COC(=O)c1ccc2c(NCC(O)(CC(C)(C)c3cc(F)ccc3OC)C(F)(F)F)cccc2n1,CO.[Na+].[OH-],COc1ccc(F)cc1C(C)(C)CC(O)(CNc1cccc2nc(C(=O)O)ccc12)C(F)(F)F,not_reduction
CCCC[Sn](CCCC)(CCCC)c1cn(C)cn1.O=[N+]([O-])c1ccsc1Cl,,Cn1cnc(-c2sccc2[N+](=O)[O-])c1,not_reduction
O=Cc1ccccc1-n1ccc2ccc(Br)nc21,C1COCCO1.[K+].[OH-],Brc1ccc2cc[nH]c2n1,not_reduction
CCOC(=O)Cc1ccc(-n2c(C)nc3cnccc32)cc1,CCO.O.[Na+].[OH-],Cc1nc2cnccc2n1-c1ccc(CC(=O)O)cc1,not_reduction
COc1ccc(-c2cc(=O)n(C)c(=O)n2C)cc1OC.S=P12SP3(=S)SP(=S)(S1)SP(=S)(S2)S3,c1ccncc1,COc1ccc(-c2cc(=S)n(C)c(=O)n2C)cc1OC,not_reduction
C=CC1(O)c2cccc3c2c(cn3S(=O)(=O)c2c(C(C)C)cc(C(C)C)cc2C(C)C)CC1NC(C)=O,C1CCOC1.CCO.O=S(=O)([O-])[O-].[Al+3].[H-].[H-].[H-].[H-].[Li+].[Na+].[Na+],C=CC1(O)c2cccc3c2c(cn3S(=O)(=O)c2c(C(C)C)cc(C(C)C)cc2C(C)C)CC1NCC,not_reduction
COC(=O)C1C=CC(C(=O)OC)CC1,CCO.COC(=O)C1=CCC(C(=O)OC)CC1.ClCCl,COC(=O)C1CCC(C(=O)OC)CC1,not_reduction
CCOc1cccc(-c2cccs2)c1.O=Cc1cc(Br)ccc1F,,CCOc1cccc(-c2ccc(Cc3cc(Br)ccc3F)s2)c1,not_reduction
CC(C)S(=O)(=O)c1cc(O)cc(Br)c1.CCOC(=O)CCCOc1cccc(CCCCCCBr)c1CCC(=O)OCC,O=C([O-])[O-].[K+].[K+],CCOC(=O)CCCOc1cccc(CCCCCCOc2cc(Br)cc(S(=O)(=O)C(C)C)c2)c1CCC(=O)OCC,not_reduction
BrCCc1cccc2ccccc12.CC(C=O)OCc1ccccc1,C1CCOC1.[Br-].[Br-].[Mg].[Zn+2],CC(OCc1ccccc1)C(O)CCc1cccc2ccccc12,not_reduction
CC1CN(c2cc(=O)c3cc(C(=O)N(C)C)cc(C(C)Br)c3o2)CCO1.Nc1cc(F)cc(F)c1,CCOC(C)=O,CC1CN(c2cc(=O)c3cc(C(=O)N(C)C)cc(C(C)Nc4cc(F)cc(F)c4)c3o2)CCO1,not_reduction
CS(=O)(=O)OC1CCN(Cc2ccccc2)C1.Cl,C.CCO.[H][H].[Pd],CS(=O)(=O)OC1CCNC1,reduction
ClCc1cccnc1.O=[N+]([O-])c1cc[nH]n1,CN(C)C=O.Cl.[H-].[Na+],O=[N+]([O-])c1ccn(Cc2cccnc2)n1,not_reduction
CNC.O=C1NCCc2cc(F)ccc21,CCO,CN(C)c1ccc2c(c1)CCNC2=O,not_reduction
CC(=O)c1ccco1.CC(C)(C)OC(=O)C(=O)OC(C)(C)C.[Li+],CCOCC.C[Si](C)(C)[N-][Si](C)(C)C,CC(C)(C)OC(=O)C([O-])=CC(=O)c1ccco1,not_reduction
COc1cc(N)c(Cl)cc1C(=O)NCC1CCNCC1.ClCCCCCSCc1ccccc1,Cl.Cl.O=C([O-])[O-].[K+].[K+],COc1cc(N)c(Cl)cc1C(=O)NCC1CCN(CCCCCSCc2ccccc2)CC1,not_reduction
CC(C)COC(=O)C(C)OC(C)OC1CCCCC1,CO.Cc1ccccc1.O.[BH4-].[Na+],CC(CO)OC(C)OC1CCCCC1,reduction
CCOC(=O)c1c[nH]c2c(Br)ccc(C)c2c1=O,CC(=O)[O-].[Na+],CCOC(=O)c1c[nH]c2cccc(C)c2c1=O,not_reduction
CC(=O)Cl.COC(=O)c1cccc2cc(C)oc12,CC(Cl)Cl.[Al+3].[Cl-].[Cl-].[Cl-],COC(=O)c1cccc2c(C(C)=O)c(C)oc12,not_reduction
COC(=O)C1CC2(c3ccc(-c4ccccc4)cc3)CN1C(=O)C(NC(=O)OC(C)(C)C)CCCCCC=CCS2,C1CCOC1.CO.O.O.[Li+].[OH-],CC(C)(C)OC(=O)NC1CCCCCC=CCSC2(c3ccc(-c4ccccc4)cc3)CC(C(=O)O)N(C2)C1=O,not_reduction
ClCc1ccc2ccccc2n1.Oc1ccc(Br)cc1,O=C([O-])[O-].[K+].[K+],Brc1ccc(OCc2ccc3ccccc3n2)cc1,not_reduction
COC(=O)Cc1nc(C)sc1C.NN,CCCCO.O,Cc1nc(CC(=O)NN)c(C)s1,not_reduction
O=C1c2ccccc2C(=O)N1CCCBr.c1ccc(Nc2ccccn2)cc1,CS(C)=O.O.[H-].[H][H].[Na+],O=C1c2ccccc2C(=O)N1CCCN(c1ccccc1)c1ccccn1,reduction
O=C(CNC(=O)c1cccc(C(F)(F)F)c1)NC1CNC1.O=C1CCC(O)(c2ccc3c(c2)OCO3)CC1,,O=C(CNC(=O)c1cccc(C(F)(F)F)c1)NC1CN(C2CCC(O)(c3ccc4c(c3)OCO4)CC2)C1,not_reduction
CCOc1cc(-n2c(=O)cc(C(F)(F)F)[nH]c2=O)c(F)cc1Br.O=C([O-])[O-],CI.CN(C)C=O.[K+].[K+],CCOc1cc(-n2c(=O)cc(C(F)(F)F)n(C)c2=O)c(F)cc1Br,not_reduction
CCOC(=O)c1cc2cc(Br)ccc2n1Cc1ccc(Cl)c(Cl)c1.CN(C)c1ccccc1,O=C([O-])[O-].OBO.[K+].[K+],CCOC(=O)c1cc2cc(-c3ccc(N(C)C)cc3)ccc2n1Cc1ccc(Cl)c(Cl)c1,not_reduction
COC(=O)C(=O)Nc1ccc(-c2ccc(OC(F)(F)F)cc2)cc1.Cc1cccc(CBr)c1,C1COCCOCCOCCOCCOCCO1.CC#N.O.O=C([O-])[O-].[K+].[K+],COC(=O)C(=O)N(Cc1cccc(C)c1)c1ccc(-c2ccc(OC(F)(F)F)cc2)cc1,not_reduction
O=C1CCc2cc(F)ccc2C1,CCO.CCOC(C)=O.[BH4-].[Na+],OC1CCc2cc(F)ccc2C1,reduction
CCc1nc2cc(CCl)ccc2n1C.c1c[nH]cn1,CC#N.Cl,CCc1nc2cc(Cn3ccnc3)ccc2n1C,not_reduction
COCCCN1C(=O)COc2ccc([N+](=O)[O-])cc21,Cl.[Na+].[OH-],COCCCN1C(=O)COc2ccc(N)cc21,not_reduction
O=C(NCC1CNCCC1O)OCc1ccccc1.O=CCn1c(=O)ccc2ccc(F)cc21,CC(=O)O[BH-](OC(C)=O)OC(C)=O.CO.ClCCl.[Na+],O=C(NCC1CN(CCn2c(=O)ccc3ccc(F)cc32)CCC1O)OCc1ccccc1,reduction
CN(C)C=O.Cc1cc(F)ccc1Br,C1CCOC1.CC(C)[N-]C(C)C.Cl.O.[Li+],Cc1cc(F)c(C=O)cc1Br,not_reduction
O=C(Nc1cccc(C(F)(F)F)c1)N1COc2cc(Oc3cc(Cl)ncn3)ccc21.[N-]=[N+]=[N-],CN(C)C=O.[Na+],[N-]=[N+]=Nc1cc(Oc2ccc3c(c2)OCN3C(=O)Nc2cccc(C(F)(F)F)c2)ncn1,not_reduction
CCN(CC)C(=O)c1oc2nc(-c3ccccc3Cl)c(-c3ccc(Cl)cc3)cc2c1NC(=O)C(F)(F)F,CO.O.O=C([O-])[O-].[K+].[K+],CCN(CC)C(=O)c1oc2nc(-c3ccccc3Cl)c(-c3ccc(Cl)cc3)cc2c1N,not_reduction
Cc1ccnc(-c2ccc(F)cc2)c1.O=C1CCC(=O)N1Br,ClC(Cl)(Cl)Cl.O=C(OOC(=O)c1ccccc1)c1ccccc1,Fc1ccc(-c2cc(CBr)ccn2)cc1,not_reduction
CC(=O)c1ccc(C)cc1.Cc1cc(COc2ccc(S(C)(=O)=O)cc2)c2ccccc2n1,C1CCOC1.CC(C)[N-]C(C)C.[Li+],Cc1ccc(C(C)(O)CS(=O)(=O)c2ccc(OCc3cc(C)nc4ccccc34)cc2)cc1,not_reduction
COC(=O)c1cc(-n2ccc(C)cc2=O)cc([N+](=O)[O-])c1,CO.Cl[Sn]Cl,COC(=O)c1cc(N)cc(-n2ccc(C)cc2=O)c1,not_reduction
CC(C)c1ccc(S)cc1.Nc1ncccc1Br,CCN(C(C)C)C(C)C.Cc1ccccc1.O.O=C(C=Cc1ccccc1)C=Cc1ccccc1.O=C(C=Cc1ccccc1)C=Cc1ccccc1.O=C(C=Cc1ccccc1)C=Cc1ccccc1.[Pd].[Pd],CC(C)c1ccc(Sc2cccnc2N)cc1,not_reduction
O=CCCC=O.O=[N+]([O-])C=C1NCCN1Cc1cnc(Cl)s1,CC#N.Cl,O=[N+]([O-])C1=C2N(Cc3cnc(Cl)s3)CCN2C2CCC1O2,not_reduction
CCN1C(=O)CC(C)(C)c2cc(C)c(B3OC(C)(C)C(C)(C)O3)cc21.FC(F)(F)Oc1cc(Br)ccc1I,,CCN1C(=O)CC(C)(C)c2cc(C)c(-c3ccc(Br)cc3OC(F)(F)F)cc21,not_reduction
CC1(C)Cc2cc(C(=O)O)ccc2NC1c1cccc(Br)c1.CN1CCNC1=O,CN(C)CC(=O)O.CS(C)=O.Cl.O=C([O-])[O-].[Cu]I.[K+].[K+],CN1CCN(c2cccc(C3Nc4ccc(C(=O)O)cc4CC3(C)C)c2)C1=O,not_reduction
CCCC(=O)CC(=O)OCC.O=C1CCC(=O)N1Br,CCOC(C)=O.CCOCC.[Mg+2].[O-][Cl+3]([O-])([O-])[O-].[O-][Cl+3]([O-])([O-])[O-],CCCC(=O)C(Br)C(=O)OCC,not_reduction
CCCCc1ccc2c(n1)CCCC2.[Li]CCCC,,[Li]C1CCCc2ccc(CCCC)nc21,not_reduction
BrCc1ccccc1.O=C(O)CN1CCOC1=O,CN(C)C=O.O=C([O-])[O-].[K+].[K+],O=C(CN1CCOC1=O)OCc1ccccc1,not_reduction
COC(=O)c1ccc2c(c1)[nH]c(=O)n2CCN(C)C,C1CCOC1.[Al+3].[H-].[H-].[H-].[H-].[Li+],CN(C)CCn1c(=O)[nH]c2cc(CO)ccc21,not_reduction
NCC1CN(c2ccc(C3CCS(=O)(=O)CC3)c(F)c2)C(=O)O1.O=c1ccccn1C(=S)n1ccccc1=O,ClCCl,O=C1OC(CN=C=S)CN1c1ccc(C2CCS(=O)(=O)CC2)c(F)c1,not_reduction
CN(C)C=Cc1ccc([N+](=O)[O-])c2[nH]ncc12,CC(=O)O.CCOC(C)=O.[BH3-]C#N.[Na+].[Na+].[OH-],CN(C)CCc1ccc([N+](=O)[O-])c2[nH]ncc12,reduction
Clc1ncccn1.O=Cc1ccc(O)cc1,CN(C)C=O.[H-].[Na+],O=Cc1ccc(Oc2ncccn2)cc1,not_reduction
NC(=O)c1[nH]c2cnccc2c1-c1ccc(N)cc1.O=C=Nc1ccc(F)cc1,,NC(=O)c1[nH]c2cnccc2c1-c1ccc(NC(=O)Nc2ccc(F)cc2)cc1,not_reduction
CI.Nc1ccc(N2CCCCC2=S)cc1,CC(C)=O,CSC1=[N+](c2ccc(N)cc2)CCCC1.[I-],not_reduction
COC(=O)C1=C(O)c2sc3ccccc3c2S(=O)(=O)N1C.Cc1nc(N)sc1C,,Cc1nc(NC(=O)C2=C(O)c3sc4ccccc4c3S(=O)(=O)N2C)sc1C,not_reduction
OCc1ccc(CNc2ccccn2)cc1,CCN(CC)CC.CS(C)=O.ClCCl.O=C(Cl)C(=O)Cl,O=Cc1ccc(CNc2ccccn2)cc1,not_reduction
COc1cc(C(=O)O)cc(Cl)c1Cl.O=S(Cl)Cl,Cl.O=S=O.c1ccccc1,COc1cc(C(=O)Cl)cc(Cl)c1Cl,not_reduction
CCCCCCCCCCCCCCCCNc1ccc(C(=O)O)c(F)c1.O=C([O-])[O-],CO.[Na+].[Na+],CCCCCCCCCCCCCCCCNc1ccc(C(=O)OC)c(F)c1,not_reduction
BrCc1ccccc1.Cl.O=[N+]([O-])c1ccc2c(c1)CNCC2,CC#N.CCO.O=C([O-])[O-].[K+].[K+],O=[N+]([O-])c1ccc2c(c1)CN(Cc1ccccc1)CC2,not_reduction
CC(C)(N)Cc1c[nH]c2ccccc12.c1cc2nnnn2cc1C1CO1,CCO,CC(C)(Cc1c[nH]c2ccccc12)NCC(O)c1ccc2nnnn2c1,not_reduction
CCOC(=C1C(=O)Nc2ccc([N+](=O)[O-])cc21)c1ccccc1.COC(=O)C1CCCN1Cc1ccc(N)cc1,CN(C)C=O,COC(=O)C1CCCN1Cc1ccc(NC(=C2C(=O)Nc3ccc([N+](=O)[O-])cc32)c2ccccc2)cc1,not_reduction
COC(=O)C(Oc1ccc(F)cc1F)c1ccc(S(=O)(=O)C2CCOCC2)cc1,C1CCOC1.O.O.[Li+].[OH-],O=C(O)C(Oc1ccc(F)cc1F)c1ccc(S(=O)(=O)C2CCOCC2)cc1,not_reduction
Nc1ccc(Br)cc1[N+](=O)[O-].OB(O)c1ccccc1C(F)(F)F,,Nc1ccc(-c2ccccc2C(F)(F)F)cc1[N+](=O)[O-],not_reduction
C=CC(=O)Nc1ccccc1.CC1=C2CCNCC2c2ccccc21,Cl,CC1=C2CCN(CCC(=O)Nc3ccccc3)CC2c2ccccc21,not_reduction
CCOC(=O)CN1C(=O)C(CO)(c2cc3c(cc2O)OCC3)c2cc(Cl)ccc21,CCCCCN1C(=O)C(CO)(c2cc3c(cc2O)OCO3)c2c(Cl)ccc(Cl)c21,CCOC(=O)CN1C(=O)C2(COc3cc4c(cc32)CCO4)c2cc(Cl)ccc21,not_reduction
BrP(Br)Br.N#CC(CO)c1ccc(Br)cc1,ClCCl.O.c1ccncc1,N#CC(CBr)c1ccc(Br)cc1,not_reduction
COc1cc(C(C)=O)cc(OC)c1OC.O=Cc1c[nH]c2cc(C(F)(F)F)ccc12,,COc1cc(C(=O)C=Cc2c[nH]c3cc(C(F)(F)F)ccc23)cc(OC)c1OC,not_reduction
OC1CN(C(c2ccccc2)c2ccccc2)C1,CCN(CC)CC.CS(C)=O.O=S(=O)=O.c1ccncc1,O=C1CN(C(c2ccccc2)c2ccccc2)C1,not_reduction
CC(C)(C)OC(=O)N1CCNCC1.CS(=O)(=O)OCc1ccc(F)c([N+](=O)[O-])c1,CCOC(C)=O.CN(C)C=O,CC(C)(C)OC(=O)N1CCN(Cc2ccc(F)c([N+](=O)[O-])c2)CC1,not_reduction
COc1ccc(CO)c2cccnc12,ClCCl,COc1ccc(C=O)c2cccnc12,not_reduction
NNC(=O)c1ccc(Br)cc1.O=C1Nc2ccc(I)cc2C1=O,CC(=O)O,O=C1Nc2ccc(I)cc2C1=NNC(=O)c1ccc(Br)cc1,not_reduction
CC(C)(C)OC(=O)C(Cc1ccc(OCCCC(=O)NC2=NCCCN2)cc1)Nc1nc2ccccc2o1,Cc1ccccc1.ClCCl.O=C(O)C(F)(F)F,O=C(CCCOc1ccc(CC(Nc2nc3ccccc3o2)C(=O)O)cc1)NC1=NCCCN1,not_reduction
COc1cc2nccc(Cl)c2cc1OCc1ccccc1.Oc1ccc2c(c1)OCCN2,CN(C)C=O.Cl.O=C([O-])[O-].[Cs+].[Cs+],COc1cc2nccc(Oc3ccc4c(c3)OCCN4)c2cc1OCc1ccccc1,not_reduction
CC(C)(C)c1ccc(C=O)cc1.FC(F)(F)c1nnc2ccc(N3CCNCC3)nn12,,CC(C)(C)c1ccc(CN2CCN(c3ccc4nnc(C(F)(F)F)n4n3)CC2)cc1,not_reduction
Nc1ccc(Cl)cn1.O=[N+]([O-])O,O=S(=O)(O)O,Nc1ncc(Cl)cc1[N+](=O)[O-],not_reduction
COC(=O)c1cc([N+](=O)[O-])cc2c1OCCO2,CCOC(C)=O,COC(=O)c1cc(N)cc2c1OCCO2,not_reduction
CC(C)(C)OC(=O)N1CCC(n2ncc3c(Cl)ncnc32)CC1.Oc1ccc(OC(F)(F)F)cc1,O=C([O-])[O-].[K+].[K+],CC(C)(C)OC(=O)N1CCC(n2ncc3c(Oc4ccc(OC(F)(F)F)cc4)ncnc32)CC1,not_reduction
CCN(CC)CCS(=N)(=O)c1nsnc1-n1ccnc1.O=CO,C=O.O.[Na+].[OH-],CCN(CC)CCS(=O)(=NC)c1nsnc1-n1ccnc1,not_reduction
CS(=O)(=O)OCCN1CC(c2cccc(C(F)(F)F)c2)N(c2ccc(Oc3ccc(Cl)cc3)cc2)C1=O.N,CC(C)O.O,NCCN1CC(c2cccc(C(F)(F)F)c2)N(c2ccc(Oc3ccc(Cl)cc3)cc2)C1=O,not_reduction
CCOC(=O)N1CCNCC1.Clc1ccc2c(c1)CC(Cl)c1ccccc1S2,ClC(Cl)Cl.O,CCOC(=O)N1CCN(C2Cc3cc(Cl)ccc3Sc3ccccc32)CC1,not_reduction
COC(=O)C(=O)c1ccc(OCCOc2cccc(F)c2)cc1,CCCCCC.CCOCC.CO.[Na+].[OH-],O=C(O)C(=O)c1ccc(OCCOc2cccc(F)c2)cc1,not_reduction
CCOC(=O)C1=CC(OS(C)(=O)=O)C(OS(C)(=O)=O)C(OS(C)(=O)=O)C1.[N-]=[N+]=[N-],CCOC(C)=O.CS(C)=O.[Na+],CCOC(=O)C1=CC(N=[N+]=[N-])C(OS(C)(=O)=O)C(OS(C)(=O)=O)C1,not_reduction
CC(C(=O)O)c1ccc2cc(O)ccc2c1.ClCc1ccc2ccccc2n1,CO.C[O-].[Na+],CC(C(=O)O)c1ccc2cc(OCc3ccc4ccccc4n3)ccc2c1,not_reduction
COC(=O)c1c(C)cccc1COCCCCNc1ccc2ccccc2n1,CS(C)=O,Cc1cccc(COCCCCNc2ccc3ccccc3n2)c1C(=O)O,not_reduction
CCOC(=O)CCN(C)C(=O)c1ccc(NC(c2nc3ccc(OC)cc3n2C)C2CCCCC2)cc1,C1CCOC1.CCO.[Na+].[OH-],COc1ccc2nc(C(Nc3ccc(C(=O)N(C)CCC(=O)O)cc3)C3CCCCC3)n(C)c2c1,not_reduction
CN1CCN(CC(=O)O)CC1.Nc1ccc2c(c1)COC(NC1CCCCCCC1)=N2,,CN1CCN(CC(=O)Nc2ccc3c(c2)COC(NC2CCCCCCC2)=N3)CC1,not_reduction
O=C(O)CCC(=O)c1ccc(-c2ccc(F)cc2)cc1,Cc1ccccc1.Cl.O.[Zn],O=C(O)CCCc1ccc(-c2ccc(F)cc2)cc1,not_reduction
CCCCC[Si](CCC(=O)OCC)(CCC(=O)OCC)c1ccccc1,CCO.Cc1ccccc1.[H-].[Na+],CCCCC[Si]1(c2ccccc2)CCC(=O)C(C(=O)OCC)C1,not_reduction
COC(=O)Cc1cc(OCc2ccccc2)c2cc(F)ccc2c1,CO,COC(=O)Cc1cc(O)c2cc(F)ccc2c1,not_reduction
CN(C)c1ccc(C(C#N)O[Si](C)(C)C)cc1,C1CCOC1.CCOC(C)=O.Cl.O.O=C([O-])O.[Na+],CN(C)c1ccc(C(O)C#N)cc1,not_reduction
CC1(C)OB(c2ccnc3[nH]ccc23)OC1(C)C.CCOC(=O)c1nc(I)oc1-c1ccc(N2CCN(C(=O)OC(C)(C)C)CC2)cc1,CCO.CCOC(C)=O.Cc1ccccc1.O.O=C([O-])[O-].[Na+].[Na+],CCOC(=O)c1nc(-c2ccnc3[nH]ccc23)oc1-c1ccc(N2CCN(C(=O)OC(C)(C)C)CC2)cc1,not_reduction
COC(=O)C1(NS(=O)(=O)c2c(C)cc(OC)cc2C)CCC1,C1CCOC1.O=S(=O)([O-])[O-].[Al+3].[H-].[H-].[H-].[H-].[Li+].[Na+].[Na+],COc1cc(C)c(S(=O)(=O)NC2(CO)CCC2)c(C)c1,not_reduction
Cc1ccccc1B(O)O.O=C1Nc2cccc(I)c2C1=Cc1ccc[nH]1,COCCOC.O=C([O-])[O-].[Na+].[Na+],Cc1ccccc1-c1cccc2c1C(=Cc1ccc[nH]1)C(=O)N2,not_reduction
CC#N.Cc1ccc(Br)cc1C=O,,Cc1ccc(Br)cc1C(O)CC#N,not_reduction
Clc1nc2ccccc2s1.NCCCOc1cccc(CN2CCCC2)c1,,c1cc(CN2CCCC2)cc(OCCCNc2nc3ccccc3s2)c1,not_reduction
CC(C)c1nc2c(n1Cc1ccc(Cl)c(Cl)c1)C(=O)CCC2,B.C1CCOC1.CO.Cl,CC(C)c1nc2c(n1Cc1ccc(Cl)c(Cl)c1)C(O)CCC2,not_reduction
BrCCCCBr.O=C1CCCCN1,CN(C)C=O.ClC(Cl)Cl.[H-].[Na+],O=C1CCCCN1CCCCBr,not_reduction
CC1(C)OB(c2cn[nH]c2)OC1(C)C.N#Cc1ccc(C2(c3ccc(Cl)cc3)CCNCC2)cc1,c1ccc(P(c2ccccc2)(c2ccccc2)[Pd](P(c2ccccc2)(c2ccccc2)c2ccccc2)(P(c2ccccc2)(c2ccccc2)c2ccccc2)P(c2ccccc2)(c2ccccc2)c2ccccc2)cc1,N#Cc1ccc(C2(c3ccc(-c4cn[nH]c4)cc3)CCNCC2)cc1,not_reduction
CCOP(=O)(OCC)C(F)(F)C(O)c1ccc(-c2ccc(F)cn2)c(F)c1F,ClCCl.O=C([O-])O.O=S([O-])([O-])=S.[Na+].[Na+].[Na+],CCOP(=O)(OCC)C(F)(F)C(=O)c1ccc(-c2ccc(F)cn2)c(F)c1F,not_reduction
CC(C)(C)n1ncc(C(=O)O)c1Cl.NC1C2CC3CC(C2)CC1C3,CCN(C(C)C)C(C)C.CN(C)C=O.Cl.ClCCl.O,CC(C)(C)n1ncc(C(=O)NC2C3CC4CC(C3)CC2C4)c1Cl,not_reduction
CC1(C)OB(c2cc([N+](=O)[O-])ccc2F)OC1(C)C.Fc1c(Br)nc(Br)c(F)c1Br,C1CCOC1.O=C([O-])[O-].[Na+].[Na+].c1ccc(P(c2ccccc2)(c2ccccc2)[Pd](P(c2ccccc2)(c2ccccc2)c2ccccc2)(P(c2ccccc2)(c2ccccc2)c2ccccc2)P(c2ccccc2)(c2ccccc2)c2ccccc2)cc1,O=[N+]([O-])c1ccc(F)c(-c2nc(Br)c(F)c(Br)c2F)c1,not_reduction
BrCCC1CCNCC1.CN(C)C=O,Br.C1CCOC1.CC(=O)OC=O.CCN(CC)CC,O=CN1CCC(CCBr)CC1,not_reduction
O=S(=O)(Oc1cccc2nccnc12)C(F)(F)F.OB(O)c1c(-c2ccccn2)nn2c1CCC2,C1CCOC1.C1CCOC1.CN(C)C=O.O=C(C=Cc1ccccc1)C=Cc1ccccc1.O=C(C=Cc1ccccc1)C=Cc1ccccc1.O=C(C=Cc1ccccc1)C=Cc1ccccc1.O=C([O-])[O-].[K+].[K+].[Pd].[Pd],c1ccc(-c2nn3c(c2-c2cccc4nccnc24)CCC3)nc1,not_reduction
CC1CCCN1.OCCc1coc(-c2ccc(OCc3cscn3)cc2)n1,Cl,CC1CCCN1CCc1coc(-c2ccc(OCc3cscn3)cc2)n1,not_reduction
CC(=O)c1ccc2c(c1)CC(=O)N2.COc1cc2c(Cl)ncnc2cc1OCCCN1CCOCC1,CCOC(C)=O.CN(C)C=O.O.[H-].[Na+],COc1cc2c(C3C(=O)Nc4ccc(C(C)=O)cc43)ncnc2cc1OCCCN1CCOCC1.Cl,not_reduction
CCN1C(=O)Cc2cc(C3(C)OCCO3)ccc21.COC(=O)OC,CO.[Na],CCN1C(=O)C(C(=O)OC)c2cc(C3(C)OCCO3)ccc21,not_reduction
C#CC[Si](C)(C)C.CCn1nc(C#N)c(I)c1CC(C)(C)O,CC#N.CCN(CC)CC.CCOC(C)=O.Cl[Pd]Cl.[Cu]I.c1ccc(P(c2ccccc2)c2ccccc2)cc1.c1ccc(P(c2ccccc2)c2ccccc2)cc1,CCn1nc(C#N)c(C#CC[Si](C)(C)C)c1CC(C)(C)O,not_reduction
CCNc1ccc(C(=O)O)cc1[N+](=O)[O-],C1CCOC1.O,CCNc1ccc(C(=O)O)cc1N,not_reduction
COC(=O)c1ccc(C=CC(C)(C)C)cc1C,CO.Cl.O.[Li+].[OH-],Cc1cc(C=CC(C)(C)C)ccc1C(=O)O,not_reduction
CC(C)(C)OC(=O)NCCOc1ccc([N+](=O)[O-])cc1,CO,CC(C)(C)OC(=O)NCCOc1ccc(N)cc1,not_reduction
O=C(Nc1ncc(-c2ccccc2)s1)NN1CCN(c2ncccn2)CC1,O=C(Nc1ncc(-c2ccccc2)s1)Oc1ccc([N+](=O)[O-])cc1.O=C(O)C(F)(F)F,c1cnc(N2CCNCC2)nc1,not_reduction
COC(=O)NC(C(=O)NC(Cc1ccc(-c2ccncc2)cc1)CC(O)C(Cc1ccccc1)N(C(=O)[O-])C(C)(C)C)C(C)(C)C,ClCCl.O=C(O)C(F)(F)F,COC(=O)NC(C(=O)NC(Cc1ccc(-c2ccncc2)cc1)CC(O)C(N)Cc1ccccc1)C(C)(C)C,not_reduction
CC(C)(C)OC(=O)NC1CCC(OS(C)(=O)=O)CC1.C[Si](C)(C)N=[N+]=[N-],CN(C)C=O.O.[Cs+].[F-],CC(C)(C)OC(=O)NC1CCC(N=[N+]=[N-])CC1,not_reduction
C=C1CCCc2cc(OC)ccc21.O,CO.ClC(Cl)Cl.O.O.O=[N+]([O-])[O-].O=[N+]([O-])[O-].O=[N+]([O-])[O-].[Tl+3],COc1ccc2c(c1)CCCC(=O)C2,not_reduction
N#Cc1cc(Cl)nc(N2CCCC2)c1.OB(O)c1ccc(C(F)(F)F)cc1,C1COCCO1.CC(=O)[O-].CC(=O)[O-].O=C([O-])[O-].[Cs+].[Cs+].[Pd+2],N#Cc1cc(-c2ccc(C(F)(F)F)cc2)nc(N2CCCC2)c1,not_reduction
CC(C)[Si](Cl)(C(C)C)C(C)C.O=Cc1ccc(O)c(F)c1,CC#N.CCCCCC.CCOC(C)=O.CN(C)C=O.O=C(O)C(F)(F)F.[Cl-].[NH4+].c1c[nH]cn1,CC(C)[Si](Oc1ccc(C=O)cc1F)(C(C)C)C(C)C,not_reduction
CC(C)(C)OC(=O)N1CCOc2c(Br)cccc2C1.O=C1CCC1,C1CCOC1.CCCCCC.[Cl-].[Li]CCCC.[NH4+],CC(C)(C)OC(=O)N1CCOc2c(cccc2C2(O)CCC2)C1,not_reduction
CC(C)N.O=C(O)c1ccc(Br)cc1F,,CC(C)NC(=O)c1ccc(Br)cc1F,not_reduction
CN(CC(CC=O)c1ccc(Cl)c(Cl)c1)C(=O)OC(C)(C)C.O=C1CCCCN1C1CCNCC1,CC(=O)O.CO.O=C([O-])O.[Na+],CN(CC(CCN1CCC(N2CCCCC2=O)CC1)c1ccc(Cl)c(Cl)c1)C(=O)OC(C)(C)C,not_reduction
CCO.CCOC(=N)C12CC1CN(C)C2,Cl.Cl.O,CCOC(=O)C12CC1CN(C)C2,not_reduction
Clc1ncc(Br)cn1.Fc1ccc(Nc2nccs2)cc1,C1CCOC1.CCCCCCC.CO.N#CC1=C(C#N)C(=O)C(Cl)=C(Cl)C1=O.O.[Li]C(C)(C)C,Fc1ccc(Nc2ncc(-c3nc(Cl)ncc3Br)s2)cc1,not_reduction
CC(C)(C#N)c1cccc(C(=O)O)c1Cl.O=C(Cl)C(=O)Cl,C1CCOC1.CN(C)C=O,CC(C)(C#N)c1cccc(C(=O)Cl)c1Cl,not_reduction
NN.OC1CN(c2cc(Cl)ncn2)C1,C1CCOC1.CCO.O,NNc1cc(N2CC(O)C2)ncn1,not_reduction
O=S(Cl)Cl.OC1c2ccccc2CSc2ccccc21,c1ccccc1,ClC1c2ccccc2CSc2ccccc21,not_reduction
COC(=O)c1cc(Br)c2c(c1Cl)OC(c1ccccc1)(c1ccccc1)O2,C1CCOC1.CO.O.O.[Li+].[OH-],O=C(O)c1cc(Br)c2c(c1Cl)OC(c1ccccc1)(c1ccccc1)O2,not_reduction
CCOC(=O)Cn1ccc2cc(S[Si](C(C)C)(C(C)C)C(C)C)ccc21,CN1CCCC1=O.[Cs+].[F-],CCOC(=O)Cn1ccc2cc(S)ccc21,not_reduction
CC(=O)OC1CC(N2C(=O)c3cccc([N+](=O)[O-])c3C2=O)C(=O)NC1=O,CO,CC(=O)OC1CC(N2C(=O)c3cccc(N)c3C2=O)C(=O)NC1=O,not_reduction
CCCSc1nc(Cl)ccc1C(=O)NC12CC3CC(CC(C3)C1)C2.COC(=O)CC1CCCNC1,CCCC#N.CCOC(C)=O.Cl.O=C([O-])[O-].[K+].[K+],CCCSc1nc(N2CCCC(CC(=O)OC)C2)ccc1C(=O)NC12CC3CC(CC(C3)C1)C2,not_reduction
CC(C(=O)c1ccc(Cl)cc1)N1CCNCC1,O=C(CBr)c1ccc(Cl)cc1,O=C(CN1CCNCC1)c1ccc(Cl)cc1,not_reduction
O=C(CNC(=O)c1cccc(C(F)(F)F)c1)NC1CNC1.O=C1CCC(Oc2ccccn2)CC1,,O=C(CNC(=O)c1cccc(C(F)(F)F)c1)NC1CN(C2CCC(Oc3ccccn3)CC2)C1,not_reduction
BrCc1ccccc1.COc1ccc(CCC2(C3CCCC3)CC(=O)CC(=O)O2)cc1,C1CCC2=NCCCN2CC1.c1ccccc1,COc1ccc(CCC2(C3CCCC3)CC(=O)C(Cc3ccccc3)C(=O)O2)cc1,not_reduction
BrBr.CC1(C)CCC(C)(C)c2cc(C(=O)O)c(O)cc21,,CC1(C)CCC(C)(C)c2c1cc(C(=O)O)c(O)c2Br,not_reduction
CC(C)N1CCC(O)CC1.CCOC(=O)c1cc2ccc(O)cc2s1,C1CCOC1.CC(C)OC(=O)N=NC(=O)OC(C)C.[CH2]C.c1ccc(P(c2ccccc2)c2ccccc2)cc1,CCOC(=O)c1cc2ccc(OC3CCN(C(C)C)CC3)cc2s1,not_reduction
COc1cc2ncnc(Oc3ccc(N)cc3C)c2cc1OC.COc1ccccc1N=C=O,CO.ClC(Cl)Cl,COc1ccccc1NC(=O)Nc1ccc(Oc2ncnc3cc(OC)c(OC)cc23)c(C)c1,not_reduction
NC1CCOc2c(F)cccc21.NC1CCOc2cccc(F)c21,COc1ccc2c(c1)C(N)CCO2.Cc1ccc2c(c1)C(N)CCO2.NC1CCOc2ccc(Cl)cc21.NC1CCOc2ccc(F)cc21.NC1CCOc2ccccc21,O=C1CCOc2cccc(F)c21,not_reduction
Br.COC(=O)c1cc(C#N)c(C(=O)OC)cc1N,O.O=N[O-].[Cu]Br.[Na+],COC(=O)c1cc(C#N)c(C(=O)OC)cc1Br,not_reduction
NC(Cc1ccc(O)cc1)C(=O)O.NC=O,,O=CNC(Cc1ccc(O)cc1)C(=O)O,not_reduction
BrCCc1ccccc1.Cc1cc(OCC(=O)N(C)C2CCNCC2)c(C)c(C)c1N,CC#N.CCN(CC)CC.[Cl-].[NH4+],Cc1cc(OCC(=O)N(C)C2CCN(CCc3ccccc3)CC2)c(C)c(C)c1N,not_reduction
CC(=O)Oc1ccc2c(c1C)OCC(c1ccc(O)cc1)C2=O,CCO.c1c[nH]cn1,Cc1c(O)ccc2c1OCC(c1ccc(O)cc1)C2=O,not_reduction
CON(C)C(=O)c1ccc([N+](=O)[O-])cc1F,C1CCOC1.CC(C)C[Al+]CC(C)C.Cc1ccccc1.Cl.[H-],O=Cc1ccc([N+](=O)[O-])cc1F,not_reduction
CCOC(=O)C(=O)Cl.CCOC(=O)Cc1cc2ccccc2[nH]1,,CCOC(=O)Cc1[nH]c2ccccc2c1C(=O)C(=O)OCC,not_reduction
CC(=O)c1ccc(NS(C)(=O)=O)c(Oc2ccc(F)cc2F)c1.NNC(N)=O,CCO.Cl.c1ccncc1,CC(=NNC(N)=O)c1ccc(NS(C)(=O)=O)c(Oc2ccc(F)cc2F)c1,not_reduction
CCCCC(Oc1c(Cl)cc(CCC(=O)OCC)cc1OC)c1cccc(-c2ccc(C(F)(F)F)cc2)n1,C1CCOC1.CO.Cl.[Na+].[OH-],CCCCC(Oc1c(Cl)cc(CCC(=O)O)cc1OC)c1cccc(-c2ccc(C(F)(F)F)cc2)n1,not_reduction
BrCCCCOc1ccccc1.O=CN1CCNCC1,CC(C)O,c1ccc(OCCCCN2CCNCC2)cc1,not_reduction
O=C1Cc2cc(C(=O)CCl)ccc2N1,CC[SiH](CC)CC.O.O=C(O)C(F)(F)F,O=C1Cc2cc(CCCl)ccc2N1,not_reduction
CC1(C)C=C(c2ccccc2N2CCN(C(=O)OC(C)(C)C)CC2)CC(C)(C)C1,C1CCOC1.CO,CC1(C)CC(c2ccccc2N2CCN(C(=O)OC(C)(C)C)CC2)CC(C)(C)C1,not_reduction
BrCCCOC1CCCCO1.CN(C(=O)OC(C)(C)C)C1CCC(C=C(Br)Br)CC1,C1CCOC1.CN1CCCN(C)C1=O.[Cl-].[Li]CCCC.[NH4+],CN(C(=O)OC(C)(C)C)C1CCC(C#CCCCOC2CCCCO2)CC1,not_reduction
CN(C)C(=O)Sc1c(Cl)ccc2c1CCN(C(=O)OC(C)(C)C)CC2.Fc1cc(CBr)ccc1Br,,CC(C)(C)OC(=O)N1CCc2ccc(Cl)c(SCc3ccc(Br)c(F)c3)c2CC1,not_reduction
Cc1cccc2c1NCCC2.O=C(Cl)CCl,CCN(CC)CC.ClCCl,Cc1cccc2c1N(C(=O)CCl)CCC2,not_reduction
CC([O-])=S.C[SiH](C)OC(C(CO[Si](C)(C)C(C)(C)C)NC(=O)c1csc(N2CC(OS(C)(=O)=O)C2)n1)C(C)(C)C,CN(C)C=O.[K+],CC(=O)SC1CN(c2nc(C(=O)NC(CO[Si](C)(C)C(C)(C)C)C(O[SiH](C)C)C(C)(C)C)cs2)C1,not_reduction
N#CCc1ccc(N2C(=O)c3ccccc3C2=O)cc1F,CO.NN.O,N#CCc1ccc(N)cc1F,not_reduction
C1CNCCN1.Clc1cncc(OCCCCOc2ccccc2)n1,O=C([O-])[O-].[K+].[K+],c1ccc(OCCCCOc2cncc(N3CCNCC3)n2)cc1,not_reduction
CCCI.COC(=O)c1ccc(-c2ccc3cc4c(cc3c2)C(C)(C)CCC4(C)C)cc1O,,CCCOc1cc(-c2ccc3cc4c(cc3c2)C(C)(C)CCC4(C)C)ccc1C(=O)OC,not_reduction
CNC.O=C(Cl)CCCCCl,C1CCOC1,CN(C)C(=O)CCCCCl,not_reduction
CC(C)(C)OC(=O)C=Cc1ccc(C=O)cn1,ClCCl.O=C(O)C(F)(F)F,O=Cc1ccc(C=CC(=O)O)nc1,not_reduction
COc1cc2ncnc(N3CCC(n4c(=O)[nH]c5ccc([N+](=O)[O-])cc5c4=O)CC3)c2cc1OC.Fc1ccc(CCl)cc1,,COc1cc2ncnc(N3CCC(n4c(=O)c5cc([N+](=O)[O-])ccc5n(Cc5ccc(F)cc5)c4=O)CC3)c2cc1OC,not_reduction
Cc1ccc(S(=O)(=O)Cl)cc1.Cc1nc2c(s1)CCC(CO)C2,,Cc1ccc(S(=O)(=O)OCC2CCc3sc(C)nc3C2)cc1,not_reduction
C1CNCCN1.O=C(Cl)OCC(Cl)(Cl)Cl,CCN(CC)CC,O=C(OCC(Cl)(Cl)Cl)N1CCNCC1,not_reduction
CCN(CC)CC.O=[N+]([O-])c1c(Cl)nc(C(F)(F)F)nc1Cl,CCN.CCO,CCNc1nc(C(F)(F)F)nc(Cl)c1[N+](=O)[O-],not_reduction
C1CNC1.CC(c1ccc(Br)cc1)N1CCC(CCO)(c2ccc(F)cc2)OC1=O,,CC(c1ccc(Br)cc1)N1CCC(CCN2CCC2)(c2ccc(F)cc2)OC1=O,not_reduction
CN(C)CCOc1cccc(Nc2nccc(-c3c(-c4ccc(F)c(N)c4)nn4ccccc34)n2)c1.O=C(Cl)Cc1cccs1,,CN(C)CCOc1cccc(Nc2nccc(-c3c(-c4ccc(F)c(NC(=O)Cc5cccs5)c4)nn4ccccc34)n2)c1,not_reduction
COCCN=C=O.NNC(=O)c1ccc(Cl)s1,C1CCOC1,COCCNC(=O)NNC(=O)c1ccc(Cl)s1,not_reduction
COc1ccc([N+](=O)[O-])c2c1sc1ccccc12,Cl.O.c1ccncc1,O=[N+]([O-])c1ccc(O)c2sc3ccccc3c12,not_reduction
OCC1OC(n2cnc3c2N=CNCC3O)C(O)C1O,CC(=O)OCC1OC(n2cnc(C(=O)O)c2N)C(OC(C)=O)C1OC(C)=O,O=C1CNC=Nc2c1ncn2C1OC(CO)C(O)C1O,not_reduction
CCOc1cc(CO)cc(OCC)c1F,ClCCCl.O=[Mn]=O,CCOc1cc(C=O)cc(OCC)c1F,not_reduction
CNOC.O=C(O)c1ccc2nc[nH]c2c1,CCN=C=NCCCN(C)C.CN1CCOCC1.Cl.ClCCl,CON(C)C(=O)c1ccc2nc[nH]c2c1,not_reduction
CCCCCCc1cccc(-c2nc(I)c(C(=O)N3CCC(N4CCCC4)CC3)n2C)c1.OB(O)c1ccncc1,,CCCCCCc1cccc(-c2nc(-c3ccncc3)c(C(=O)N3CCC(N4CCCC4)CC3)n2C)c1,not_reduction
Nc1nc(C(=O)O)c(-c2cccc(F)c2)s1.O=C(NCC1CC2CC2N1)c1cccc2occc12,,Nc1nc(C(=O)N2C(CNC(=O)c3cccc4occc34)CC3CC32)c(-c2cccc(F)c2)s1,not_reduction
C=CC1(C(=O)O)Cc2ccccc2C1.O=S(Cl)Cl,,[Cl-],not_reduction
CCOC(=O)CCCCCCCBr.O=C1NC(=O)c2ccccc21,CN(C)C=O.[K],CCOC(=O)CCCCCCCN1C(=O)c2ccccc2C1=O,not_reduction
Cc1ccccc1OC(F)(F)C(F)F.O=C1CCC(=O)N1Br,CC(C)(C#N)N=NC(C)(C)C#N.ClC(Cl)(Cl)Cl,FC(F)C(F)(F)Oc1ccccc1CBr,not_reduction
O=C(O)C1CS[SH](c2cccnc2)C1.c1ccc2[nH]ccc2c1,O=C(c1ncc[nH]1)c1ncc[nH]1.[H-].[Li+].[Na+].[OH-].c1c[n-]cn1,O=C(C1CS[SH](c2cccnc2)C1)n1ccc2ccccc21,not_reduction
CCCCCCCCCCCCc1ccc2ccccc2c1O.O=S(=O)(O)Cl,ClCCl.O,CCCCCCCCCCCCc1cc(S(=O)(=O)Cl)c2ccccc2c1O,not_reduction
C[Mg+].Nc1nc(Cl)c(Cl)nc1C=O,C1CCOC1.[Br-].[Cl-].[NH4+],CC(O)c1nc(Cl)c(Cl)nc1N,not_reduction
C=CCP(=O)(CC=C)C(NC(=O)NCCCC(=O)OCC1c2ccccc2-c2ccccc21)P(=O)(CC=C)CC=C,C1CCNCC1.CN(C)C=O.O=C([O-])O.[Na+],C=CCP(=O)(CC=C)C(NC(=O)NCCCC(=O)O)P(=O)(CC=C)CC=C,not_reduction
C=C[Sn](CCCC)(CCCC)CCCC.COC(=O)Cc1cccc(OS(=O)(=O)C(F)(F)F)c1C(=O)OC,C1COCCO1.[Cl-].[Li+],C=Cc1cccc(CC(=O)OC)c1C(=O)OC,not_reduction
N#Cc1c2ccccc2nc2ccccc12.O.O=N[O-],O=S(=O)(O)O.[Na+].[Na+].[OH-],O=C(O)c1c2ccccc2nc2ccccc12,not_reduction
CCOC(=O)C=Cc1cnc(-c2ccc(C(CC3CCOCC3)c3ccc(S(=O)(=O)C4CC4)cc3)[nH]2)s1,C.C1CCOC1.CCO.[Pd],CCOC(=O)CCc1cnc(-c2ccc(C(CC3CCOCC3)c3ccc(S(=O)(=O)C4CC4)cc3)[nH]2)s1,not_reduction
CCOC(=O)CBr.Cc1nc(Cl)c2[nH]c(=O)n(-c3c(C(C)C)csc3C)c2n1,CN(C)C=O.O.[H-].[Na+],CCOC(=O)Cn1c(=O)n(-c2c(C(C)C)csc2C)c2nc(C)nc(Cl)c21,not_reduction
C=CCNC(CC(=O)OC)=C(C(C)=O)C(=O)OC.CI,[H-].[Na+],C=CCNC(=C(C(C)=O)C(=O)OC)C(C)C(=O)OC,not_reduction
CC(C)(N)CO.O=C(O)c1ccc(F)cc1F,ClCCl.On1nnc2ccccc21,CC(C)(CO)NC(=O)c1ccc(F)cc1F,not_reduction
COc1cc[nH]c1C=C1C(=O)Nc2ccc(F)c(I)c21.OB(O)c1ccc(O)cc1,COCCOC.O=C([O-])[O-].[Na+].[Na+],COc1cc[nH]c1C=C1C(=O)Nc2ccc(F)c(-c3ccc(O)cc3)c21,not_reduction
CC(=O)OC(C)=O.Nc1cccc(C(=O)N(CCN2CCC(C(=O)c3ccc(F)cc3)CC2)c2ccc(F)cc2)c1,,CC(=O)Nc1cccc(C(=O)N(CCN2CCC(C(=O)c3ccc(F)cc3)CC2)c2ccc(F)cc2)c1,not_reduction
COC(CN)OC.COc1ccc(CC(=O)O)cc1OC,CCN(CC)CC.ClCCl.[Cl-],COc1ccc(CC(=O)NCC(OC)OC)cc1OC,not_reduction
C1CCOC1.C=C(C)C1C(C(C)OC(=O)OCc2ccccc2)C(=O)N1C(Cc1ccc(OC)cc1)Cc1ccc(OC)cc1,C=CCCC=CCC.[BH4-].[Na+],COc1ccc(CC(Cc2ccc(OC)cc2)N2C(=O)C(C(C)OC(=O)OCc3ccccc3)C2C(C)CO)cc1,reduction
CC(C)(C)OC(=O)NC(Cc1ccc(O)cc1)C(=O)NCC(=O)NCC(=O)O.CSCCC(NC(=O)C(N)Cc1c[nH]c2ccccc12)C(=O)OCc1ccccc1,CC(C)COC(=O)Cl.CN(C)C=O.CN1CCOCC1.Cl.O,CSCCC(NC(=O)C(Cc1c[nH]c2ccccc12)NC(=O)CNC(=O)CNC(=O)C(Cc1ccc(O)cc1)NC(=O)OC(C)(C)C)C(=O)OCc1ccccc1,not_reduction
COc1cc(N2CCC3(CC2)OCCO3)ccc1Cl.O=C1CCC(=O)N1Cl,CC(=O)O.O.[Na+].[OH-],COc1cc(N2CCC3(CC2)OCCO3)c(Cl)cc1Cl,not_reduction
CCC(C)C(NC(=O)OC(C)(C)C)C(=O)N1CC(F)(F)C(F)(F)C1,CCOC(C)=O.Cl,CCC(C)C(N)C(=O)N1CC(F)(F)C(F)(F)C1,not_reduction
CCN(CC)S(F)(F)F.CN(CC(O)c1ccc(F)cc1)S(=O)(=O)c1ccc(Br)s1,ClCCl.O=C([O-])O.[Na+],CN(CC(F)c1ccc(F)cc1)S(=O)(=O)c1ccc(Br)s1,not_reduction
CC1(C)OB(c2ccc(NC(=O)Nc3ccc(N4CCCC4=O)cc3)cc2)OC1(C)C.Cc1ccc(-c2ccc3c(N4CCOCC4)nc(Cl)nc3c2)o1,CCO.Cc1ccccc1.O.O=C([O-])[O-].[Cs+].[Cs+],Cc1ccc(-c2ccc3c(N4CCOCC4)nc(-c4ccc(NC(=O)Nc5ccc(N6CCCC6=O)cc5)cc4)nc3c2)o1,not_reduction
COC(=O)C1CCC(C(N)=O)CC1.COc1ccc(P2(=S)SP(=S)(c3ccc(OC)cc3)S2)cc1,C1CCOC1.Cc1ccccc1,COC(=O)C1CCC(C(N)=S)CC1,not_reduction
O=C(Cl)N1CCCCC1.O=C(c1c[nH]c2cc(Cl)ccc12)N1CCC(n2c(=O)[nH]c3ccccc32)CC1,CN(C)C=O.[H-].[Na+],O=C(c1cn(C(=O)N2CCCCC2)c2cc(Cl)ccc12)N1CCC(n2c(=O)[nH]c3ccccc32)CC1,not_reduction
C=Cc1ncccn1.NCc1ccccc1,CC(=O)O.CCO,c1ccc(CNCCc2ncccn2)cc1,not_reduction
Brc1cccc(Br)c1.C1CNC1,Cc1ccccc1.Cl.O=C(C=Cc1ccccc1)C=Cc1ccccc1.O=C(C=Cc1ccccc1)C=Cc1ccccc1.O=C(C=Cc1ccccc1)C=Cc1ccccc1.[Pd].[Pd].c1ccc(P(c2ccccc2)c2ccc3ccccc3c2-c2c(P(c3ccccc3)c3ccccc3)ccc3ccccc23)cc1,Brc1cccc(N2CCC2)c1,not_reduction
CC(C)(C)OC(=O)NCCC(CO)NC(=O)C(CCCN(Cc1ccccc1)C(=O)[O-])NC(=O)OC(C)(C)C,CCO,CC(C)(C)OC(=O)NCCC(CO)NC(=O)C(CCCN)NC(=O)OC(C)(C)C,not_reduction
CC(C)CC(C(=O)O)C(CC=Cc1ccccc1)C(=O)OC(C)(C)C.CC(C)CNN,CN(C)C=O.CN1CCOCC1.COC(C)(C)C.Cc1ccc(S(=O)(=O)O)cc1.Cc1ccc(S(=O)(=O)O)cc1.Cl.O.Oc1cccc2[nH]nnc12,CC(C)CNNC(=O)C(CC(C)C)C(CC=Cc1ccccc1)C(=O)OC(C)(C)C,not_reduction
CS(=O)(=O)c1ccc(-c2cc(C(F)(F)F)nc(S(C)(=O)=O)n2)cc1.NC1CCCCC1,CC#N,CS(=O)(=O)c1ccc(-c2cc(C(F)(F)F)nc(NC3CCCCC3)n2)cc1,not_reduction
COc1ccc(F)cc1C(O)C#Cc1ccccc1.COc1ccc(OC(F)(F)F)cc1C=O,,COc1ccc(OC(F)(F)F)cc1C(O)C#Cc1ccccc1,not_reduction
CC(=O)Cl.CCCS(=O)(=O)Nc1ccc(F)c(C(=O)Nc2cnc3[nH]ccc3c2)c1F,ClCCl.[Al+3].[Cl-].[Cl-].[Cl-],CCCS(=O)(=O)Nc1ccc(F)c(C(=O)Nc2cnc3[nH]cc(C(C)=O)c3c2)c1F,not_reduction
CCOC(=O)c1ccc(C=C(CCCc2ccc(C(=O)OC(C)(C)C)cc2)Cn2ccnc2)cc1,CC(=O)O.Cl.O.O=C([O-])O.[Na+],CCOC(=O)c1ccc(C=C(CCCc2ccc(C(=O)O)cc2)Cn2ccnc2)cc1,not_reduction
CNCc1cccc(C2CCNC2)c1.Nc1c(F)c(F)c(F)c2c1c(=O)c(C(=O)O)cn2C1CC1,,CNCc1cccc(C2CCN(c3c(F)c(N)c4c(=O)c(C(=O)O)cn(C5CC5)c4c3F)C2)c1,not_reduction
Brc1cncc(C#Cc2ccccc2)c1.CC(C)(C)OC(N)=O,C1COCCO1.CNCCNC.O=C([O-])[O-].[Cu]I.[K+].[K+],CC(C)(C)OC(=O)Nc1cncc(C#Cc2ccccc2)c1,not_reduction
CCC(=O)C1(N=[N+]=[N-])C(O)CC2C3CCC4CC(O)CCC4(C)C3C(OC(C)=O)CC21C,CC(=O)OC(C)=O.c1ccncc1,CCC(=O)C1(N=[N+]=[N-])C(O)CC2C3CCC4CC(O)CCC4(C)C3C(O)CC21C,not_reduction
Clc1nccc(I)c1Br.N#Cc1ccc(B(O)O)cc1,Cc1ccccc1.O.O=C([O-])[O-].[Na+].[Na+],N#Cc1ccc(-c2ccnc(Cl)c2Br)cc1,not_reduction
C1CCNC1.CC(=O)Nc1ccc(C(=O)O)c(C)c1,CN(C)C=O.ClCCl.O=C(Cl)C(=O)Cl,CC(=O)Nc1ccc(C(=O)N2CCCC2)c(C)c1,not_reduction
CCOC(=O)CNC1CCCC(Oc2ccc3[nH]ncc3c2C)C1,C1CCOC1.O.[Al+3].[H-].[H-].[H-].[H-].[Li+].[Na+].[OH-],Cc1c(OC2CCCC(NCCO)C2)ccc2[nH]ncc12,not_reduction
COC(=O)c1c(C(=O)OC)c(-c2ccc(OC)c(OC)c2)c2cc(OCc3ccccc3)c(OC)cc2c1O,C1CCOC1.CO.[H][H],COC(=O)c1c(C(=O)OC)c(-c2ccc(OC)c(OC)c2)c2cc(O)c(OC)cc2c1O,reduction
I.N#Cc1ccc(C=NNC(=N)NN)cc1.O=Cc1ccc(Cl)cc1,,N#Cc1ccc(C=NNC(=N)NN=Cc2ccc(Cl)cc2)cc1,not_reduction
Nc1cc(Br)cnc1Cl.O=S(=O)(Cl)c1cccc(OC(F)F)c1,c1ccncc1,O=S(=O)(Nc1cc(Br)cnc1Cl)c1cccc(OC(F)F)c1,not_reduction
CC1CN(C(=O)Nc2ccc(Cl)cc2)N=C1c1ccc(Cl)cc1.COC(=O)OC,C1CCOC1.CC(=O)O.CC(C)NC(C)C.CCCCCC.[Li]CCCC,COC(=O)C1(C)CN(C(=O)Nc2ccc(Cl)cc2)N=C1c1ccc(Cl)cc1,not_reduction
CC1CN(C(=O)c2ccccc2)CCN1C(=O)CC#N.Clc1nc2ccccc2s1,C1CCOC1.C[Si](C)(C)[N-][Si](C)(C)C.[Na+],CC1CN(C(=O)c2ccccc2)CCN1C(=O)C(C#N)c1nc2ccccc2s1,not_reduction
CC(C)c1c(C(=O)NCc2ccc(F)c(F)c2)c2ccc(O)cc2n1Cc1ccccc1.O=C1OCCC1Br,CN(C)C=O.O=C([O-])[O-].[K+].[K+],CC(C)c1c(C(=O)NCc2ccc(F)c(F)c2)c2ccc(OC3CCOC3=O)cc2n1Cc1ccccc1,not_reduction
Clc1nccc2occc12.N,Cl[Cu],Nc1nccc2occc12,not_reduction
CC(C)CC(NC(=O)OCc1ccccc1)C1CC1CCO[Si](c1ccccc1)(c1ccccc1)C(C)(C)C,C1CCOC1.CCCC[N+](CCCC)(CCCC)CCCC.[F-],CC(C)CC(NC(=O)OCc1ccccc1)C1CC1CCO,not_reduction
CCCCCc1ccc(OC(=O)c2ccc([N+](=O)[O-])c(C)c2)cc1,CCOC(C)=O,CCCCCc1ccc(OC(=O)c2ccc(N)c(C)c2)cc1,not_reduction
CN.COc1cc2c(c(-c3cccc(Cl)c3Cl)c1)OC(COS(=O)(=O)c1ccc(C)cc1)C2,Cl,CNCC1Cc2cc(OC)cc(-c3cccc(Cl)c3Cl)c2O1,not_reduction
CCC[Mg+].CNC(=O)c1ccc(Cl)nc1,C1CCOC1.CO.COC(C)(C)C.N#CC1=C(C#N)C(=O)C(Cl)=C(Cl)C1=O.[Br-].[Cl-].[NH4+],CCCc1cc(Cl)ncc1C(=O)NC,not_reduction
CCc1cc(-c2ccc(CN)o2)c(C)[nH]c1=O.COc1ccc(C(=O)Cl)cc1,,CCc1cc(-c2ccc(CNC(=O)c3ccc(OC)cc3)o2)c(C)[nH]c1=O,not_reduction
Cc1ccc(S(=O)(=O)N2CC2CCOS(C)(=O)=O)cc1.NCc1ccccc1,C1CCOC1.CCN(CC)CC.CS(C)=O,Cc1ccc(S(=O)(=O)NC2CCN(Cc3ccccc3)C2)cc1,not_reduction
CC(N)c1cc(F)c(NS(C)(=O)=O)c(F)c1.CCCc1cc(C(F)(F)F)ccc1C=CC(=O)O,C1CCOC1.CN1CCOCC1.COc1nc(OC)nc([N+]2(C)CCOCC2)n1.Cl.O.[Cl-],CCCc1cc(C(F)(F)F)ccc1C=CC(=O)NC(C)c1cc(F)c(NS(C)(=O)=O)c(F)c1,not_reduction
CCN=C=O.Cc1cc2c(C3CC3CN)cccn2n1,C1CCOC1,CCNC(=O)NCC1CC1c1cccn2nc(C)cc12,not_reduction
CCC(CC)Nc1cc(C)nc(Oc2c(C)cc(C)cc2C)c1NC(=O)CCl,C1CCOC1.C[Si](C)(C)[N-][Si](C)(C)C.F.[Li+],CCC(CC)N1CC(=O)Nc2c1cc(C)nc2Oc1c(C)cc(C)cc1C,not_reduction
CN1CCNCC1.Clc1cc(Nc2ncnc3sc4c(c23)CCc2nn(CCBr)cc2-4)ccc1OCc1ccccn1,CN(C)C=O.O=C([O-])[O-].[I-].[Na+].[Na+].[Na+],CN1CCN(CCn2cc3c(n2)CCc2c-3sc3ncnc(Nc4ccc(OCc5ccccn5)c(Cl)c4)c23)CC1,not_reduction
CCOc1ccc2c(c1)CCC(=O)C2,CCO.[BH4-].[Na+].[Na+].[OH-],CCOc1ccc2c(c1)CCC(O)C2,reduction
COC(=O)Cc1cccc(OCCC(C)NCC(C)c2ccccc2)c1.O=Cc1cccc(C(F)(F)F)c1Cl,CC(=O)O.CC(=O)O[BH-](OC(C)=O)OC(C)=O.ClCCl.O.[Na+],COC(=O)Cc1cccc(OCCC(C)N(Cc2cccc(C(F)(F)F)c2Cl)CC(C)c2ccccc2)c1,reduction
CCCC[Sn](CCCC)(CCCC)c1ccncc1.O=c1c2ncn(-c3ccccc3)c2nc(-c2ccc(I)cc2)n1-c1ccc(Cl)cc1,[Pd].c1ccc(P(c2ccccc2)c2ccccc2)cc1.c1ccc(P(c2ccccc2)c2ccccc2)cc1.c1ccc(P(c2ccccc2)c2ccccc2)cc1.c1ccc(P(c2ccccc2)c2ccccc2)cc1,O=c1c2ncn(-c3ccccc3)c2nc(-c2ccc(-c3ccncc3)cc2)n1-c1ccc(Cl)cc1,not_reduction
CN(C)C1CCNC1.Cc1c(-c2cccc(F)c2F)c(F)c2oc(C3CC3)nc2c1C#N,CCN(CC)CC.CCOC(C)=O.CS(C)=O.O=C([O-])O.[Na+],Cc1c(-c2cccc(F)c2F)c(N2CCC(N(C)C)C2)c2oc(C3CC3)nc2c1C#N,not_reduction
CC(C)(C)O.CC(Nc1nc(Nc2cnccn2)cc(-c2ccc(C#N)nc2)n1)c1ccc(F)cc1,[F-].[K+],CC(Nc1nc(Nc2cnccn2)cc(-c2ccc(C(N)=O)nc2)n1)c1ccc(F)cc1,not_reduction
Cc1c(O)cccc1O.O=C1CCC(=O)N1Cl,CC#N,Cc1c(O)ccc(Cl)c1O,not_reduction
N#CCc1cc(SC#N)c2c(CCc3ccccc3)nccn12,CI.CO.ClCCl.[K+].[OH-],CSc1cc(CC#N)n2ccnc(CCc3ccccc3)c12,not_reduction
N=C(N)N[N+](=O)[O-].NCCCNCc1ccc(Cl)nc1,O,O=[N+]([O-])N=C1NCCCN1Cc1ccc(Cl)nc1,not_reduction
C[S-].N#Cc1ccc(Cl)nc1,C1CCOC1.CCOC(C)=O.O.[Na+],CSc1ccc(C#N)cn1,not_reduction
COc1cc2nccc(Oc3ccc(OCC(=O)O)cc3)c2cc1OC.Nc1ccc(Cl)cc1,CCN=C=NCCCN(C)C.Cl.ClC(Cl)Cl.O.O=C([O-])O.On1nnc2ccccc21.[Na+],COc1cc2nccc(Oc3ccc(OCC(=O)Nc4ccc(Cl)cc4)cc3)c2cc1OC,not_reduction
CCn1cc(C(=O)Cl)c(NS(=O)(=O)c2ccc(OCc3nc(-c4ccccc4)oc3C)cc2)n1.N,CCOC(C)=O.ClCCl,CCn1cc(C(N)=O)c(NS(=O)(=O)c2ccc(OCc3nc(-c4ccccc4)oc3C)cc2)n1,not_reduction
ClCC1CCCCN(CCCOc2ccc3c(c2)OCO3)C1.O=C1Cc2cc3c(cc2CCN1)OCO3,,Cl.O=C1Cc2cc3c(cc2CCN1CC1CCCCN(CCCOc2ccc4c(c2)OCO4)C1)OCO3,not_reduction
CC(C)C(C#Cc1ccccc1)N1CCC(=O)CC1,[Cl-].[NH4+],CC(C)C(N)C#Cc1ccccc1,not_reduction
CN(C)C=Nc1ncc2[nH]ccc2n1.O=C1CCC(=O)N1I,CN(C)C=O,CN(C)C=Nc1ncc2[nH]cc(I)c2n1,not_reduction
COC(=O)c1c(SCc2ccc(OC)cc2)nc(-c2ccccc2)n1Cc1cc2c(cc1Cl)OCO2,C1CCOC1.CCOC(C)=O,COc1ccc(CSc2nc(-c3ccccc3)n(Cc3cc4c(cc3Cl)OCO4)c2C(=O)O)cc1,not_reduction
COc1ccc2c(c1)C=C(C(=O)N1CC(C)NC(C)C1)Cn1c-2c(C2CCCCC2)c2ccc(C(=O)NS(=O)(=O)N(C)C)cc21.[BH3-]C#N,CO.[Cl-].[Cl-].[Na+].[Zn+2],COc1ccc2c(c1)C=C(C(=O)N1CC(C)N(C)C(C)C1)Cn1c-2c(C2CCCCC2)c2ccc(C(=O)NS(=O)(=O)N(C)C)cc21,reduction
CC(C)(C)OC(=O)N1CCC(c2ccc(F)cc2)C(OC(=O)c2ccc3ccccc3c2)C1.CN(C)CCN(C)C,BrCBr.C1CCOC1.ClCCl.[Cl-].[Cl-].[Cl-].[Cl-].[Cl-].[NH4+].[Ti+4].[Zn],C=C(OC1CN(C(=O)OC(C)(C)C)CCC1c1ccc(F)cc1)c1ccc2ccccc2c1,not_reduction
COC(=O)Cc1ccc(C#Cc2ccc(C3(OCC(C)(C)C)CC3)c(C)c2)cc1,C1CCOC1.CCO.[Na+].[OH-],Cc1cc(C#Cc2ccc(CC(=O)O)cc2)ccc1C1(OCC(C)(C)C)CC1,not_reduction
BrCc1ccccc1Br.COc1ccc2[nH]ccc2n1,CN(C)C=O.[H-].[Na+],COc1ccc2c(ccn2Cc2ccccc2Br)n1,not_reduction
Cc1cc(O)c(C(C)(C)C)cc1N=O,CCO.NN.O,Cc1cc(O)c(C(C)(C)C)cc1N,not_reduction
CCc1ncc(C=O)cc1F.COc1cnc2ccc(=O)n(CCN3CCC(N)CC3)c2c1,CC(=O)O.CO.CO.C[O-].Cl.ClC(Cl)Cl.O=C([O-])O.[BH3-]C#N.[Na+].[Na+].[Na+],CCc1ncc(CNC2CCN(CCn3c(=O)ccc4ncc(OC)cc43)CC2)cc1F,reduction
Nc1cccc(F)c1F.[Br-],CCCC[N+](CCCC)(CCCC)CCCC.CCCC[N+](CCCC)(CCCC)CCCC.CCCC[N+](CCCC)(CCCC)CCCC.O.[Br-].[Br-],Nc1ccc(Br)c(F)c1F,not_reduction
ClCc1ccccc1.Nc1ccc(Br)c(O)c1,CC(C)(C)[O-].CN(C)C=O.[K+],Nc1ccc(Br)c(OCc2ccccc2)c1,not_reduction
CCOCC(Oc1ncnc2c1cnn2-c1ncccc1C(F)(F)F)C(=O)OC.Nc1ccc(Cl)cn1,CCOC(C)=O.C[Al](C)C.Cc1ccccc1.O.O=C(O)CC(O)(CC(=O)O)C(=O)O,CCOCC(Oc1ncnc2c1cnn2-c1ncccc1C(F)(F)F)C(=O)Nc1ccc(Cl)cn1,not_reduction
CI.COC(=O)C1=C(O)c2c(c3cc(OC)ccc3n2C)S(=O)(=O)N1,CO.[Na+].[OH-],COC(=O)C1=C(O)c2c(c3cc(OC)ccc3n2C)S(=O)(=O)N1C,not_reduction
CCP(=O)(O)CCC(=O)O.OCCCCCCO,Cc1ccccc1.O,CCP(=O)(O)CCC(=O)OCCCCCCO,not_reduction
CN(Cc1ccc(Cl)c(Cl)c1)C(=O)C1=C(O)C(=O)N(CCCC(=O)O)C1.CN1CCNCC1,,CN1CCN(C(=O)CCCN2CC(C(=O)N(C)Cc3ccc(Cl)c(Cl)c3)=C(O)C2=O)CC1,not_reduction
CCOC(=O)c1cccc(CCl)n1.OB(O)c1cc(Cl)ccc1OCc1ccc(Cl)cc1F,CCO.Cc1ccccc1.Cl.O=C([O-])[O-].[K+].[K+],CCOC(=O)c1cccc(Cc2cc(Cl)ccc2OCc2ccc(Cl)cc2F)n1,not_reduction
COC(=O)C1CCCC1NC(=O)C(CCCNC(=O)OCc1ccccc1)NC(=O)c1cc2ccccc2n1C,C1CCOC1.CO.Cl.[Na+].[OH-],Cn1c(C(=O)NC(CCCNC(=O)OCc2ccccc2)C(=O)NC2CCCC2C(=O)O)cc2ccccc21,not_reduction
BrCc1cccc(-c2ncc(Br)cn2)n1.N#Cc1cccc(-c2ccc(=O)[nH]n2)c1,CN(C)C=O.O.O=C([O-])[O-].[Cs+].[Cs+],N#Cc1cccc(-c2ccc(=O)n(Cc3cccc(-c4ncc(Br)cn4)n3)n2)c1,not_reduction
CC(C)(C)c1cc(-c2nc(CCl)no2)cc(C(C)(C)C)c1O.C[S-],CO.[Na+],CSCc1noc(-c2cc(C(C)(C)C)c(O)c(C(C)(C)C)c2)n1,not_reduction
CCCCCN.COc1cc(C=O)ccc1Oc1ccc(C(N)=O)cn1,,CCCCCNCc1ccc(Oc2ccc(C(N)=O)cn2)c(OC)c1,not_reduction
C#C[Si](C)(C)C.CCN(CC)C1CCN(C(=O)c2n[nH]c(-c3cccc(Br)c3)c2C)C1,C1CCNCC1.[Cu]I.c1ccc(P(c2ccccc2)(c2ccccc2)[Pd](P(c2ccccc2)(c2ccccc2)c2ccccc2)(P(c2ccccc2)(c2ccccc2)c2ccccc2)P(c2ccccc2)(c2ccccc2)c2ccccc2)cc1,CCN(CC)C1CCN(C(=O)c2n[nH]c(-c3cccc(C#C[Si](C)(C)C)c3)c2C)C1,not_reduction
CCNc1nc(S(C)=O)ncc1C(=O)OCC.Nc1ccccc1,CCCCCC.CCOC(C)=O,CCNc1nc(Nc2ccccc2)ncc1C(=O)OCC,not_reduction
S=C(n1ccnc1)n1ccnc1.c1ccc(N2CCNCC2)nc1,ClCCl,S=C(N1CCN(c2ccccn2)CC1)n1ccnc1,not_reduction
CC(C)(C#N)c1cnc(F)cc1-c1cccc2ccsc12,C1CCOC1.[Cl-].[Cl-].[Cl-].[Cl-].[Zr+4],CC(C)(CN)c1cnc(F)cc1-c1cccc2ccsc12,not_reduction
CNCCOc1cc(C)c(NC(C)=O)cc1C(C)C.COc1c(C)c(C)c(OC)c(CCl)c1C,CCN(CC)CC.CN(C)C=O,COc1c(C)c(C)c(OC)c(CN(C)CCOc2cc(C)c(NC(C)=O)cc2C(C)C)c1C,not_reduction
CC(C)OC(=O)Nc1cc(F)cc(F)c1.CN(C)C=O,C1CCOC1.[Li]CCCC,CC(C)OC(=O)Nc1cc(F)c(C=O)c(F)c1,not_reduction
CCOC(=O)c1cn(C)nc1Nc1ccc(F)cc1N,CS(C)=O.[CH2-]S(C)=O.[H-].[Na+].[Na+],Cn1cc2c(n1)Nc1ccc(F)cc1NC2=O,not_reduction
CC1CN(CCCc2ccccc2)C(C)CN1.Cc1ccoc1C(=O)Cl,c1ccccc1,Cc1ccoc1C(=O)N1CC(C)N(CCCc2ccccc2)CC1C.Cl,not_reduction
CC(=O)OC(C)=O.O=C1C(NC(=O)C(F)(F)F)CCN1Cc1ccc([N+](=O)[O-])cc1,CC(=O)O,CC(=O)Nc1ccc(CN2CCC(NC(=O)C(F)(F)F)C2=O)cc1,not_reduction
CO.c1ccc2c(c1)CCNC2,ClCCl.O.O=[W](=O)([O-])[O-].OO.[Na],[O-][N+]1=Cc2ccccc2CC1,not_reduction
CS(=O)(=O)c1nc(Nc2ccccc2)cc(-n2nc(Nc3ccccc3)nc2N)n1.N#C[K],CCOCC.CS(C)=O,N#Cc1nc(Nc2ccccc2)cc(-n2nc(Nc3ccccc3)nc2N)n1,not_reduction
CC(C)S(=O)(=O)c1cnc(Cl)c([N+](=O)[O-])c1.NCC1CCOCC1,,CC(C)S(=O)(=O)c1cnc(NCC2CCOCC2)c([N+](=O)[O-])c1,not_reduction
COc1cc2c(c3c1OC(C)(C)C3)C(c1ccc(NS(C)(=O)=O)cc1)=NC(C)(C)C2.CS(=O)(=O)Cl,C1CCOC1.CCN(CC)CC.O,COc1cc2c(c3c1OC(C)(C)C3)C(c1ccc(N(S(C)(=O)=O)S(C)(=O)=O)cc1)=NC(C)(C)C2,not_reduction
OC1(c2ccc(OCc3ccccc3)c(OCc3ccccc3)c2)CCCN(Cc2ccccc2)C1,Cl.ClCCl.[Na+].[OH-],C1=C(c2ccc(OCc3ccccc3)c(OCc3ccccc3)c2)CN(Cc2ccccc2)CC1,not_reduction
Nc1nc(Cl)c2ncn(C3COC(COC(=O)c4ccccc4)O3)c2n1,CO,Nc1nc(Cl)c2ncn(C3COC(CO)O3)c2n1,not_reduction
CNCCOC.Cn1ncc(C(=O)NC2C3CC4CC(C3)CC2C4)c1Cl,,COCCN(C)c1c(C(=O)NC2C3CC4CC(C3)CC2C4)cnn1C,not_reduction
O=C1Cc2cc(-c3ccccc3)ccc2N1.O=Cc1[nH]cc2c1CCOC2=O,,O=C1Nc2ccc(-c3ccccc3)cc2C1=Cc1[nH]cc2c1CCOC2=O,not_reduction
COC(=O)C1CCC(Oc2ncccc2F)CC1.NN,CCCCO.O,NNC(=O)C1CCC(Oc2ncccc2F)CC1,not_reduction
CC(=O)OC(C)=O.CC(C)=CCCC(C)=CCCC(C)C(O)CCC(C)=CCCC(C)=CCO,O.c1ccncc1,CC(=O)OCC=C(C)CCC=C(C)CCC(O)C(C)CCC=C(C)CCC=C(C)C,not_reduction
NC1CCCCC1N1C(=O)c2ccccc2C(C(=O)NOCc2ccccc2)C1c1ccc(Cl)cc1Cl.NS(N)(=O)=O,COCCOC,NS(=O)(=O)NC1CCCCC1N1C(=O)c2ccccc2C(C(=O)NOCc2ccccc2)C1c1ccc(Cl)cc1Cl,not_reduction
CN(C)c1cccc(C2(O)CCC(=O)CC2)c1.O=C(CNC(=O)c1cccc(C(F)(F)F)c1)NC1CNC1,,CN(C)c1cccc(C2(O)CCC(N3CC(NC(=O)CNC(=O)c4cccc(C(F)(F)F)c4)C3)CC2)c1,not_reduction
CCO.O=C(O)c1cc(-c2ccc(F)cc2F)cc(I)c1O,O=S(Cl)Cl,CCOC(=O)c1cc(-c2ccc(F)cc2F)cc(I)c1O,not_reduction
CC(C(=O)O)=C1CCCCC1,CCO,CC(C(=O)O)C1CCCCC1,not_reduction
C[SiH](C)OC1(C(N)=S)CC(C(C)(C)C)CN1C(=O)OCc1ccc([N+](=O)[O-])cc1.NCCN,C1CCOC1,C[SiH](C)OC1(C2=NCCN2)CC(C(C)(C)C)CN1C(=O)OCc1ccc([N+](=O)[O-])cc1,not_reduction
C=Cc1ccc2ncn(-c3ccc4c(c3)CCN4)c2n1.CN(C)CCCC(=O)O,CCN=C=NCCCN(C)C.CN(C)c1ccncc1.Cl.Cl.ClCCl,C=Cc1ccc2ncn(-c3ccc4c(c3)CCN4C(=O)CCCN(C)C)c2n1,not_reduction
Cc1ccc(NC(=O)c2cc(Cl)ccc2NCC2CCNCC2)nc1.O=C1CCCC1,C1CCOC1.CC(=O)O.CO.[BH3-]C#N.[Na+],Cc1ccc(NC(=O)c2cc(Cl)ccc2NCC2CCN(C3CCCC3)CC2)nc1,reduction
COc1cccc(Nc2c(C(N)=O)cnc3c(C)cc(S(=O)(=O)c4cccc(C(=O)N(C)CCOc5ccc(CCNC(=O)OC(C)(C)C)cc5)c4)cc23)c1,COc1cccc(Nc2c(C(N)=O)cnc3c(C)cc(S(=O)(=O)c4cccc(C(=O)Nc5ccc(CCN)cc5)c4)cc23)c1,COc1cccc(Nc2c(C(N)=O)cnc3c(C)cc(S(=O)(=O)c4cccc(C(=O)N(C)CCOc5ccc(CCN)cc5)c4)cc23)c1,not_reduction
CC1CCCN1.Cc1ccc(S(=O)(=O)OCCc2cc3cc(Br)ccc3s2)cc1,CC#N.Cc1ccc(S(=O)(=O)O)cc1.O=C([O-])[O-].[K+].[K+],CC1CCCN1CCc1cc2cc(Br)ccc2s1,not_reduction
OCc1ccc2c(c1)Sc1ccccc1C=C2.OCc1ccc2c(c1)Sc1ccccc1CC2,,O=S1c2ccccc2C=Cc2ccc(CO)cc21,not_reduction
C=CCOC(=O)Nc1cccc(-c2nc(C3CCN(C(=O)OC(C)(C)C)CC3)sc2-c2ccnc(Cl)n2)c1F,CCCC[SnH](CCCC)CCCC.ClCCl.O,CC(C)(C)OC(=O)N1CCC(c2nc(-c3cccc(N)c3F)c(-c3ccnc(Cl)n3)s2)CC1,not_reduction
Brc1cccc(Br)n1.CC(=O)N1Cc2ccc(B3OC(C)(C)C(C)(C)O3)cc2C=Cc2ccccc21,O=C([O-])[O-].[Na+].[Na+].c1ccc(P(c2ccccc2)(c2ccccc2)[Pd](P(c2ccccc2)(c2ccccc2)c2ccccc2)(P(c2ccccc2)(c2ccccc2)c2ccccc2)P(c2ccccc2)(c2ccccc2)c2ccccc2)cc1,CC(=O)N1Cc2ccc(-c3cccc(Br)n3)cc2C=Cc2ccccc21,not_reduction
C1CNCCN1.COc1cc(NCCCCCCCl)c2nccc(C)c2c1,Cc1ccccc1,COc1cc(NCCCCCCN2CCNCC2)c2nccc(C)c2c1,not_reduction
CCOC(=O)c1c(Cl)nc2ccccn12.CCn1c(=O)n(-c2ccc(O)cc2)c2ncc(C)cc21,COCCOC.[H-].[Na+],CCOC(=O)c1c(Oc2ccc(-n3c(=O)n(CC)c4cc(C)cnc43)cc2)nc2ccccn12,not_reduction
CC(C)(C)OC(=O)N(CCc1ccc(O)cc1)CC(O)c1cccc(Cl)c1.CCOC(=O)COc1cccc(CO)c1,C1CCOC1.CCOC(=O)N=NC(=O)OCC.c1ccc(P(c2ccccc2)c2ccccc2)cc1,CCOC(=O)COc1cccc(COc2ccc(CCN(CC(O)c3cccc(Cl)c3)C(=O)OC(C)(C)C)cc2)c1,not_reduction
COC(=O)c1ccc(N)c(OC)c1.Cc1c(S(=O)(=O)Cl)sc2ccc(Cl)cc12,c1ccncc1,COC(=O)c1ccc(NS(=O)(=O)c2sc3ccc(Cl)cc3c2C)c(OC)c1,not_reduction
CCOP(=O)(OCC)OCc1ccccc1.O=Cc1cscc1B(O)O,O=Cc1ccc(Cc2ccc(Cl)cc2)s1,O=Cc1cscc1Cc1ccccc1,not_reduction
N#CCC(O)(c1ccc(Br)cc1)c1ccc(-c2ccc(Br)cc2)cc1,CCO.[Al+3].[H-].[H-].[H-].[H-].[Li+].c1ccccc1,NCCC(O)(c1ccc(Br)cc1)c1ccc(-c2ccc(Br)cc2)cc1,not_reduction
CN(C)CCOc1ccc(N)cc1.COC=C1C(=O)NC(=O)c2ccc(Br)cc21,CCN(CC)CC.CN(C)C=O.Cl,CN(C)CCOc1ccc(NC=C2C(=O)NC(=O)c3ccc(Br)cc32)cc1,not_reduction
CC(=O)[O-].N#CCCCCCCNCc1ccc(O)cc1,CC(=O)OC(C)=O.CCO.CCOC(C)=O.O.O=C([O-])O.[K+].[Na+],CC(=O)Oc1ccc(CNCCCCCCC#N)cc1,not_reduction
COC(=O)C1CCNC(c2ccc(Cl)cc2)C1.COC(=O)Cl,CCN(C(C)C)C(C)C.ClCCl,COC(=O)C1CCN(C(=O)OC)C(c2ccc(Cl)cc2)C1,not_reduction
CC(=O)CC(N)=O.O=Cc1ccc(Cl)c(F)c1,C1CCNCC1.CC(=O)O.CC(C)O,CC(=O)C(=Cc1ccc(Cl)c(F)c1)C(N)=O,not_reduction
CCOCCN.O=S(=O)(Cl)c1ccc(Br)cc1,C1CCOC1.CCN(C(C)C)C(C)C.O=C([O-])O.[Na+],CCOCCNS(=O)(=O)c1ccc(Br)cc1,not_reduction
ClCc1csc(-c2ccccc2)n1.c1ccc(C(c2ccccc2)N2CCNCC2)cc1,CN(C)C=O.Cl.O=C([O-])[O-].[K+].[K+],c1ccc(-c2nc(CN3CCN(C(c4ccccc4)c4ccccc4)CC3)cs2)cc1,not_reduction
COc1ccc2c(C(C)NC(C)=O)noc2c1,BrB(Br)Br.CCOC(C)=O.Cc1ccccc1.ClCCl.ClCCl,CC(=O)NC(C)c1noc2cc(O)ccc12,not_reduction
Nc1c(F)cc(C=O)c(F)c1Br,CC(=O)O.O.O=N[O-].OP(O)P(O)O.[Na+],O=Cc1cc(F)cc(Br)c1F,not_reduction
CCC(c1nn2cccc2c(=O)[nH]1)N(CCCNC(=O)OC(C)(C)C)C(=O)c1ccc(C)cc1.COC(=O)CBr,CCC(c1nn2cccc2c(=O)n1Cc1ccc(F)cc1)N(CCCNC(=O)OC(C)(C)C)C(=O)c1ccc(C)cc1,CCC(c1nn2cccc2c(=O)n1CC(=O)OC)N(CCCNC(=O)OC(C)(C)C)C(=O)c1ccc(C)cc1,not_reduction
COC(=O)c1cc(Cl)ccc1F.COc1cccc(O)c1,,COC(=O)c1cc(Cl)ccc1Oc1cccc(OC)c1,not_reduction
CC(C)(C)OC(=O)N1CCC(C#CCCCCl)CC1,ClCCl.O=C(O)C(F)(F)F,ClCCCC#CC1CCNCC1,not_reduction
CC(C)(C)OC(=O)N1CCC(C(=O)O)C1.COc1cccc(C(Oc2ccc3c(cnn3-c3ccc(F)cc3)c2)C(C)N)c1,,COc1cccc(C(Oc2ccc3c(cnn3-c3ccc(F)cc3)c2)C(C)NC(=O)C2CCN(C(=O)OC(C)(C)C)C2)c1,not_reduction
CN1C(=O)Cc2c(Nc3ccc(F)c(Cl)c3)ncnc21.Cc1[nH]c(C=O)c(C)c1CCCN1CCOCC1,C1CCNCC1.CCO,Cc1[nH]c(C=C2C(=O)N(C)c3ncnc(Nc4ccc(F)c(Cl)c4)c32)c(C)c1CCCN1CCOCC1,not_reduction
ClP(c1ccc(CCCc2ccccc2)cc1)c1ccc(CCCc2ccccc2)cc1,C1CCOC1,c1ccc(CCCc2ccc(Pc3ccc(CCCc4ccccc4)cc3)cc2)cc1,not_reduction
Cc1cccc(C(=O)Nc2cccc(C(C)Nc3cncc(Cl)n3)c2)c1.NCc1ccccc1,CC(C)(C)[O-].CCOC(C)=O.Cc1ccccc1.[Na+],Cc1cccc(C(=O)Nc2cccc(C(C)Nc3cncc(NCc4ccccc4)n3)c2)c1,not_reduction
CC(=O)NCC1CN(c2ccc(C3CNC3)c(F)c2)C(=O)O1.COC(=O)Cl,CCN(CC)CC.ClC(Cl)Cl,COC(=O)N1CC(c2ccc(N3CC(CNC(C)=O)OC3=O)cc2F)C1,not_reduction
Brc1ccc(-c2csc(NCC3CC3)n2)cn1.CC(C)(C)OC(=O)N1CCc2ccc(Cl)c(CS)c2CC1,C1COCCO1.CCN(C(C)C)C(C)C.O=C(C=Cc1ccccc1)C=Cc1ccccc1.O=C(C=Cc1ccccc1)C=Cc1ccccc1.O=C(C=Cc1ccccc1)C=Cc1ccccc1.[Pd].[Pd],CC(C)(C)OC(=O)N1CCc2ccc(Cl)c(CSc3ccc(-c4csc(NCC5CC5)n4)cn3)c2CC1,not_reduction
CC(C)=O.OCc1cc(Br)ccc1O,CCOCC.COC(C)(C)OC.[Cl-].[Cl-].[Na+].[OH-].[Zn+2],CC1(C)OCc2cc(Br)ccc2O1,not_reduction
CCCCc1nc2c(N)nc3ccccc3c2n1CCCN.CN(C)c1cccc2c(S(=O)(=O)Cl)cccc12,CCN(CC)CC.CN1CCCC1=O.O.O=C([O-])[O-].[K+].[K+],CCCCc1nc2c(N)nc3ccccc3c2n1CCCNS(=O)(=O)c1cccc2c(N(C)C)cccc12,not_reduction
CCOC(=O)c1ccc2c([N+](=O)[O-])cccc2c1,CCO,CCOC(=O)c1ccc2c(N)cccc2c1,not_reduction
COc1ccc(CNc2ncnc3c2ccn3C2CC(CN(C)C3CC(CCC(=O)O)C3)C3OC(C)(C)OC32)c(OC)c1.Nc1ccc(OC(F)(F)F)cc1N,CCN(C(C)C)C(C)C.CN(C)C=O,COc1ccc(CNc2ncnc3c2ccn3C2CC(CN(C)C3CC(CCC(=O)Nc4ccc(OC(F)(F)F)cc4N)C3)C3OC(C)(C)OC32)c(OC)c1,not_reduction
CCI.Oc1ccc2c(c1)C(=CCCN1CCC(O)(c3ccc(Cl)cc3)CC1)c1ccccc1CO2,CCOC(C)=O.CN(C)C=O.O.[H-].[Na+],CCOc1ccc2c(c1)C(=CCCN1CCC(O)(c3ccc(Cl)cc3)CC1)c1ccccc1CO2,not_reduction
COc1cccc2c1C(=O)NCC2,C1CCOC1.O.[Al+3].[H-].[H-].[H-].[H-].[Li+].[Na+].[OH-],COc1cccc2c1CNCC2,not_reduction
O=C(COC(=O)c1cccc(NC(=O)C(F)(F)F)c1)c1ccccc1,ClCCl.Nc1cccc(C(=O)O)c1.O=C(OC(=O)C(F)(F)F)C(F)(F)F,O=C(O)c1cccc(NC(=O)C(F)(F)F)c1,not_reduction
CI.O=C1Nc2ccc(F)cc2C(c2ccccc2Cl)=NC1=CN1CCOCC1,CN(C)C=O.O,CN1C(=O)C(=CN2CCOCC2)N=C(c2ccccc2Cl)c2cc(F)ccc21,not_reduction
CCOC(=O)c1sc(N2CCN(CC(=O)c3ccccc3)C2=O)cc1C,CCOC(=O)c1sc(N2CCN(CCOc3ccccc3)C2=O)cc1C,Cc1cc(N2CCN(CC(=O)c3ccccc3)C2=O)sc1C(=O)O,not_reduction
Cc1ccc(S(=O)(=O)OCCOC2(C)CC2)cc1.OCC1OC(c2ccc(Cl)c(Cc3ccc(O)cc3)c2)C(O)C(O)C1O,CN(C)C=O.O.O=C([O-])[O-].[Cs+].[Cs+],CC1(OCCOc2ccc(Cc3cc(C4OC(CO)C(O)C(O)C4O)ccc3Cl)cc2)CC1,not_reduction
CC(C)(C)OC(=O)n1nc(C2CC2)c2ccc(O)cc21.CC[Si](CC)(CC)OC(CN(CCO)C(=O)OC(C)(C)C)c1cccc(N)c1,CC(C)OC(=O)N=NC(=O)OC(C)C.Cc1ccccc1.c1ccc(P(c2ccccc2)c2ccccc2)cc1,CC[Si](CC)(CC)OC(CN(CCOc1ccc2c(C3CC3)nn(C(=O)OC(C)(C)C)c2c1)C(=O)OC(C)(C)C)c1cccc(N)c1,not_reduction
CO.O=C(C1CS(=O)C1)N1CC(F)(c2ccc(C3=NOC(c4cc(Cl)c(F)c(Cl)c4)(C(F)(F)F)C3)cc2)C1,O,O=C(C1CS(=O)(=O)C1)N1CC(F)(c2ccc(C3=NOC(c4cc(Cl)c(F)c(Cl)c4)(C(F)(F)F)C3)cc2)C1,not_reduction
CC(C(=O)c1ccc(O[Si](C(C)C)(C(C)C)C(C)C)c(F)c1)N1CCC(O)(c2ccccc2)CC1,CCO.[BH4-].[Na+],CC(C(O)c1ccc(O[Si](C(C)C)(C(C)C)C(C)C)c(F)c1)N1CCC(O)(c2ccccc2)CC1,reduction
C=Cc1coc(C=Cc2ccccc2)n1.[OH-],B1C2CCCC1CCC2.C1CCOC1.CCOC(C)=O.O.OO.[Na+],OCCc1coc(C=Cc2ccccc2)n1,not_reduction
COc1ccccc1N1CCN(CCCl)CC1.Fc1ccc2[nH]cc(C3CCNCC3)c2c1,CC#N.O.O=C([O-])[O-].[I-].[K+].[K+].[K+],COc1ccccc1N1CCN(CCN2CCC(c3c[nH]c4ccc(F)cc34)CC2)CC1,not_reduction
COC(=O)c1ccc(C(=O)O)cc1Br.NCc1cccc(O)c1,CCN(C(C)C)C(C)C.CN(C)C(On1nnc2ccccc21)=[N+](C)C.CN(C)C=O.Cl.F[P-](F)(F)(F)(F)F.On1nnc2ccccc21,COC(=O)c1ccc(C(=O)NCc2cccc(O)c2)cc1Br,not_reduction
CCOC(=O)C=C(CBr)Oc1ccccc1Cl.COC(=O)C(N)CCSC,CC#N.CCN(C(C)C)C(C)C.Cl,CCOC(=O)C=C(CNC(CCSC)C(=O)OC)Oc1ccccc1Cl,not_reduction
Fc1ccc2nc(Oc3ccc(CCl)cc3)sc2c1.NC(=O)N1CC2CNCC2C1,CN(C)C=O.Cl.O=C([O-])[O-].[Cs+].[Cs+],NC(=O)N1CC2CN(Cc3ccc(Oc4nc5ccc(F)cc5s4)cc3)CC2C1,not_reduction
FC(F)(F)c1nnc(-c2ccc3ncnc(Cl)c3c2)o1.Nc1ccc2c(cnn2Cc2cccc(F)c2)c1,,Fc1cccc(Cn2ncc3cc(Nc4ncnc5ccc(-c6nnc(C(F)(F)F)o6)cc45)ccc32)c1,not_reduction
CC(=O)N1C=C(c2ccccc2)N(CC(=O)NC(CO)Cc2ccccc2)C(=O)C1C(C)C,CCN(CC)CC.CS(C)=O.O.O=S(=O)=O.c1ccncc1,CC(=O)N1C=C(c2ccccc2)N(CC(=O)NC(C=O)Cc2ccccc2)C(=O)C1C(C)C,not_reduction
CC(C)CNc1ccc(C#Cc2ccccc2)cc1[N+](=O)[O-].O.O=C([O-])O,CC(C)=O.O=S(=O)([O-])[O-].O=S([O-])[O-].O=[Mn](=O)(=O)[O-].[K+].[Mg+2].[Na+].[Na+].[Na+],CC(C)CNc1ccc(C(=O)C(=O)c2ccccc2)cc1[N+](=O)[O-],not_reduction
CN(C)C1CCOCC1.Cc1ccc(-c2ccc3c(c2)C=C(C(=O)Nc2ccc(CCl)cc2)CCC3)cc1,CN(C)C=O,Cc1ccc(-c2ccc3c(c2)C=C(C(=O)Nc2ccc(C[N+](C)(C)C4CCOCC4)cc2)CCC3)cc1.[Cl-],not_reduction
CC(C)(C)S(=O)NC1(c2ccc(B3OC(C)(C)C(C)(C)O3)cc2)COC1.C[Si](C)(C)CCOCn1nc2c3oc(-c4ccccc4)c(I)c(=O)c3ccn2c1=O,COCCOC.ClCCl.O=C([O-])[O-].[Na+].[Na+],CC(C)(C)S(=O)NC1(c2ccc(-c3c(-c4ccccc4)oc4c(ccn5c(=O)n(COCC[Si](C)(C)C)nc45)c3=O)cc2)COC1,not_reduction
COc1ccc(S(=O)(=O)Nc2cc(CO)ccc2Cl)cc1OC,C1CCOC1.ClCCl.O=[Mn]=O,COc1ccc(S(=O)(=O)Nc2cc(C=O)ccc2Cl)cc1OC,not_reduction
CCOC(=O)CN.O=C(Cl)CCl,,CCOC(=O)CNC(=O)CCl,not_reduction
O=P([O-])([O-])[O-].OCCn1cnc2ccc(F)c(F)c21,CC#N.CC1(C)CCCC(C)(C)N1O.O.O=S([O-])[O-].[Na+].[Na+].[Na+].[Na+].[Na+].[Na+].[Na+].[Na+].[O-]Cl.[O-][Cl+][O-].[OH-],O=C(O)Cn1cnc2ccc(F)c(F)c21,not_reduction
CCCCNCCCC.COc1ccc2sc3cc([N+](=O)[O-])cc(C(=O)O)c3c(=O)c2c1,ClCCl.O=S(Cl)Cl.c1ccccc1.c1ccncc1,CCCCN(CCCC)C(=O)c1cc([N+](=O)[O-])cc2sc3ccc(OC)cc3c(=O)c12,not_reduction
COC(=O)CCc1ccc(C2=C(OC)CN(c3ccc(C(=N)N)cc3)C2=O)cc1.COC(=O)Cl,ClCCl.[Na+].[OH-],COC(=O)CCc1ccc(C2=C(OC)CN(c3ccc(C(=N)NC(=O)OC)cc3)C2=O)cc1,not_reduction
COc1ccc2c(c1)C(=O)OC2Br.c1ccc(P(c2ccccc2)c2ccccc2)cc1,CC#N.CCOCC,COc1ccc2c(c1)C(=O)OC2[P+](c1ccccc1)(c1ccccc1)c1ccccc1.[Br-],not_reduction
NO.OC(=S)CCc1ccc(Cl)c(Cl)c1,CC(Cl)Cl.CO.O=S(=O)(O)O,ONC(=S)CCc1ccc(Cl)c(Cl)c1,not_reduction
CC(C)NCC1CCN(Cc2ccccc2)C1,CO.[H][H],CC(C)NCC1CCNC1,reduction
CC(C)(C)[Si](C)(C)Cl.Cc1nn(C2CCC(O)CC2)c(C)c1I,CN(C)c1ccncc1.ClCCl.c1c[nH]cn1,Cc1nn(C2CCC(O[Si](C)(C)C(C)(C)C)CC2)c(C)c1I,not_reduction
CCOC(=O)CNCc1ccccc1.O=C(CN(C(=O)CCl)C1Cc2ccccc2C1)OCc1ccccc1,O=C([O-])[O-].[K+].[K+],CCOC(=O)CN(CC(=O)N(CC(=O)OCc1ccccc1)C1Cc2ccccc2C1)Cc1ccccc1,not_reduction
CCCCOC(C)Oc1ccc(-c2ccc3c(c2)C=C(C(=O)OC)CCN3Cc2ccsc2)cc1,C1CCOC1.CO.Cl.O.[Na+].[OH-],CCCCOC(C)Oc1ccc(-c2ccc3c(c2)C=C(C(=O)O)CCN3Cc2ccsc2)cc1,not_reduction
CC(=O)Oc1cc2c(cc1I)C1CCC3(C)C(=O)CCC3C1C(OC(C)=O)C2,CO.O=C([O-])O.[Na+],CC(=O)OC1Cc2cc(O)c(I)cc2C2CCC3(C)C(=O)CCC3C12,not_reduction
BrCc1ccc(Br)cc1.CC(C)(C)OC(=O)N1CCNCC1,CN(C)C=O.O=C([O-])[O-].[K+].[K+],CC(C)(C)OC(=O)N1CCN(Cc2ccc(Br)cc2)CC1,not_reduction
C#C[Si](C)(C)C.COC(=O)c1cc(Cl)c(NC(C)=O)c(I)c1O,C1COCCO1.CCN(CC)CC.[Cu]I,COC(=O)c1cc(Cl)c(NC(C)=O)c(C#C[Si](C)(C)C)c1O,not_reduction
Cn1cc(C2=C(c3c[nH]c4ccccc34)C(=O)NC2=O)c2ccc([N+](=O)[O-])cc21.O=P(Cl)(OCc1ccccc1)OCc1ccccc1,C1CCOC1.C[Si](C)(C)[N-][Si](C)(C)C.[Li+],Cn1cc(C2=C(c3cn(P(=O)(OCc4ccccc4)OCc4ccccc4)c4ccccc34)C(=O)NC2=O)c2ccc([N+](=O)[O-])cc21,not_reduction
Nc1nc(-c2ncccc2C(F)(F)F)ccc1C(=O)O.O=C1CCC(=O)N1O,C1CCOC1.CCN(C(C)C)C(C)C.CCOC(C)=O.Cl,Nc1nc(-c2ncccc2C(F)(F)F)ccc1C(=O)ON1C(=O)CCC1=O,not_reduction
C1COCCN1.Cc1ccc(C(C)(C)C)c(SC2=C(O)CC(CCc3ccccc3)(c3ccc(OCCOS(C)(=O)=O)cc3)OC2=O)c1,CN(C)C=O.Cl.O.O=C([O-])[O-].[K+].[K+],Cc1ccc(C(C)(C)C)c(SC2=C(O)CC(CCc3ccccc3)(c3ccc(OCCN4CCOCC4)cc3)OC2=O)c1,not_reduction
NCc1ccco1.NS(=O)(=O)c1cc(S(N)(=O)=O)c(C(Cl)=C(Cl)Cl)cc1Br,,NS(=O)(=O)c1cc(S(N)(=O)=O)c(C(Cl)=C(Cl)Cl)cc1NCc1ccco1,not_reduction
COCC(N)c1nc2cc(Br)ccc2[nH]1.Cc1cc(C(=O)O)ccc1N1CCOCC1=O,C1CCOC1.CCN(C(C)C)C(C)C.CN(C)C(On1nnc2ccccc21)=[N+](C)C.F[B-](F)(F)F,COCC(NC(=O)c1ccc(N2CCOCC2=O)c(C)c1)c1nc2cc(Br)ccc2[nH]1,not_reduction
Cc1ccc(C(=O)NCC(N)=O)cc1-n1cnc(OCc2ccc(F)cc2F)c(Cl)c1=O.NCC(N)=O,,Cc1ccc(C(=O)NC(CO)C(N)=O)cc1-n1cnc(OCc2ccc(F)cc2F)c(Cl)c1=O,not_reduction
O=C(NC(CO)Cc1c[nH]c2ccccc12)OCc1ccccc1.O=S(=O)(Cl)c1cccc2ccccc12,C.CCN(CC)CC.CN(C)C=O.O.[Pd],O=S(=O)(NC(CO)Cc1c[nH]c2ccccc12)c1cccc2ccccc12,not_reduction
BrCCCc1ccccc1.COc1ccc(C2CNC(=O)C2)cc1O,CN(C)C=O.O=C([O-])[O-].[K+].[K+],COc1ccc(C2CNC(=O)C2)cc1OCCCc1ccccc1,not_reduction
O=C1C=CC2CCCC(c3ccc(F)cc3)N12,CO.O=[Pt].[H][H],O=C1CCC2CCCC(c3ccc(F)cc3)N12,reduction
CC12CCC(N)(CC1)CC2.N#CC1CC(F)CN1C(=O)CBr,,CC12CCC(NCC(=O)N3CC(F)CC3C#N)(CC1)CC2,not_reduction
N#Cc1cnc2cnc(NCCN3CCOCC3)cc2c1Nc1cccc([N+](=O)[O-])c1,CCO.O.O=C([O-])O.[Na+],N#Cc1cnc2cnc(NCCN3CCOCC3)cc2c1Nc1cccc(N)c1,not_reduction
CC(C)CC1CNCCN1C(=O)OC(C)(C)C.Ic1cncc(I)n1,CCOC(C)=O.CN(C)C=O.O.O=C([O-])[O-].[K+].[K+],CC(C)CC1CN(c2cncc(I)n2)CCN1C(=O)OC(C)(C)C,not_reduction
C=CCOC(=O)Nc1cccc(-c2nc(N3CCOCC3)sc2-c2ccnc(Cl)n2)c1Cl,CC(C)c1nc(-c2cccc(N)c2)c(-c2ccnc(Cl)n2)s1,Nc1cccc(-c2nc(N3CCOCC3)sc2-c2ccnc(Cl)n2)c1Cl,not_reduction
CS(=O)(=O)Nc1ccc(C#N)c(Cl)c1.NO,CCO,CS(=O)(=O)Nc1ccc(C(N)=NO)c(Cl)c1,not_reduction
CC(=O)Oc1cc(C(C)(C)C)c(OC(C)=O)c(C(C)(C)C)c1,CO.Cl.O.[K+].[OH-],CC(=O)Oc1c(C(C)(C)C)cc(O)cc1C(C)(C)C,not_reduction
CC(Oc1ccc(Oc2ccc(Cl)cc2)cc1)C(=O)O.OCCCCCl,ClC(Cl)Cl.O.O=S(=O)(O)O,CC(Oc1ccc(Oc2ccc(Cl)cc2)cc1)C(=O)OCCCCCl,not_reduction
Clc1cc2c(Cl)nc(-c3ccccn3)nc2s1.NCc1ccccc1,,Clc1cc2c(NCc3ccccc3)nc(-c3ccccn3)nc2s1,not_reduction
COc1cccc(S(=O)(=O)NC(C)c2ccc(F)cc2-c2ccc(F)cc2F)c1,CN(C)C=O.O=C([O-])[O-].[K+].[K+],COc1cccc(S(=O)(=O)N2c3cc(F)ccc3-c3cc(F)ccc3C2C)c1,not_reduction
CCOC(=O)CP(=O)(OCC)OCC.Cn1cnc(C=O)c1,CC(=O)[O-].CN(C)C=O.[H-].[NH4+].[Na+],CCOC(=O)C=Cc1cn(C)cn1,not_reduction
Clc1ncc(Br)c(Cl)n1.Nc1cc(C2CC2)[nH]n1,CCCCO.CCN(C(C)C)C(C)C,Clc1ncc(Br)c(Nc2cc(C3CC3)[nH]n2)n1,not_reduction
CCN.Fc1ccc(C2COCc3c(Cl)nc(Cl)nc32)cc1F,,CCNc1nc(Cl)nc2c1COCC2c1ccc(F)c(F)c1,not_reduction
CC(C)CCCC(C)NC(=O)Nc1nc2nccc(-c3ccc(OCc4ccccc4)cc3)n2n1,C.CC(=O)O.[H][H].[Pd],CC(C)CCCC(C)NC(=O)Nc1nc2nccc(-c3ccc(O)cc3)n2n1,reduction
CCC(N)CO.O=Cc1ccccc1,CC(=O)O[BH-](OC(C)=O)OC(C)=O.ClCCl.[Na+],CCC(CO)NCc1ccccc1,reduction
CC(=O)Oc1cccc(I)c1.CC(C)[Si](S)(C(C)C)C(C)C,C1CCOC1.Cc1ccccc1.[H-].[H][H].[Na+].c1ccc(P(c2ccccc2)(c2ccccc2)[Pd](P(c2ccccc2)(c2ccccc2)c2ccccc2)(P(c2ccccc2)(c2ccccc2)c2ccccc2)P(c2ccccc2)(c2ccccc2)c2ccccc2)cc1,CC(=O)Oc1cccc(S[Si](C(C)C)(C(C)C)C(C)C)c1,reduction
CN1C2CC(OC(=O)C(CO)c3ccccc3)CC1C1OC12,CCO.CCOCC.Cl.[BH4-].[Na+],CN1C2CC(O)CC1C1OC12,reduction
CC(C)(C)S(N)=O.CCC(=O)c1ccc(NS(C)(=O)=O)cc1,C1CCOC1.CC[O-].CC[O-].CC[O-].CC[O-].[BH4-].[Na+].[Ti+4],CCC(NS(=O)C(C)(C)C)c1ccc(NS(C)(=O)=O)cc1,reduction
CN(CC(=O)NN=C1CCN(c2ccncc2)CC1)C(=O)OC(C)(C)C,CC(=O)O.CO.[BH3-]C#N.[Na+],CN(CC(=O)NNC1CCN(c2ccncc2)CC1)C(=O)OC(C)(C)C,reduction
Cl.NC(=O)C1CCCN(c2ccc(F)cc2[N+](=O)[O-])C1,C1CCOC1.CCOC(C)=O.[H][H],NC(=O)C1CCCN(c2ccc(F)cc2N)C1,reduction
CCOC(=O)C(C)Oc1c(C=O)cccc1OC,C1CCOC1.Cl.O.O.[BH4-].[Na+],CCOC(=O)C(C)Oc1c(CO)cccc1OC,reduction
CC(C)(C)OC(=O)NC(C)(c1ccccc1)C1CCC(=O)CC1,C1CCOC1.O.[BH4-].[Na+],CC(C)(C)OC(=O)NC(C)(c1ccccc1)C1CCC(O)CC1,reduction
CCOC(=O)CCc1ncc2c(=O)[nH]c3cc(C(C)=O)ccc3n12,CC(=O)O.[H][H],CCOC(=O)CCc1ncc2c(=O)[nH]c3cc(CC)ccc3n12,reduction
COc1c(C)c(CC=O)c(OC)c(OC)c1OC,CCO.[BH4-].[Cl-].[Na+].[Na+],COc1c(C)c(CCO)c(OC)c(OC)c1OC,reduction
Cc1ccccc1OCC(O)CN(CCOc1ncccc1C(N)=O)Cc1ccccc1,CCO.[H][H],Cc1ccccc1OCC(O)CNCCOc1ncccc1C(N)=O,reduction
CCOC(=O)C=Cc1cc(Cl)ccc1OCC(=O)N1CC(C)N(Cc2ccc(F)cc2)CC1C,O=[Pt]=O.[H][H],CCOC(=O)CCc1cc(Cl)ccc1OCC(=O)N1CC(C)N(Cc2ccc(F)cc2)CC1C,reduction
COC(=O)C(CCCC(C)(C)[N+](=O)[O-])NC(=O)OC(C)(C)C,C.CO.[H][H].[Pd],COC(=O)C(CCCC(C)(C)N)NC(=O)OC(C)(C)C,reduction
CCn1c2c(c(=O)c3cc(C(C)C)ccc31)C(=O)c1ccccc1-2,[BH4-].[Na+],CCn1c2c(c(=O)c3cc(C(C)C)ccc31)C(O)c1ccccc1-2,reduction
CC(C)N(C(=O)CC(=O)CC(O)CCl)C(C)C,C1CCOC1.CCB(CC)OC.CO.[BH4-].[Na+],CC(C)N(C(=O)CC(O)CC(O)CCl)C(C)C,reduction
COc1ccc([N+](=O)[O-])c(CC(=O)NC2CCN(Cc3ccccc3)CC2)c1,C1CCOC1.C[Si](C)(C)Cl.Cl.O.[BH4-].[Li+],COc1ccc([N+](=O)[O-])c(CCNC2CCN(Cc3ccccc3)CC2)c1,reduction
CCC(C(=O)C(C)C(O)C(C)CCc1c([N+](=O)[O-])cc(C)c(O)c1C(=O)O)C1OC(CC)(C2CCC(O)(CC)C(C)O2)CC1C,CCO.[H][H],CCC(C(=O)C(C)C(O)C(C)CCc1c(N)cc(C)c(O)c1C(=O)O)C1OC(CC)(C2CCC(O)(CC)C(C)O2)CC1C,reduction
C1CCNCC1.COc1cc(OC2CCCCO2)cc(C)c1C=O,CC(=O)O[BH-](OC(C)=O)OC(C)=O.ClCCl.[Na+],COc1cc(OC2CCCCO2)cc(C)c1CN1CCCCC1,reduction
CC1Cc2cc(C(C)C)cc(Br)c2C1=O,Cc1ccccc1.Cl.O.[BH4-].[Na+],CC1=Cc2c(Br)cc(C(C)C)cc2C1,reduction
CC(C)(C)OC(=O)NC(C(=O)O)c1cccc(Cl)c1F,C1CCOC1.CC(C)COC(=O)Cl.CCN(CC)CC.O.O=C([O-])O.[BH4-].[Na+].[Na+],CC(C)(C)OC(=O)NC(CO)c1cccc(Cl)c1F,reduction
CCOC(=O)C1CCCN1.O=Cc1ccccc1,CC(=O)O.CC(=O)O[BH-](OC(C)=O)OC(C)=O.ClCCl.O=C([O-])[O-].[K+].[K+].[Na+],CCOC(=O)C1CCCN1Cc1ccccc1,reduction
CCOC(=O)N1CCC(NC(=O)OCc2ccccc2)C(OCC)C1,CO.[H][H],CCOC(=O)N1CCC(N)C(OCC)C1,reduction
CC(C)(C)OC(=O)N1CCC(CNC2CCc3ccc([N+](=O)[O-])cc3C2)CC1.CC=O,CC(=O)O[BH-](OC(C)=O)OC(C)=O.CC(Cl)Cl.[Na+],CCN(CC1CCN(C(=O)OC(C)(C)C)CC1)C1CCc2ccc([N+](=O)[O-])cc2C1,reduction
CCOCCCCCC(OC(=O)c1ccc(OCc2ccccc2)cc1F)C(F)(F)F,CCOC(C)=O.[H][H],CCOCCCCCC(OC(=O)c1ccc(O)cc1F)C(F)(F)F,reduction
CCN(CC)CC(=NO)c1cccc2ccccc12,CCO.Cl.O.[H][H].[Sn],CCN(CC)CC(N)c1cccc2ccccc12,reduction
CNC.O=Cc1ccc(-c2cccnc2)o1,C1COCCO1.CO.Cl.[BH3-]C#N.[Na+],CN(C)Cc1ccc(-c2cccnc2)o1,reduction
N#Cc1cccc(C(=O)Nc2nonc2-c2noc(=O)n2-c2ccc(F)c(C#N)c2)c1,ClP(Cl)(Cl)(Cl)Cl.[BH3-]C#N.[Na+].c1ccccc1,N#Cc1cccc(CNc2nonc2-c2noc(=O)n2-c2ccc(F)c(C#N)c2)c1,reduction
NNc1ccc(-c2cccc(C(F)(F)F)c2)nn1,CCO.O.[H][H],Nc1ccc(-c2cccc(C(F)(F)F)c2)nn1,reduction
CS(=O)(=O)c1ccc(-c2cc3nccc(Oc4ccc([N+](=O)[O-])cc4F)c3s2)cc1,C1CCOC1.CO.CS(C)=O.Cl[Ni]Cl.[BH4-].[Na+],CS(=O)(=O)c1ccc(-c2cc3nccc(Oc4ccc(N)cc4F)c3s2)cc1,reduction
CN.COC(=O)c1cccc(S(=O)(=O)n2cc(C=O)cc2-c2ccccc2)c1,CO.[BH4-].[Na+],CNCc1cc(-c2ccccc2)n(S(=O)(=O)c2cccc(C(=O)OC)c2)c1,reduction
CC(C)CC=O.CS(=O)(=O)c1ccc(Nc2ncnc(OC3CCNCC3)c2[N+](=O)[O-])cc1,CO.[BH4-].[Na+],CC(C)CCN1CCC(Oc2ncnc(Nc3ccc(S(C)(=O)=O)cc3)c2[N+](=O)[O-])CC1,reduction
CCOC(=O)Cc1ccc(C#Cc2ccc3c(c2)C(C)(C)CCC3=O)cc1F,CC(=O)O.CCCCCC.CCOC(C)=O.ClCCl.[BH3-]C#N.[Na+],CC1(C)CCC(=O)c2ccc(C#Cc3ccc(CC(=O)O)c(F)c3)cc21,reduction
CC1(C)C=CC(=O)CC1,CCOC(C)=O.[H][H],CC1(C)CCC(=O)CC1,reduction
N#CCCc1ccsc1C#CCO,CO.[H][H],N#CCCc1ccsc1CCCO,reduction
COc1ccc(Cc2nn3c(C(C)(CCCc4ccccc4)C(C)=O)nc(C)c3c(=O)[nH]2)cc1OC,[BH4-].[Na+],COc1ccc(Cc2nn3c(C(C)(CCCc4ccccc4)C(C)O)nc(C)c3c(=O)[nH]2)cc1OC,reduction
COc1cccc(C2=NCCc3c2[nH]c2ncccc32)c1,CO.[BH4-].[Na+],COc1cccc(C2NCCc3c2[nH]c2ncccc32)c1,reduction
C1CCNC1.CC(=O)C(C)Oc1ccc2[nH]c(C)c(C(=O)OCc3ccccc3)c2c1,CC(=O)O[BH-](OC(C)=O)OC(C)=O.CC(Cl)Cl.[Na+].[Na+].[OH-],Cc1[nH]c2ccc(OC(C)C(C)N3CCCC3)cc2c1C(=O)OCc1ccccc1,reduction
Brc1ccc(C2=CCN(Cc3ccccc3)CC2)cc1.[OH-],COCCOC.ClCCl.O.OO.[BH4-].[K+].[Na+],OC1CN(Cc2ccccc2)CCC1c1ccc(Br)cc1,reduction
CCOC(=O)CCc1c(OCCCCC=Cc2ccc(OC)cc2)ccc2c(=O)c3cc(C(=O)OC)ccc3oc12,CCOC(C)=O.[H][H],CCOC(=O)CCc1c(OCCCCCCc2ccc(OC)cc2)ccc2c(=O)c3cc(C(=O)OC)ccc3oc12,reduction
CCCCC1CN(Cc2ccccc2)CCC1=O,CO.[BH4-].[Na+],CCCCC1CN(Cc2ccccc2)CCC1O,reduction
CC(C)(C)OC(=O)N(Cc1ccc2c(c1)OCCO2)C1CCNCC1.O=CCn1c(=O)cnc2ccccc21,CC(=O)O.CC(=O)O[BH-](OC(C)=O)OC(C)=O.ClC(Cl)Cl.ClCCl.O=C([O-])O.[Na+].[Na+],CC(C)(C)OC(=O)N(Cc1ccc2c(c1)OCCO2)C1CCN(CCn2c(=O)cnc3ccccc32)CC1,reduction
NCCCc1ccc(F)cc1.O=C1CCC(c2ccc3[nH]c(=O)sc3c2)CC1,CC(C)O.[BH4-].[Na+],O=c1[nH]c2ccc(C3CCC(NCCCc4ccc(F)cc4)CC3)cc2s1,reduction
COc1ccccc1C=O.Nc1cc(Br)c2cc(Cl)ccc2n1,CC(=O)O.CC(=O)O[BH-](OC(C)=O)OC(C)=O.ClCCCl.[Na+],COc1ccccc1CNc1cc(Br)c2cc(Cl)ccc2n1,reduction
C=C(C)OC.FC(F)(F)Oc1ccc(NCc2cnc[nH]2)cc1,CC(=O)O[BH-](OC(C)=O)OC(C)=O.ClCCCl.O=C(O)C(F)(F)F.[Na+].[Na+].[OH-],CC(C)N(Cc1cnc[nH]1)c1ccc(OC(F)(F)F)cc1,reduction
CC1CN(C(=O)COc2ccc(Cl)cc2C=O)C(C)CN1Cc1ccc(F)cc1,CO.Cl.[BH4-].[Na+].[Na+].[OH-],CC1CN(C(=O)COc2ccc(Cl)cc2CO)C(C)CN1Cc1ccc(F)cc1,reduction
CN(C)CCOc1cc([N+](=O)[O-])cc(C(F)(F)F)c1,CCOC(C)=O.[H][H],CN(C)CCOc1cc(N)cc(C(F)(F)F)c1,reduction
C=CC(O)(CC(=O)O)C1CCCC1.CC(C)(C#N)c1ccc(Br)cc1Cl,CC(=O)[O-].CC(=O)[O-].CC(=O)[O-].CCO.[H][H].[Na+].[OH-].[OH-].[Pd+2].[Pd+2],CC(C)(C#N)c1ccc(C=CC(O)(CC(=O)O)C2CCCC2)cc1Cl,reduction
COC1COCCC1=O.Cc1cc(C(F)(F)F)cc(N2CCN(C(=O)C3(C(C)C)CCC(N)C3)CC2)n1,CC(=O)O[BH-](OC(C)=O)OC(C)=O.CCN(CC)CC.ClCCl.[Na+],COC1COCCC1NC1CCC(C(=O)N2CCN(c3cc(C(F)(F)F)cc(C)n3)CC2)(C(C)C)C1,reduction
CN.COc1cc(F)c(C(C)C)cc1-c1ccc(C(F)(F)F)cc1CN1C(=O)OC(c2cccc(C=O)c2)C1C,C1CCOC1.CC(=O)O.CC(=O)O[BH-](OC(C)=O)OC(C)=O.ClCCCl.[Na+],CNCc1cccc(C2OC(=O)N(Cc3cc(C(F)(F)F)ccc3-c3cc(C(C)C)c(F)cc3OC)C2C)c1,reduction
N#Cc1c([N+](=O)[O-])sc2ccccc12,ClCCCl.[H][H],N#Cc1c(N)sc2ccccc12,reduction
COc1cc(Br)c(CCN)cc1O.O=Cc1ccc(O)cc1,CCO.[BH4-].[Na+],COc1cc(Br)c(CCNCc2ccc(O)cc2)cc1O,reduction
CC(=O)N1CCNCC1.O=Cc1ccc(Oc2ccccc2)cc1,CC(=O)O.CC(=O)O[BH-](OC(C)=O)OC(C)=O.ClCCCl.O.O=C([O-])O.[Na+].[Na+],CC(=O)N1CCN(Cc2ccc(Oc3ccccc3)cc2)CC1,reduction
CCOC(=O)C1NC1C(=O)OCC,CCO.[BH4-].[Na+],CCOC(=O)C1NC1CO,reduction
C=O.CNC(=O)c1ccc2cc(-c3nc(NCCC4CCNCC4)ncc3C)sc2c1,CO.ClCCl.[BH4-].[Na+],CNC(=O)c1ccc2cc(-c3nc(NCCC4CCN(C)CC4)ncc3C)sc2c1,reduction
CC(Br)C(=O)O.Oc1ccc(C(F)(F)F)cc1,CN(C)C=O.Cl.O.[H][H],CC(Oc1ccc(C(F)(F)F)cc1)C(=O)O,reduction
CS(=O)(=O)c1ccc(C(CC2CCC(=O)CC2)C(=O)Nc2cnc(Cl)cn2)cc1Cl,CCOC(C)=O.CO.[BH4-].[Na+],CS(=O)(=O)c1ccc(C(CC2CCC(O)CC2)C(=O)Nc2cnc(Cl)cn2)cc1Cl,reduction
COc1cc(-c2csc3c(-c4ccsc4C=O)cnc(N)c23)ccc1NC(=O)c1cc2ccccc2n1C,ClCCl.[BH4-].[Na+],COc1cc(-c2csc3c(-c4ccsc4CO)cnc(N)c23)ccc1NC(=O)c1cc2ccccc2n1C,reduction
CCCc1c(Cc2ccc(-c3ccccc3-c3noc(=O)[nH]3)cc2F)c(=O)n(C2CCC(=O)CC2)c2nc(C)nn12,CO.[BH4-].[Na+],CCCc1c(Cc2ccc(-c3ccccc3-c3noc(=O)[nH]3)cc2F)c(=O)n(C2CCC(O)CC2)c2nc(C)nn12,reduction
O=C1CCc2ccccc2C1c1ccc(Cl)c(Cl)c1.[BH3-]C#N,C1CCOC1.CN.CO.Cl.[Na+],CNC1CCc2ccccc2C1c1ccc(Cl)c(Cl)c1,reduction
Cc1ccccc1-n1c(CF)nc2ccc([N+](=O)[O-])cc2c1=O,C.CC(=O)O.ClC(Cl)Cl.[H][H].[Pd],Cc1ccccc1-n1c(CF)nc2ccc(N)cc2c1=O,reduction
O=C1C=C(c2ccncc2[N+](=O)[O-])CCC1,CCO.[BH4-].[Na+],O=[N+]([O-])c1cnccc1C1=CC(O)CCC1,reduction
COC(=O)C(C)Oc1cc(C)ccc1C=O,CO.C[O-].Cl.[BH4-].[Na+].[Na+],COC(=O)C(C)Oc1cc(C)ccc1CO,reduction
Cc1cc(C)c(C(O)CCCCCO)c(O)c1C,CC(=O)O.[H][H],Cc1cc(C)c(CCCCCCO)c(O)c1C,reduction
O=C(O)Cc1ccc(N2C(=O)C3CCCCC3C2=O)cc1,CS(C)=O.Cl.[BH4-].[Na+],O=C(O)Cc1ccc(N2C(=O)C3CCCCC3C2O)cc1,reduction
COc1cc(Nc2ncc(C=O)s2)ccc1-n1cnc(C)c1.Nc1ccc(F)cc1,C1CCOC1.CC(=O)O.CC(=O)O[BH-](OC(C)=O)OC(C)=O.[Na+].[Na+].[OH-],COc1cc(Nc2ncc(CNc3ccc(F)cc3)s2)ccc1-n1cnc(C)c1,reduction
COc1cc2c(cc1OC)CC(N(C)CCCN1CCc3cc(OC)c(OC)cc3C(=O)C1=O)CC2,CO.Cl.O.[BH4-].[Na+],COc1cc2c(cc1OC)CC(N(C)CCCN1CCc3cc(OC)c(OC)cc3C(O)C1=O)CC2,reduction
CC(=O)O[BH-](OC(C)=O)OC(C)=O.O=c1cc(OCc2ccc(Br)cn2)ccn1CCc1ccc2c(c1)CCNCC2,C1CCOC1.C=O.[Na+],CN1CCc2ccc(CCn3ccc(OCc4ccc(Br)cn4)cc3=O)cc2CC1,reduction
COC(=O)Cc1ccc2c(c1)C(Br)c1ccccc1CO2,COCCOCCOC.O.[BH4-].[Na+],COC(=O)Cc1ccc2c(c1)Cc1ccccc1CO2,reduction
N#CC1CCC(C(=O)O)CC1,CO.[H][H],NCC1CCC(C(=O)O)CC1,reduction
COc1ccc(C=O)cc1OC1CCCC1.Nc1cc[nH]n1,CO.Cl.[BH3-]C#N.[Na+],COc1ccc(CNc2cc[nH]n2)cc1OC1CCCC1,reduction
CC1CN(C(=O)COc2ccc(Cl)cc2C=O)C(C)CN1Cc1ccc(F)cc1.CNCC(=O)OC,CC(=O)O[BH-](OC(C)=O)OC(C)=O.CO.Cl.[Na+],COC(=O)CN(C)Cc1cc(Cl)ccc1OCC(=O)N1CC(C)N(Cc2ccc(F)cc2)CC1C,reduction
CC(C)(C)c1cc2c(F)c([N+](=O)[O-])ccc2[nH]1,CO.Cl[Ni]Cl.O.[BH4-].[Na+],CC(C)(C)c1cc2c(F)c(N)ccc2[nH]1,reduction
CCOC(=O)CCC(C#N)(c1cc(C#N)cs1)C(C)C,C1CCOC1.Cl.O.[BH4-].[Li+],CC(C)C(C#N)(CCCO)c1cc(C#N)cs1,reduction
Cc1csc(-c2cn(CCC=O)c(=O)[nH]c2=O)n1.FC(F)(F)c1ccc(C23CNCC2C3)cc1,CC#N.CC(=O)O.CC(=O)O[BH-](OC(C)=O)OC(C)=O.ClCCCl.O=C([O-])O.[Na+].[Na+],Cc1csc(-c2cn(CCCN3CC4CC4(c4ccc(C(F)(F)F)cc4)C3)c(=O)[nH]c2=O)n1,reduction
CC(N)C(=O)N(CCC(=O)O)C1Cc2ccccc2C1.CCOC(=O)C(=O)CCc1ccccc1.Cl,CCO.O.[BH3-]C#N.[Na+],CCOC(=O)C(CCc1ccccc1)NC(C)C(=O)N(CCC(=O)O)C1Cc2ccccc2C1,reduction
COc1ccc(Cn2c(=O)n(C3CCC(O)CC3)c3ccc(C#N)cc32)cc1C=O,C1CCOC1.CCO.[BH4-].[Na+],COc1ccc(Cn2c(=O)n(C3CCC(O)CC3)c3ccc(C#N)cc32)cc1CO,reduction
CN(Cc1cc(C=O)ccc1Oc1ccc(Cl)c(Cl)c1)C(=O)OC(C)(C)C,CO.[BH4-].[Na+].[Na+].[OH-],CN(Cc1cc(CO)ccc1Oc1ccc(Cl)c(Cl)c1)C(=O)OC(C)(C)C,reduction
CCc1cc2c(cc1CC)CC(C)(NCc1ccccc1)C2,CO.[H][H],CCc1cc2c(cc1CC)CC(C)(N)C2,reduction
C1CSCCN1.COCCOc1cc(N(C)S(=O)(=O)c2ccccn2)c2[nH]c(C(=O)NCC(C)(C=O)SCc3ccccc3)cc2c1,CC(=O)O[BH-](OC(C)=O)OC(C)=O.ClCCCl.O=C([O-])O.[Na+].[Na+],COCCOc1cc(N(C)S(=O)(=O)c2ccccn2)c2[nH]c(C(=O)NCC(C)(CN3CCSCC3)SCc3ccccc3)cc2c1,reduction
O=C(OCc1ccccc1)C1CCc2c(c3ccccc3n2C(=O)c2ccccc2)C1,C1CCOC1.CO.[H][H],O=C(O)C1CCc2c(c3ccccc3n2C(=O)c2ccccc2)C1,reduction
CC(=O)c1ccccn1,CO.O.[BH4-].[Na+],CC(O)c1ccccn1,reduction
C1COCCN1.O=Cc1ccc(CN(Cc2nc3ccccc3[nH]2)C2CCCc3cccnc32)cc1,CO.[BH3-]C#N.[Na+],c1cnc2c(c1)CCCC2N(Cc1ccc(CN2CCOCC2)cc1)Cc1nc2ccccc2[nH]1,reduction
CC1(C)C(=O)NC(=O)N1CCNc1nccc(-c2cc3cc([N+](=O)[O-])ccc3s2)n1,CO.[H][H],CC1(C)C(=O)NC(=O)N1CCNc1nccc(-c2cc3cc(N)ccc3s2)n1,reduction
CC(=O)OC(C)=O.O=[N+]([O-])c1c(O)cccc1O,CO.[H][H],CC(=O)Nc1c(O)cccc1O,reduction
CCOC(=O)Cn1cncc1C=C1CN(C(c2ccccc2)(c2ccccc2)c2ccccc2)CCC1=O,CCO.ClCCl.[BH4-].[Na+],CCOC(=O)Cn1cncc1C=C1CN(C(c2ccccc2)(c2ccccc2)c2ccccc2)CCC1O,reduction
CC=CCCc1cc(Cl)nc(N2CCCC2c2cc(-c3ccccn3)no2)n1.[O-][I+3]([O-])([O-])[O-],C1CCOC1.CC(C)(C)O.CCOC(C)=O.O.[BH4-].[Na+].[Na+],OCCCc1cc(Cl)nc(N2CCCC2c2cc(-c3ccccn3)no2)n1,reduction
C1CCNCC1.CCOC(=O)c1nnn(CC2OC(=O)N(c3ccc(Cl)cc3)C2c2cc(F)cc(F)c2)n1,CCN(CC)CC.CO.CS(=O)(=O)Cl.[BH4-].[Na+],O=C1OC(Cn2nnc(CN3CCCCC3)n2)C(c2cc(F)cc(F)c2)N1c1ccc(Cl)cc1,reduction
CC(C)(C)OC(=O)N1C=CCC1.CN(C)C=O,C1CCOC1.CO.O.[BH4-].[Cl-].[Li]CCCC.[NH4+].[Na+],CC(C)(C)OC(=O)N1CCC=C1CO,reduction
Cc1cc(Br)c2c(c1Br)C(=O)C(C)C2,Cl.[BH4-].[Na+],CC1=Cc2c(Br)c(C)cc(Br)c2C1,reduction
COC(=O)CCCC=O.Nc1ccccn1,CC(=O)O[BH-](OC(C)=O)OC(C)=O.ClCCl.O=C([O-])O.[Na+].[Na+],COC(=O)CCCCNc1ccccn1,reduction
CCC(=O)CC.NCCNC(=O)OCc1ccccc1,CC(=O)O[BH-](OC(C)=O)OC(C)=O.Cl.ClCCl.[Na+],CCC(CC)NCCNC(=O)OCc1ccccc1,reduction
CCOC(=O)c1cncc(C)c1N=[N+]=[N-],CCO.[H][H],CCOC(=O)c1cncc(C)c1N,reduction
CC(=O)c1ccc2c(c1)N(CCN1CCC(N)CC1)C(=O)CO2.O=Cc1ccc2c(n1)NC(=O)CO2,[BH3-]C#N.[Na+],CC(=O)c1ccc2c(c1)N(CCN1CCC(NCc3ccc4c(n3)NC(=O)CO4)CC1)C(=O)CO2,reduction
CC(=O)OCc1cc(COC(C)=O)cc(OCCC2(CC=O)CCCCC2)c1.Cc1ccc(NC2CCNCC2)cc1,CC(=O)O.CC(=O)O[BH-](OC(C)=O)OC(C)=O.ClCCCl.O=C([O-])O.[Na+].[Na+],CC(=O)OCc1cc(COC(C)=O)cc(OCCC2(CCN3CCC(Nc4ccc(C)cc4)CC3)CCCCC2)c1,reduction
COc1ccc(-c2cc(-c3ccccn3)nc(-c3cccc(C=O)n3)c2)cc1,C1CCOC1.CCO.[BH4-].[Na+],COc1ccc(-c2cc(-c3ccccn3)nc(-c3cccc(CO)n3)c2)cc1,reduction
CC(C)(C)c1ccc(C=O)cc1.CCCCc1ccc(C#Cc2ccc(CNc3ccc4c(c3)C(=O)OC(C)(C)O4)cc2)cc1,CC(=O)O[BH-](OC(C)=O)OC(C)=O.[Na+],CCCCc1ccc(C#Cc2ccc(CN(Cc3ccc(C(C)(C)C)cc3)c3ccc4c(c3)C(=O)OC(C)(C)O4)cc2)cc1,reduction
CON(C)Cc1nc(NC(=O)OC(C)(C)C)sc1F.O=Cc1cscn1,C1CCOC1.Cl.O.[BH4-].[Na+].[Na+].[O-]Cl,CC(C)(C)OC(=O)Nc1nc(CO)c(F)s1,reduction
COC1CN(Cc2ccccc2)CCC1N(C)C,[H][H],COC1CNCCC1N(C)C,reduction
CC1=C(C)C(C)C(c2ccccc2C=Nc2ccccc2)=C1C,CCO.Cc1ccccc1.O.[BH4-].[Na+],CC1=C(C)C(C)C(c2ccccc2CNc2ccccc2)=C1C,reduction
Cc1csc(CCN(Cc2ccc(C(C)(C)C)cc2)C(=O)C(F)(F)F)n1,CCO.O.[BH4-].[Na+],Cc1csc(CCNCc2ccc(C(C)(C)C)cc2)n1,reduction
COc1cc2c(cc1OC)C(C1(c3ccccc3Br)CCC1)NCC2.O=C(OC(=O)C(O)C(O)C(=O)OC(=O)c1ccccc1)c1ccccc1,C=O.CC#N.CC(=O)O.[BH3-]C#N.[Na+],COc1cc2c(cc1OC)C(C1(c3ccccc3Br)CCC1)N(C)CC2,reduction
Cc1ccccc1CN(Cc1ccccc1C)C(Cc1cc(F)cc(F)c1)C(O)C1CCCN1C(=O)OC(C)(C)C,CO.[H][H],CC(C)(C)OC(=O)N1CCCC1C(O)C(N)Cc1cc(F)cc(F)c1,reduction
O=[N+]([O-])c1cnc2nc(OCCN3CCOCC3)nc(N3CCOCC3)c2c1,CO.[H][H],Nc1cnc2nc(OCCN3CCOCC3)nc(N3CCOCC3)c2c1,reduction
CN(C)S(=O)(=O)c1ccc(C(=O)NOC2CCCCO2)c(Nc2ccc(I)cc2Cl)c1,CCO.CO.[H][H],CN(C)S(=O)(=O)c1ccc(C(=O)NO)c(Nc2ccc(I)cc2Cl)c1,reduction
COC(=O)c1ccccc1NS(=O)(=O)c1ccc([N+](=O)[O-])cc1,CCO.[H][H],COC(=O)c1ccccc1NS(=O)(=O)c1ccc(N)cc1,reduction
CC(=O)CCCC#CCC#CCC(=O)O,CCO.Cl.[BH4-].[Na+],CC(O)CCCC#CCC#CCC(=O)O,reduction
CCN(CC)C(=O)C1CN2CCC1C(=O)C2C(c1ccccc1)c1ccccc1.COc1ccc(OC)c(CN)c1,CC(=O)O.CC(=O)O[BH-](OC(C)=O)OC(C)=O.CC1(C)C2CCC1(CS(=O)(=O)O)C(=O)C2.Cc1ccccc1.O.[Na+],CCN(CC)C(=O)C1CN2CCC1C(NCc1cc(OC)ccc1OC)C2C(c1ccccc1)c1ccccc1,reduction
CCOC1(O[Si](C)(C)C)CC1.CNC(=O)C(NC(=O)c1nc(-c2ccccc2)n2c1CNCC2)C(C)(C)C,CC(=O)O.CO.[BH3-]C#N.[Na+],CNC(=O)C(NC(=O)c1nc(-c2ccccc2)n2c1CN(C1CC1)CC2)C(C)(C)C,reduction
Nc1ccccc1F.O=Cc1nc2ccsc2c(=O)n1-c1ccccc1Cl,CC(=O)O.CC(=O)O[BH-](OC(C)=O)OC(C)=O.O=C([O-])O.O=S(=O)([O-])[O-].[Na+].[Na+].[Na+].[Na+],O=c1c2sccc2nc(CNc2ccccc2F)n1-c1ccccc1Cl,reduction
C[N+]1(C)CCCc2c(N=Nc3ccccc3)ccc(O)c21.[Br-],CO.O.[H][H],C[N+]1(C)CCCc2c(N)ccc(O)c21,reduction
CCOC(=O)C(C)(C)C(=O)C(C)NC(=O)OCc1ccccc1,CO.[BH4-].[Cl-].[NH4+].[Na+],CCOC(=O)C(C)(C)C(O)C(C)NC(=O)OCc1ccccc1,reduction
CC(=O)NC(=Cc1ccccc1)C(=O)O,C1CCOC1.[H][H].c1ccc(Pc2ccccc2)cc1,CC(=O)NC(Cc1ccccc1)C(=O)O,reduction
CCOC(=O)C(NC(=O)OC(C)(C)C)c1cccc(C(F)F)c1,C1CCOC1.CCO.Cl.[BH4-].[Cl-].[Li+].[Na+],CC(C)(C)OC(=O)NC(CO)c1cccc(C(F)F)c1,reduction
CC(C)(C)OC(=O)N1CCN(C(=O)OC(C)(C)C)C(c2ccc([N+](=O)[O-])cc2)C1,CO.[H][H],CC(C)(C)OC(=O)N1CCN(C(=O)OC(C)(C)C)C(c2ccc(N)cc2)C1,reduction
Cc1cc([N+](=O)[O-])c2c(c1Cl)CC(C)O2,C1CCOC1.[H][H],Cc1cc(N)c2c(c1Cl)CC(C)O2,reduction
Nc1nc(Oc2ccc(OCc3ccccc3)cc2)nc2nc(-c3ccco3)nn12,CC(=O)O.CCO.CO.[H][H],Nc1nc(Oc2ccc(O)cc2)nc2nc(-c3ccco3)nn12,reduction
BrCc1ccccc1.COC(=O)C(C)(C)CO,CN(C)C=O.COC(C)(C)C.Cl.[H-].[H][H].[Na+],COC(=O)C(C)(C)COCc1ccccc1,reduction
CC(=O)O.c1ncc(-c2ccc(Nc3nc4c(c(NCC5CCCO5)n3)CNCC4)cc2)o1,C=O.CO.[BH3-]C#N.[Na+],CN1CCc2nc(Nc3ccc(-c4cnco4)cc3)nc(NCC3CCCO3)c2C1,reduction
CC(=O)c1ccc(C)nc1.CC(C)(C)S([NH-])=O,C1CCOC1.CCO.CC[O-].CC[O-].CC[O-].CC[O-].O.[BH4-].[Na+].[Ti+4],Cc1ccc(C(C)NS(=O)C(C)(C)C)cn1,reduction
CCOC(C)n1c(C(C)=O)nc(-c2ccc(F)cc2)c1-c1ccc(SC)cc1,Cl.[BH4-].[Cl-].[Na+].[Na+],CCOC(C)n1c(C(C)O)nc(-c2ccc(F)cc2)c1-c1ccc(SC)cc1,reduction
COc1ccc(CN(Cc2ccc(OC)cc2)c2nc(C)nc(-c3cc(C4=CCOCC4)cnc3F)n2)cc1,CCO.CCOC(C)=O.[H][H].[OH-].[OH-].[Pd+2],COc1ccc(CN(Cc2ccc(OC)cc2)c2nc(C)nc(-c3cc(C4CCOCC4)cnc3F)n2)cc1,reduction
Nc1nc2ccccc2[nH]1.O=Cc1ccc(CN(Cc2nc3ccccc3[nH]2)C2CCCc3cccnc32)cc1,CO.[BH3-]C#N.[Na+],c1cnc2c(c1)CCCC2N(Cc1ccc(CNc2nc3ccccc3[nH]2)cc1)Cc1nc2ccccc2[nH]1,reduction
O=C1c2ccccc2CC12CCN(CCc1ccc([N+](=O)[O-])cc1)CC2,CCO.[BH4-].[Na+],O=[N+]([O-])c1ccc(CCN2CCC3(CC2)Cc2ccccc2C3O)cc1,reduction
CC(C)=O.COC(=O)CC1NCc2ccccc21,CC(=O)O[BH-](OC(C)=O)OC(C)=O.CC(Cl)Cl.[Na+].[Na+].[OH-],COC(=O)CC1c2ccccc2CN1C(C)C,reduction
O=Cc1ccc(Cl)cc1Br,CO.O.[BH4-].[Na+],OCc1ccc(Cl)cc1Br,reduction
Cc1ccc(C)c(OCCCC(C)(C)C(=O)Nc2cccc([N+](=O)[O-])c2)c1,CO.[H][H],Cc1ccc(C)c(OCCCC(C)(C)C(=O)Nc2cccc(N)c2)c1,reduction
COc1ccc2c(c1)N(CCN1CCC(N)CC1)C(=O)CS2.O=Cc1ccc2c(n1)NC(=O)CO2,[BH3-]C#N.[Na+],COc1ccc2c(c1)N(CCN1CCC(NCc3ccc4c(n3)NC(=O)CO4)CC1)C(=O)CS2,reduction
CC(C)C(C=O)O[Si](C)(C)C(C)(C)C,C1CCOC1.CCO.CCOC(C)=O.[BH4-].[Na+],CC(C)C(CO)O[Si](C)(C)C(C)(C)C,reduction
COc1cc2c(cc1OCc1ccccc1)C(C1(c3ccsc3C)CCC1)NCC2.[BH3-]C#N,Br.C=O.CC(C)O.CO.[Na+],COc1cc2c(cc1OCc1ccccc1)C(C1(c3ccsc3C)CCC1)N(C)CC2,reduction
CS(=O)(=O)Cl.O=[N+]([O-])c1ccc(OCCBr)cc1,CO.O.[H][H],CS(=O)(=O)Nc1ccc(OCCBr)cc1,reduction
O=C(Nc1ccc(C2CCN(Cc3ccccc3)CC2)cc1)c1ccccc1-c1ccccc1,CO.[H][H],O=C(Nc1ccc(C2CCNCC2)cc1)c1ccccc1-c1ccccc1,reduction
C1CCNC1.O=Cc1ccc(Br)cn1,CC(=O)O[BH-](OC(C)=O)OC(C)=O.ClCCCl.ClCCl.[Na+],Brc1ccc(CN2CCCC2)nc1,reduction
CCOC(=O)C(C)(C)N1CCC(=O)CC1.NCc1ccc(-c2ccc(OC(F)(F)F)cc2)cc1,CC(=O)O.CC(=O)O[BH-](OC(C)=O)OC(C)=O.Cl.O=C([O-])[O-].[Na+].[Na+].[Na+],CCOC(=O)C(C)(C)N1CCC(NCc2ccc(-c3ccc(OC(F)(F)F)cc3)cc2)CC1,reduction
CN1CCNCC1.COc1cc(Nc2c(C#N)cnc3cc(-c4csc(C=O)c4)ccc23)c(Cl)cc1Cl,CC(=O)O.CC(=O)O[BH-](OC(C)=O)OC(C)=O.CN(C)C=O.ClCCl.[Na+],COc1cc(Nc2c(C#N)cnc3cc(-c4csc(CN5CCN(C)CC5)c4)ccc23)c(Cl)cc1Cl,reduction
CC(C)(C)OC(=O)NC1CCC(CC=O)CC1.c1cc2c(c(N3CCNCC3)c1)CCC2,CC(=O)O[BH-](OC(C)=O)OC(C)=O.CC(Cl)Cl.CCN(CC)CC.Cl.O.O=C([O-])[O-].[K+].[K+].[Na+],CC(C)(C)OC(=O)NC1CCC(CCN2CCN(c3cccc4c3CCC4)CC2)CC1,reduction
O=Cc1cccc(-c2cnccn2)c1,CO.[BH4-].[Na+],OCc1cccc(-c2cnccn2)c1,reduction
C=CCOC(=O)N1CC(O)CC1C(=O)OC,CC(C)=O.CCO.[BH4-].[Na+],C=CCOC(=O)N1CC(O)CC1CO,reduction
CC(=O)Nc1ccc(Cl)c(C=O)c1F,CO.[BH4-].[Na+],CC(=O)Nc1ccc(Cl)c(CO)c1F,reduction
COC(=O)C(F)(F)CN.O=C1CCCC1,C1CCOC1.CC(=O)O.CC(=O)O[BH-](OC(C)=O)OC(C)=O.CCOC(C)=O.O=C([O-])O.[Na+].[Na+],COC(=O)C(F)(F)CNC1CCCC1,reduction
O=C(c1cccc(Oc2ccccc2)n1)C(F)(F)F,CCO.[BH4-].[Na+],OC(c1cccc(Oc2ccccc2)n1)C(F)(F)F,reduction
COc1ccccc1CN.O=C1CCc2ccccc2C1Cc1ccccc1,CC(=O)O.CO.O=C([O-])[O-].[BH3-]C#N.[Na+].[Na+].[Na+],COc1ccccc1CNC1CCc2ccccc2C1Cc1ccccc1,reduction
CCOC(=O)c1nc2n(c(=O)c1OC(=O)c1ccccc1)CC1CCC2(N)CC1.CCOC(C)=O.Cl,CCO.Cl.[H][H],CCOC(=O)c1nc2n(c(=O)c1OC(=O)c1ccccc1)CC1CCC2(NC)CC1,reduction
CCOC(=O)c1cc(C=O)c2ccccn2c1=O.N#Cc1ccc(N2CCNCC2)cc1,CC(=O)O.CC(=O)O[BH-](OC(C)=O)OC(C)=O.CC(Cl)Cl.[Na+],CCOC(=O)c1cc(CN2CCN(c3ccc(C#N)cc3)CC2)c2ccccn2c1=O,reduction
COc1ccc(C(N)=O)cc1F,C1CCOC1.CCOC(C)=O.[BH4-].[Na+],COc1ccc(CN)cc1F,reduction
O=C1CCc2cc(Br)ccc21,C1CCOC1.[BH4-].[Na+],OC1CCc2cc(Br)ccc21,reduction
CCOc1ccc(C2=CCC(C3CCC4(CC3)OCCO4)CC2)c(F)c1Cl,CC(C)O.Cc1ccccc1.[H][H],CCOc1ccc(C2CCC(C3CCC4(CC3)OCCO4)CC2)c(F)c1Cl,reduction
N#CC(C#N)=Cc1c(Cl)cc(C(F)(F)F)cc1Cl,CCO.[BH4-].[Na+],N#CC(C#N)Cc1c(Cl)cc(C(F)(F)F)cc1Cl,reduction
Cc1ccc2c3c(ccc2n1)OCC(CNCCCCn1ccc2ccc(F)cc21)O3.[BH3-]C#N,C=O.CC(=O)O.CCOC(C)=O.CO.Cl.[Na+],Cc1ccc2c3c(ccc2n1)OCC(CN(C)CCCCn1ccc2ccc(F)cc21)O3,reduction
CCCNCC1CCN(Cc2ccccc2)C1,CO.[H][H],CCCNCC1CCNC1,reduction
CCCC(CCC)n1cnc2c(C(=O)NC(Cc3ccccc3)C(O)CNCc3cccc(C(F)(F)F)c3)cc(Cl)cc2c1=O,C1COCCO1.[H][H],CCCC(CCC)n1cnc2c(C(=O)NC(Cc3ccccc3)C(O)CNCc3cccc(C(F)(F)F)c3)cccc2c1=O,reduction
C=CCOc1ccc(C(=O)CC(=O)C(C)(C)C)cc1OC,C.CCO.[H][H].[Pd],CCCOc1ccc(C(=O)CC(=O)C(C)(C)C)cc1OC,reduction
Nc1n[nH]c(N)n1.O=CCCCOc1cccc(CN2CCCCC2)c1,CCO.[BH4-].[Na+],Nc1n[nH]c(NCCCCOc2cccc(CN3CCCCC3)c2)n1,reduction
CC(C)(C)N1CCOC(C=O)C1.O=C(Nc1ccc(Cl)c(Cl)c1)N1CCNCC1,CC(=O)O[BH-](OC(C)=O)OC(C)=O.ClCCl.[Na+],CC(C)(C)N1CCOC(CN2CCN(C(=O)Nc3ccc(Cl)c(Cl)c3)CC2)C1,reduction
COCC(C)Oc1cc(OCc2ccccc2)cc(C(=O)Nc2ccn(C)n2)c1,C1CCOC1.CO.[H][H],COCC(C)Oc1cc(O)cc(C(=O)Nc2ccn(C)n2)c1,reduction
COC(=O)C(Cc1ccc2c(cnn2S(=O)(=O)CC[Si](C)(C)C)c1)NC(=O)OCc1ccccc1,CO.[H][H],COC(=O)C(N)Cc1ccc2c(cnn2S(=O)(=O)CC[Si](C)(C)C)c1,reduction
CC(C)CC=O.CCOC(=O)C1C2CCC(C2)C1N,CC(=O)O.CO.[BH3-]C#N.[Na+],CCOC(=O)C1C2CCC(C2)C1NCC(C)C,reduction
NC1CCCCCCC1.O=Cc1ccccc1C(c1ccc(OCc2ccccc2)cc1)c1ccc(OCc2ccccc2)cc1,CCO.O.[BH4-].[Na+],c1ccc(COc2ccc(C(c3ccc(OCc4ccccc4)cc3)c3ccccc3CNC3CCCCCCC3)cc2)cc1,reduction
Oc1ccccc1C(Cl)C(F)(F)F,C1CCOC1.[BH4-].[Na+],Oc1ccccc1CC(F)(F)F,reduction
C=CCc1c(O)ccc2oc(C(=O)OCC)cc12,CCO.[H][H],CCCc1c(O)ccc2oc(C(=O)OCC)cc12,reduction
CCOC(=O)CP(=O)(OCC)OCC.O=C1CCCCC1,COCCOC.O.[H-].[H][H].[Na+],CCOC(=O)C=C1CCCCC1,reduction
COC(=O)c1cc2cccc(CCNC(C)=O)c2o1,C1CCOC1.Cl.[BH4-].[Li+],CC(=O)NCCc1cccc2cc(CO)oc12,reduction
Nc1ccccc1C(=O)OC1CCN(Cc2ccccc2)CC1.[BH3-]C#N,C=O.CC#N.CC(=O)O.[Na+],CNc1ccccc1C(=O)OC1CCN(Cc2ccccc2)CC1,reduction
O=C1CCCc2c(F)cc(Br)cc21,CO.ClCCl.O.[BH4-].[Na+],OC1CCCc2c(F)cc(Br)cc21,reduction
CC(C)(C)OC(=O)C1CC1(Br)C(=O)OC(C)(C)C,CC(=O)N(C)C.Cl[Co]Cl.O.O.O.O.O.O.[BH4-].[Na+],CC(C)(C)OC(=O)C1CC1C(=O)OC(C)(C)C,reduction
Cc1cccc(C=NC2CCN(C(c3ccccc3)c3ccccc3)CC2)n1,CCO.[BH4-].[Na+],Cc1cccc(CNC2CCN(C(c3ccccc3)c3ccccc3)CC2)n1,reduction
COC(=O)C(C)Nc1ccc(F)c(F)c1F,CO.COC(C)(C)C.O.[BH4-].[Na+],CC(CO)Nc1ccc(F)c(F)c1F,reduction
CCOC(=O)C(=NO)C(=O)C(F)(F)F.Cl,CCO.[H][H],CCOC(=O)C(N)C(=O)C(F)(F)F,reduction
CC(C)(C)OC(=O)N1CCN(c2ccc([N+](=O)[O-])cc2)CC1,C1CCOC1.[H][H],CC(C)(C)OC(=O)N1CCN(c2ccc(N)cc2)CC1,reduction
CC(=O)O[BH-](OC(C)=O)OC(C)=O.O=C1OC(C(Cl)(Cl)Cl)N2CCCC12CNCc1cccc(F)c1,C=O.CC(=O)O.[Na+],CN(Cc1cccc(F)c1)CC12CCCN1C(C(Cl)(Cl)Cl)OC2=O,reduction
CC(C)(C)OC(=O)N1Cc2cc(NC(=O)c3ccccc3N)ccc2C(C)(C)C1.O=Cc1ccnnc1,CO.Cc1ccc(S(=O)(=O)O)cc1.Cc1ccccc1.ClCCl.[BH4-].[Na+],CC(C)(C)OC(=O)N1Cc2cc(NC(=O)c3ccccc3N=Cc3ccnnc3)ccc2C(C)(C)C1,reduction
CC1CNCCN1C(=O)OC(C)(C)C.CNc1ccc(C=O)nc1,CC(=O)O[BH-](OC(C)=O)OC(C)=O.CCN(CC)CC.CNc1ccc(C(OC)OC)nc1.ClCCl.[Na+],CNc1ccc(CN2CCN(C(=O)OC(C)(C)C)C(C)C2)nc1,reduction
CC(C)[Si](C(C)C)(C(C)C)n1cc(C(=O)c2c(F)ccc(N(Cc3ccccc3)Cc3ccccc3)c2F)c2cc(-c3cccnc3)cnc21,CO.[H][H].[OH-].[OH-].[Pd+2],CC(C)[Si](C(C)C)(C(C)C)n1cc(C(=O)c2c(F)ccc(N)c2F)c2cc(-c3cccnc3)cnc21,reduction
Cc1cc(C=O)ccc1C(=O)O,CO.[BH4-].[Na+],Cc1cc(CO)ccc1C(=O)O,reduction
NS(=O)(=O)c1ccc2c(c1)CCC2=O,CO.[BH4-].[Na+],NS(=O)(=O)c1ccc2c(c1)CCC2O,reduction
Clc1cccc(-c2noc(C3COCCN3)n2)c1.O=Cc1nccs1,CC(=O)O[BH-](OC(C)=O)OC(C)=O.[Na+],Clc1cccc(-c2noc(C3COCCN3Cc3nccs3)n2)c1,reduction
O=[N+]([O-])CCc1cn(C(c2ccccc2)(c2ccccc2)c2ccccc2)c(F)n1,Cl[Co]Cl.O.O.O.O.O.O.[BH4-].[Na+],NCCc1cn(C(c2ccccc2)(c2ccccc2)c2ccccc2)c(F)n1,reduction
CCOC(=O)COc1ccc(CN2C(=O)C3(COc4cc5c(cc43)OCCO5)c3ccccc32)cc1,COCCOC.O=C(O)CC(O)(CC(=O)O)C(=O)O.[BH4-].[Li+],O=C1N(Cc2ccc(OCCO)cc2)c2ccccc2C12COc1cc3c(cc12)OCCO3,reduction
CC(C)n1cc(-c2cc(F)c(F)c(F)c2)c2ccc([N+](=O)[O-])cc21,C1CCOC1.CC(=O)[O-].CC(=O)[O-].CCOC(C)=O.CO.Fc1cccc(F)c1F.O.O.O.O.[BH4-].[Na+].[Ni+2],CC(C)n1cc(-c2cc(F)c(F)c(F)c2)c2ccc(N)cc21,reduction
COc1ccc(C=C(C#N)C(=O)O)cc1,CO.Cc1ccccc1.O=C([O-])O.[BH4-].[Na+].[Na+],COc1ccc(CC(C#N)C(=O)O)cc1,reduction
C=Cc1cc(O)c(C(=O)OC)c(C(=O)OC)c1C,CCOC(C)=O.[H][H].c1ccccc1,CCc1cc(O)c(C(=O)OC)c(C(=O)OC)c1C,reduction
CC(=O)O[BH-](OC(C)=O)OC(C)=O.CC(C)Oc1cc(OC2CCNCC2)c2c(Nc3c(Cl)ccc4c3OCO4)ncnc2c1,C=O.CC(=O)O.CO.ClCCl.[Na+],CC(C)Oc1cc(OC2CCN(C)CC2)c2c(Nc3c(Cl)ccc4c3OCO4)ncnc2c1,reduction
O=Cc1nccs1.OC1(c2cc3nc(Cl)nc(N4CCOCC4)c3s2)CCNCC1,CC(=O)O[BH-](OC(C)=O)OC(C)=O.CCN(CC)CC.Cl.Cl.ClCCCl.[Na+],OC1(c2cc3nc(Cl)nc(N4CCOCC4)c3s2)CCN(Cc2nccs2)CC1,reduction
Cc1cc(=O)c(OCc2ccccc2)c(C(=O)NCC2CCCCC2)n1C1CC1,CCO.CO.[H][H],Cc1cc(=O)c(O)c(C(=O)NCC2CCCCC2)n1C1CC1,reduction
CC(=O)O.Cc1nccn1-c1ccc(Nc2nc3c(c(NCC4CCCO4)n2)CNCC3)cc1,C=O.CO.[BH3-]C#N.[Na+],Cc1nccn1-c1ccc(Nc2nc3c(c(NCC4CCCO4)n2)CN(C)CC3)cc1,reduction
COC(=O)c1ccc(N=Cc2cccc(F)c2)cn1,CN(C)C=O.CO.[BH4-].[Na+],COC(=O)c1ccc(NCc2cccc(F)c2)cn1,reduction
CC(C)(C)OC(=O)NCC1=C(CC(=O)O)CC=CC1,[H][H].[NH4+].[OH-].[Pd],CC(C)(C)OC(=O)NCC1=C(CC(=O)O)CCCC1,reduction
C=CC1=CN2C(=O)c3cc(OC)c(OC)cc3N(COCC[Si](C)(C)C)C(=O)C2C1,C1CCOC1.CCO.CO.O.[BH4-].[BH4-].[BH4-].[BH4-].[Na+].[Na+].[Na+].[Na+],C=CC1=CN2C(=O)c3cc(OC)c(OC)cc3N=CC2C1,reduction
CI.COc1ccc2[nH]cc(C#N)c2c1,C1CCOC1.[H-].[H][H].[Na+],COc1ccc2c(c1)c(C#N)cn2C,reduction
CCOC(C(=O)NCc1ccc(C#N)cc1)c1c(F)cc(-c2ccccc2C=O)cc1F,CCO.[BH4-].[Na+],CCOC(C(=O)NCc1ccc(C#N)cc1)c1c(F)cc(-c2ccccc2CO)cc1F,reduction
COc1cc(N)cc(OC)c1OC.Cc1c(C#N)ccc2nc(N)nc(N)c12,CC(=O)O.O.[H][H],COc1cc(NCc2ccc3nc(N)nc(N)c3c2C)cc(OC)c1OC,reduction
CCOC(=O)CCn1c(C)cnc(NCC(F)(F)c2ccccc2)c1=O,C1CCOC1.CO.ClCCl.O.[BH4-].[Na+],Cc1cnc(NCC(F)(F)c2ccccc2)c(=O)n1CCCO,reduction
O=C1CCN(Cc2ccccc2)CC1.O=C1OC(c2ccccc2)(c2ccccc2)C2CNCCN12,C1CCOC1.CC(=O)O.CC(=O)O[BH-](OC(C)=O)OC(C)=O.O.[Na+],O=C1OC(c2ccccc2)(c2ccccc2)C2CN(C3CCN(Cc4ccccc4)CC3)CCN12,reduction
Nc1ccc(OCc2ccccc2)cc1.O=C1Cc2ccccc2C1,CO.Cl.[BH3-]C#N.[Na+],c1ccc(COc2ccc(NC3Cc4ccccc4C3)cc2)cc1,reduction
CC=Cc1c(C(C)C)nn2ccccc12,CCO.[H][H],CCCc1c(C(C)C)nn2ccccc12,reduction
COCOc1cc(C(C)C)ccc1C(=O)O,C1CCOC1.CCOC(=O)Cl.CN1CCOCC1.CO.O=C=O.[BH4-].[Na+],COCOc1cc(C(C)C)ccc1CO,reduction
CC(C)(C)OC(=O)NCCC(NC(=O)OCC1c2ccccc2-c2ccccc21)C(=O)O,C1CCOC1.CC(C)COC(=O)Cl.CN1CCOCC1.O.[BH4-].[Na+],CC(C)(C)OC(=O)NCCC(CO)NC(=O)OCC1c2ccccc2-c2ccccc21,reduction
O=C(NCC(F)(F)F)C(c1ccccc1)N1CCN(c2ccc([N+](=O)[O-])cc2)CC1,CO.[H][H].c1ccsc1,Nc1ccc(N2CCN(C(C(=O)NCC(F)(F)F)c3ccccc3)CC2)cc1,reduction
CCOC(=O)N1CCN(C(=O)C(CC(=O)OC(C)(C)C)NC(=O)c2cc(OCC(=O)N3CCCC3C(=O)OCc3ccccc3)n(-c3ccccc3)n2)CC1,CCOC(C)=O.[H][H],CCOC(=O)N1CCN(C(=O)C(CC(=O)OC(C)(C)C)NC(=O)c2cc(OCC(=O)N3CCCC3C(=O)O)n(-c3ccccc3)n2)CC1,reduction
COc1ccc(F)cc1[N+](=O)[O-],CO.[H][H],COc1ccc(F)cc1N,reduction
CNCc1cc([N+](=O)[O-])nn1C.O=C1COC1,CO.[BH3-]C#N.[Na+],CN(Cc1cc([N+](=O)[O-])nn1C)C1COC1,reduction
COc1ccc(C=O)cc1OC1CCCC1.Nc1cccc2nc(-c3cccc(Cl)c3)oc12,CO.[BH3-]C#N.[Na+],COc1ccc(CNc2cccc3nc(-c4cccc(Cl)c4)oc23)cc1OC1CCCC1,reduction
COC(Cc1ccc(NC2CCN(c3nc(-c4ccccc4)cs3)CC2)cc1)OC.CS(=O)(=O)Nc1cc(C(O)CN)ccc1O,CC#N.CC(=O)O.CO.C[Si](Cl)(Cl)Cl.ClCCl.[BH3-]C#N.[I-].[Na+].[Na+],CS(=O)(=O)Nc1cc(C(O)CNCCc2ccc(NC3CCN(c4nc(-c5ccccc5)cs4)CC3)cc2)ccc1O,reduction
O=Cc1cnc2cc3c(cc2c1)CC1(C3)C(=O)Nc2ncccc21,CO.ClCCl.[BH4-].[Na+],O=C1Nc2ncccc2C12Cc1cc3cc(CO)cnc3cc1C2,reduction
C1CCNCC1.NC(=O)c1ccc(Oc2ccc(C=O)cc2)nc1,CC(=O)O.CC(=O)O[BH-](OC(C)=O)OC(C)=O.CO.ClCCCl.ClCCl.[Na+],NC(=O)c1ccc(Oc2ccc(CN3CCCCC3)cc2)nc1,reduction
COc1nccnc1C(C)=O.Fc1ccccc1OCC1CCNCC1,CC(C)[O-].CC(C)[O-].CC(C)[O-].CC(C)[O-].CCOC(C)=O.CO.O.[BH4-].[Na+].[Ti+4],COc1nccnc1C(C)N1CCC(COc2ccccc2F)CC1,reduction
COC(=O)C(C)(C)Cc1c(C(=O)c2ccccc2)c2cc(OC(=O)c3ccccc3)ccc2n1Cc1ccc(Cl)cc1,CC(Cl)Cl.[BH3-]C#N.[I-].[I-].[Na+].[Zn+2],COC(=O)C(C)(C)Cc1c(Cc2ccccc2)c2cc(OC(=O)c3ccccc3)ccc2n1Cc1ccc(Cl)cc1,reduction
CC(C)C(=O)Nc1nc2nc[nH]c2c(=O)[nH]1.COC(=O)CBr,CN(C)C=O.CO.O=C=O.[H-].[H][H].[Na+],COC(=O)Cn1cnc2c(=O)[nH]c(NC(=O)C(C)C)nc21,reduction
COc1cc(N2CCN(C(=O)Cn3nc(C(F)(F)F)c(Cl)c3C)CC2)c(C(C)=O)cc1Cl.[BH3-]C#N,C1CCOC1.CN.[Na+],CNC(C)c1cc(Cl)c(OC)cc1N1CCN(C(=O)Cn2nc(C(F)(F)F)c(Cl)c2C)CC1,reduction
CCOC(=O)C1=C(NC(C)c2ccccc2)CCCC1,CC#N.CC(=O)O.[BH4-].[Na+],CCOC(=O)C1CCCCC1NC(C)c1ccccc1,reduction
CCCCOCCOc1ccc(-c2ccc3c(c2)C=C(C(=O)OC)CCN3)cc1.O=CC1CC1,CC(=O)O[BH-](OC(C)=O)OC(C)=O.ClCCCl.O.O=C([O-])O.[Na+].[Na+],CCCCOCCOc1ccc(-c2ccc3c(c2)C=C(C(=O)OC)CCN3CC2CC2)cc1,reduction
CC(CN)c1ccccc1.Cn1c(=O)c(C=O)nc2ccccc21,ClCCl.O=C([O-])O.[BH3-]C#N.[Na+].[Na+],CC(CNCc1nc2ccccc2n(C)c1=O)c1ccccc1,reduction
CC(C)c1cc(OCCOCc2ccccc2)cc2c1C(=O)N(COC(=O)c1c(Cl)cccc1Cl)S2(=O)=O,CCOC(C)=O.CO.[H][H],CC(C)c1cc(OCCO)cc2c1C(=O)N(COC(=O)c1c(Cl)cccc1Cl)S2(=O)=O,reduction
CC1(C)CC(=O)OC(=O)C1,C1CCOC1.[BH4-].[Na+],CC1(C)CCOC(=O)C1,reduction
Cc1cc(OC(=O)c2ccccc2)cc(Cl)c1OCc1ccccc1,C.CCOC(C)=O.[H][H].[Pd],Cc1cc(OC(=O)c2ccccc2)cc(Cl)c1O,reduction
CCc1c(OCc2ccccc2)c(=O)ccn1CCCCO.Cl,CCO.CCc1c(O)c(=O)ccn1CCCO.O.[H][H],CCc1c(O)c(=O)ccn1CCCCO,reduction
OC1(Cc2ccccc2)CCN(Cc2ccccc2)CC1,CCO.[H][H],OC1(Cc2ccccc2)CCNCC1,reduction
Nc1cc2c(cc1[N+](=O)[O-])CC1(C2)C(=O)Nc2ncccc21,CCOC(C)=O.CO.[H][H],Nc1cc2c(cc1N)CC1(C2)C(=O)Nc2ncccc21,reduction
CC(C)(C)OC(=O)N(Cc1ccc2c(c1)OCCO2)C1CCNCC1.O=CCn1c(=O)cnc2ccc(F)cc21,CC(=O)O.CC(=O)O[BH-](OC(C)=O)OC(C)=O.ClC(Cl)Cl.O=C([O-])O.[Na+].[Na+],CC(C)(C)OC(=O)N(Cc1ccc2c(c1)OCCO2)C1CCN(CCn2c(=O)cnc3ccc(F)cc32)CC1,reduction
CCOC(=O)C(Cc1cccc(OC(F)(F)C(F)F)c1)C(=O)c1cccc(F)c1,CCOCC.Cl.O.[BH4-].[Cl-].[Cl-].[Na+].[Zn+2],CCOC(=O)C(Cc1cccc(OC(F)(F)C(F)F)c1)C(O)c1cccc(F)c1,reduction
CC(C)CC(C(=O)NOCc1ccccc1)N(Cc1ccccc1)P(C)(=O)c1ccccc1,CCCCCC.CCOC(C)=O.CO.[H][H],CC(C)CC(C(=O)NO)N(Cc1ccccc1)P(C)(=O)c1ccccc1,reduction
NCc1cc(C(F)(F)F)cc(C(F)(F)F)c1.O=Cc1cc2ccccc2nc1N1CCN(CC2CCCCC2)CC1,CC(=O)O.CO.[BH3-]C#N.[Na+],FC(F)(F)c1cc(CNCc2cc3ccccc3nc2N2CCN(CC3CCCCC3)CC2)cc(C(F)(F)F)c1,reduction
COc1c(OC(C)=O)cc(C(=O)O)cc1[N+](=O)[O-],CCO.CO.Cl.[H][H],COc1c(N)cc(C(=O)O)cc1OC(C)=O,reduction
O=Cc1cc2c(c(F)c1F)OCO2,CO.[BH4-].[Na+],OC1OCOc2ccc1c(F)c2F,reduction
CCOC(=O)C1CC1C=O.NC(c1ccccc1)(c1ccccc1)c1ccccc1,CO.O=S(=O)([O-])[O-].[BH3-]C#N.[Mg+2].[Na+],CCOC(=O)C1CC1CNC(c1ccccc1)(c1ccccc1)c1ccccc1,reduction
Cc1c(-c2ccccc2)oc2c(C=O)cccc2c1=O.NCCO,CO.[BH3-]C#N.[Cl-].[Cl-].[Na+].[Zn+2],Cc1c(-c2ccccc2)oc2c(CNCCO)cccc2c1=O,reduction
CC1CN=C(c2ccc(C(F)(F)F)cc2)c2ccccc21,CO.[BH4-].[Na+],CC1CNC(c2ccc(C(F)(F)F)cc2)c2ccccc21,reduction
CCCCCCCCC=CC1(C)OOC2CC1CC(=O)C2C,CCOC(C)=O.[H][H],CCCCCCCCCCC1(C)OOC2CC1CC(=O)C2C,reduction
C1COCCN1.O=Cc1cc2c(Oc3ccc(NC(=O)Nc4ccc(F)cc4)cc3)ncnc2[nH]1,C1CCOC1.CC(=O)O[BH-](OC(C)=O)OC(C)=O,O=C(Nc1ccc(F)cc1)Nc1ccc(Oc2ncnc3[nH]c(CN4CCOCC4)cc23)cc1,reduction
COC(=O)c1ccc2ccn(C(C)C)c2c1,C1CCOC1.[BH4-].[Li+],CC(C)n1ccc2ccc(CO)cc21,reduction
C[N+](=O)[O-].O=Cc1ccc(COc2ccccc2)nc1,CC(=O)OC(C)=O.CCN(CC)CC.CCOC(C)=O.CO.C[O-].O.[BH4-].[Li+].[Na+],O=[N+]([O-])CCc1ccc(COc2ccccc2)nc1,reduction
Cc1oc(-c2ccccc2)nc1COc1ccccc1C=O,C1CCOC1.O.[BH4-].[Na+],Cc1oc(-c2ccccc2)nc1COc1ccccc1CO,reduction
Cc1n[nH]cc1C=O.Cl.c1ccc(-c2nccnc2N2CCNCC2)cc1,C1CCOC1.CC#N.CC(=O)O[BH-](OC(C)=O)OC(C)=O.Cl.Cl.ClCCl.[Na+].[Na+].[OH-],Cc1n[nH]cc1CN1CCN(c2nccnc2-c2ccccc2)CC1,reduction
COc1ccc2cc(C3=CCN(Cc4ccccc4)CC3)ccc2c1,C1CCOC1.CCOC(C)=O.O=[Pt].[H][H],COc1ccc2cc(C3CCN(Cc4ccccc4)CC3)ccc2c1,reduction
CCOC(=O)Cc1ccccc1Oc1ccc(CBr)cc1.CCc1cc(=O)c2c([nH]1)CCCC2,CN(C)C=O.O.[H-].[H][H].[Na+],CCOC(=O)Cc1ccccc1Oc1ccc(COc2cc(CC)nc3c2CCCC3)cc1,reduction
COCCOc1cccc(F)c1[N+](=O)[O-],CCO.[H][H],COCCOc1cccc(F)c1N,reduction
CC(C)(C)[Si](C)(C)OC1CN(C(=O)c2cc3nccc(Oc4ccc([N+](=O)[O-])cc4F)c3s2)C1,C1CCOC1.CO.[BH4-].[Na+],CC(C)(C)[Si](C)(C)OC1CN(C(=O)c2cc3nccc(Oc4ccc(N)cc4F)c3s2)C1,reduction
CC(=O)O.CCCCc1nnc(OC2CCNCC2CO)cc1-c1ccc(OC2CCCCC2)cc1,CC(=O)O[BH-](OC(C)=O)OC(C)=O.Cl.Cl.ClCCl.[Na+],CCCCc1nnc(OC2CCN(C)CC2CO)cc1-c1ccc(OC2CCCCC2)cc1,reduction
Cc1cc(C(=O)N2Cc3cnn(C)c3Nc3ccccc32)ccc1CCC(=O)N1CCC(=O)CC1.NCCN1CCOCC1,CC(=O)O[BH-](OC(C)=O)OC(C)=O.CN(C)C=O.ClCCCl.[Na+],Cc1cc(C(=O)N2Cc3cnn(C)c3Nc3ccccc32)ccc1CCC(=O)N1CCC(NCCN2CCOCC2)CC1,reduction
CC(C)(C)C=O.O=C(NC(CNCC(Cc1ccccc1)NC(=O)OCc1cncs1)Cc1ccccc1)OCc1cncs1,CC(=O)O.CC(=O)O[BH-](OC(C)=O)OC(C)=O.ClCCCl.O=C([O-])O.[Na+].[Na+],CC(C)(C)CN(CC(Cc1ccccc1)NC(=O)OCc1cncs1)CC(Cc1ccccc1)NC(=O)OCc1cncs1,reduction
CC(C)(C)OC(=O)N1C2CCC1CC(=O)C2,CCO.[BH4-].[Na+],CC(C)(C)OC(=O)N1C2CCC1CC(O)C2,reduction
CCCCCCCCCCCCCCCCCC(=O)NC(C(=O)OCC)C(O)CCCCCCCCCCCCCCC,O.[BH4-].[Na+],CCCCCCCCCCCCCCCCCC(=O)NC(CO)C(O)CCCCCCCCCCCCCCC,reduction
O=C1CC2(CN1)CC(=O)c1cc(Cl)ccc12,CO.O.[BH4-].[Na+],O=C1CC2(CN1)CC(O)c1cc(Cl)ccc12,reduction
N#Cc1ccc(C=O)c(F)c1,CO.[BH4-].[Na+],N#Cc1ccc(CO)c(F)c1,reduction
CC1(C)Cc2ccccc2C(c2cnc3ccccc3c2)=N1,CCO.O.[BH4-].[Na+],CC1(C)Cc2ccccc2C(c2cnc3ccccc3c2)N1,reduction
C1COCCN1.O=C1CCC2(CC1)OCCO2,CC(=O)O.CC(=O)O[BH-](OC(C)=O)OC(C)=O.ClCCCl.[Na+],C1CN(C2CCC3(CC2)OCCO3)CCO1,reduction
CCOC(=O)c1cc2cc([N+](=O)[O-])ccc2[nH]1,CO.O.O=C(n1ccnc1)n1ccnc1.[BH4-].[K+].[Na+].[OH-],O=[N+]([O-])c1ccc2[nH]c(CO)cc2c1,reduction
CC=CC=CC(=O)CC(O)CC(=O)OC,C1CCOC1.CCB(CC)CC.CO.[BH4-].[Na+],CC=CC=CC(O)CC(O)CC(=O)OC,reduction
Cc1cc(C)cc(-c2[nH]c3ccc(C(=O)N4CCOCC4)cc3c2CCN(CCCCc2ccc(NS(C)(=O)=O)cc2)C(=O)OCc2ccccc2)c1,COCCO.[H][H].[OH-].[OH-].[Pd+2],Cc1cc(C)cc(-c2[nH]c3ccc(C(=O)N4CCOCC4)cc3c2CCNCCCCc2ccc(NS(C)(=O)=O)cc2)c1,reduction
N#Cc1ccc(CCC2CCC(C=O)CC2)cc1,[BH4-].[Na+],N#Cc1ccc(CCC2CCC(CO)CC2)cc1,reduction
O=C1c2ccccc2C(=O)N1c1ccc([N+](=O)[O-])c(S(F)(F)(F)(F)F)c1,CO.[H][H],Nc1ccc(N2C(=O)c3ccccc3C2=O)cc1S(F)(F)(F)(F)F,reduction
CCOC=NC1=C(C#N)C(c2ccc(Cl)c([N+](=O)[O-])c2)c2ccc3ccccc3c2O1,C1CCOC1.Cl.O.[BH4-].[Na+],CNC1=C(C#N)C(c2ccc(Cl)c([N+](=O)[O-])c2)c2ccc3ccccc3c2O1,reduction
CCCn1c(=O)c2[nH]c(C3C4CCC3C(=O)C4)nc2n(CCC)c1=O,CO.[BH4-].[Na+],CCCn1c(=O)c2[nH]c(C3C4CCC3C(O)C4)nc2n(CCC)c1=O,reduction
CC=NC(CCC)(CCC)CCC,CO.[BH4-].[Na+].[Na+].[OH-],CCCC(CCC)(CCC)NCC,reduction
Clc1cccc(C2CCCNC2)c1.NC(=O)c1ccc(Oc2ccc(C=O)cc2)nc1,CC(=O)O.CC(=O)O[BH-](OC(C)=O)OC(C)=O.ClCCCl.O=C(O)C=CC(=O)O.[Na+],NC(=O)c1ccc(Oc2ccc(CN3CCCC(c4cccc(Cl)c4)C3)cc2)nc1,reduction
O=C(NCCC1CC1)c1ccc(C2=CCN(C(=O)c3ccccc3C(F)(F)F)CC2)nc1,CO.[H][H],O=C(NCCC1CC1)c1ccc(C2CCN(C(=O)c3ccccc3C(F)(F)F)CC2)nc1,reduction
O=C(O)c1ccc(-n2ncc3c(=O)n(-c4ccc(Cl)cc4)c(-c4ccc(Cl)cc4Cl)nc32)cc1,C1CCOC1.CC(C)COC(=O)Cl.O.[BH4-].[Na+],O=c1c2cnn(-c3ccc(CO)cc3)c2nc(-c2ccc(Cl)cc2Cl)n1-c1ccc(Cl)cc1,reduction
C=CCC(C)(O)c1ccccc1.O=[O+][O-],ClCCl.[BH4-].[Na+],CC(O)(CCO)c1ccccc1,reduction
COc1cc(C=C2CC3C4CCc5cc(O)ccc5C4CCC3(C)C2=O)cc(OC)c1OC,C1CCOC1.CCOC(C)=O.CO.O.[BH4-].[Na+],COc1cc(C=C2CC3C4CCc5cc(O)ccc5C4CCC3(C)C2O)cc(OC)c1OC,reduction
CCc1cc2c(=O)n(CC(=O)c3ccc(OC)cc3)c(=O)n(Cc3ccc(-c4ccccc4-c4noc(=O)[nH]4)cc3F)c2s1,CO.[BH4-].[Na+],CCc1cc2c(=O)n(CC(O)c3ccc(OC)cc3)c(=O)n(Cc3ccc(-c4ccccc4-c4noc(=O)[nH]4)cc3F)c2s1,reduction
COc1cc(C=O)ccc1OCc1nc(-c2cccnc2)oc1C,C1CCOC1.O.[BH4-].[Na+],COc1cc(CO)ccc1OCc1nc(-c2cccnc2)oc1C,reduction
CN=Cc1cccc(OCCO[Si](C)(C)C(C)(C)C)c1,CCO.[BH4-].[Na+],CNCc1cccc(OCCO[Si](C)(C)C(C)(C)C)c1,reduction
CC(=O)CCc1c[nH]c2ccccc12.[BH3-]C#N,CC(=O)[O-].CO.[NH4+].[Na+],CC(N)CCc1c[nH]c2ccccc12,reduction
CCC(=O)c1cc2c(=O)n(NS(C)(=O)=O)c(=O)[nH]c2cc1C(F)(F)F,C1CCOC1.CCOC(C)=O.CO.Cl.O.[BH4-].[Na+],CCC(O)c1cc2c(=O)n(NS(C)(=O)=O)c(=O)[nH]c2cc1C(F)(F)F,reduction
O=Cc1ccc2c(c1)C13CC2c2ccccc2C1CN(CC1CCCC1)C3,CC(=O)O.[H][H].[O-][Cl+3]([O-])([O-])O,Cc1ccc2c(c1)C13CC2c2ccccc2C1CN(CC1CCCC1)C3,reduction
N#CCc1ccc(OCc2ccccc2)c([N+](=O)[O-])c1,CO.[H][H],N#CCc1ccc(OCc2ccccc2)c(N)c1,reduction
CC(C)(C)CC=O.NCC1CCCc2c(Oc3ccc(C(N)=O)cn3)cccc21,[BH4-].[Na+],CC(C)(C)CCNCC1CCCc2c(Oc3ccc(C(N)=O)cn3)cccc21,reduction
Cc1c(F)c([N+](=O)[O-])cc2oc(=O)[nH]c12,CCO.[H][H],Cc1c(F)c(N)cc2oc(=O)[nH]c12,reduction
Cc1ccc(NC(=O)c2cccc(N(C)C)c2)cc1NC(=O)c1cccc([N+](=O)[O-])c1,CO.[H][H],Cc1ccc(NC(=O)c2cccc(N(C)C)c2)cc1NC(=O)c1cccc(N)c1,reduction
O=C1OCCCN1c1ccc([N+](=O)[O-])cc1,CO.[H][H],Nc1ccc(N2CCCOC2=O)cc1,reduction
COc1cc(N2CCC3(CC2)OCCO3)c(C)cc1[N+](=O)[O-].FC1CCNC1,CC#N.CC(=O)O[BH-](OC(C)=O)OC(C)=O.COc1cc(N2CCC(=O)CC2)c(C)cc1[N+](=O)[O-].Cc1ccc(S(=O)(=O)O)cc1.Cl.O.O.O=C([O-])[O-].[K+].[K+].[Na+],COc1cc(N2CCC(N3CCC(F)C3)CC2)c(C)cc1[N+](=O)[O-],reduction
NCc1cccc(Cl)c1.O=C1Nc2cc(CCO)c(Cl)cc2C2CCCC12,C1CCOC1.CC(=O)O.CC(=O)O[BH-](OC(C)=O)OC(C)=O.CCN(CC)CC.CCOC(C)=O.CS(C)=O.ClCCCl.ClCCl.O=C(Cl)C(=O)Cl.[Na+],O=C1Nc2cc(CCNCc3cccc(Cl)c3)c(Cl)cc2C2CCCC12,reduction
NCc1ccc(F)cc1F.O=CC1CCCCC1,CC(=O)O.CO.O.[BH3-]C#N.[Na+],Fc1ccc(CNCC2CCCCC2)c(F)c1,reduction
CCC(=O)Nc1ccc(OC)c([N+](=O)[O-])c1,CO.N.O.[H][H],CCC(=O)Nc1ccc(OC)c(N)c1,reduction
COC(=O)CC(c1ccccc1)C(C#N)C(=O)OC,CO.Cl.Cl[Co]Cl.[BH4-].[Na+],COC(=O)C1CNC(=O)CC1c1ccccc1,reduction
CCC=O.O=C(Oc1ccc(Br)c(F)c1)c1ccc([N+](=O)[O-])cc1,Cc1ccccc1.O=[Pt].[H][H],CCCNc1ccc(C(=O)Oc2ccc(Br)c(F)c2)cc1,reduction
COc1cc(N2CCOC2=O)cc(C=O)c1OCCCN1CCN(c2cccc3sccc23)CC1.Cl,Cl.Cl.[BH4-].[K].[Na+].[Na+].[OH-],COc1cc(N2CCOC2=O)cc(CO)c1OCCCN1CCN(c2cccc3sccc23)CC1,reduction
COc1cc(CC#N)ccc1[N+](=O)[O-].O=C(Cl)c1cccc(C(F)(F)F)c1,CCN(C(C)C)C(C)C.CCOC(C)=O.ClCCl.O.[H][H],COc1cc(CC#N)ccc1NC(=O)c1cccc(C(F)(F)F)c1,reduction
CC(C)N.Cc1c(C=O)ncn1C(c1ccccc1)(c1ccccc1)c1ccccc1,CO.Cl.O.[BH3-]C#N.[Na+],Cc1c(CNC(C)C)ncn1C(c1ccccc1)(c1ccccc1)c1ccccc1,reduction
NC1COCCn2c1nc(-c1ccncn1)cc2=O.O=Cc1ccccc1,CC(=O)O.CC(=O)O[BH-](OC(C)=O)OC(C)=O.ClCCl.[Na+],O=c1cc(-c2ccncn2)nc2n1CCOCC2NCc1ccccc1,reduction
CN1CCNCC1.O=Cc1cc2nc(-c3cccc4[nH]ncc34)nc(N3CCOCC3)c2s1,CC(=O)O.CC(=O)O[BH-](OC(C)=O)OC(C)=O.ClCCCl.ClCCl.O=C([O-])O.[Na+].[Na+],CN1CCN(Cc2cc3nc(-c4cccc5[nH]ncc45)nc(N4CCOCC4)c3s2)CC1,reduction
CC(N)(CN)c1cccc(Cl)c1.COC(=O)C12CC3CC(C1)C(=O)C(C3)C2,CC(=O)O.CCO.O.[BH4-].[Na+],COC(=O)C12CC3CC(C1)C(NCC(C)(N)c1cccc(Cl)c1)C(C3)C2,reduction
CC(C)(C)OC(=O)N1CCC(=O)CC1.NC1CCCc2cccnc21,C1CCOC1.CC(=O)O.CC(=O)O[BH-](OC(C)=O)OC(C)=O.[Na+],CC(C)(C)OC(=O)N1CCC(NC2CCCc3cccnc32)CC1,reduction
CCC=O.NC1Cc2cccc3[nH]c(=O)n(c23)C1,CO.C[O-].ClC(Cl)Cl.[BH3-]C#N.[Na+].[Na+],CCCNC1Cc2cccc3[nH]c(=O)n(c23)C1,reduction
CC(=O)Nc1cccc(N)c1.CC(C)(C)OC(=O)N1CCC(=O)CC1,CC(C)O.[BH3-]C#N.[Na+],CC(=O)Nc1cccc(NC2CCN(C(=O)OC(C)(C)C)CC2)c1,reduction
CC(OCC1(c2ccccc2)CCNCC1)c1cc(C(F)(F)F)cc2c(C#N)n[nH]c12.[BH3-]C#N,C=O.CC#N.CC(=O)O.[Na+],CC(OCC1(c2ccccc2)CCN(C)CC1)c1cc(C(F)(F)F)cc2c(C#N)n[nH]c12,reduction
CCCC12CCC3=C(CCc4cc(OC)ccc43)C1=CCC21OCCO1,[H][H].[Pd].c1ccccc1,CCCC12CCC3=C(CCc4cc(OC)ccc43)C1CCC21OCCO1,reduction
CC(C)(C)OC(=O)N1Cc2ccccc2C(N)C1.CC(C)C=O,CC(=O)O.CC(=O)O[BH-](OC(C)=O)OC(C)=O.CC(Cl)Cl.O=C([O-])O.[Na+].[Na+],CC(C)CNC1CN(C(=O)OC(C)(C)C)Cc2ccccc21,reduction
CCCCCCC(C)(C)c1ccc(C2CC(=O)CCN2C(=O)OCC)c(OCc2ccccc2)c1,C1CCOC1.CO.[BH4-].[Na+],CCCCCCC(C)(C)c1ccc(C2CC(O)CCN2C(=O)OCC)c(OCc2ccccc2)c1,reduction
CCCCOc1ncc(C(C)=O)cc1-c1nc2c(CC)n(C3CCN(C(C)=O)CC3)nc2c(=O)[nH]1,CO.[BH4-].[Na+],CCCCOc1ncc(C(C)O)cc1-c1nc2c(CC)n(C3CCN(C(C)=O)CC3)nc2c(=O)[nH]1,reduction
COC(=O)C(N)CC(C)C.O=Cc1ccccc1,CC(=O)[O-].CO.Cl.O=C([O-])O.[BH3-]C#N.[Na+].[Na+].[Na+],COC(=O)C(CC(C)C)NCc1ccccc1,reduction
COc1cc(C(N)=O)c([N+](=O)[O-])cc1OC,O.O=[Pt]=O.[H][H],COc1cc(N)c(C(N)=O)cc1OC,reduction
NC1CCNC1=O.O=Cc1ccc(OCc2cccc(F)c2)cc1,CO.CS(=O)(=O)O.[BH3-]C#N.[Na+],O=C1NCCC1NCc1ccc(OCc2cccc(F)c2)cc1,reduction
CCNC(=O)Nc1nc(C)c(-c2cccc([N+](=O)[O-])c2)s1,C1CCOC1.CCOC(C)=O.[H][H],CCNC(=O)Nc1nc(C)c(-c2cccc(N)c2)s1,reduction
O=C(O)c1cncc(Br)c1,C1CCOC1.CCOC(=O)Cl.CO.[BH4-].[Na+],OCc1cncc(Br)c1,reduction
C=CCOC(=O)NC(CC1CC(SC(c2ccccc2)(c2ccccc2)c2ccccc2)CN1C(=O)OCC=C)C(=O)OC,C1CCOC1.CCO.O=C(O)CC(O)(CC(=O)O)C(=O)O.[BH4-].[Cl-].[Li+].[Na+],C=CCOC(=O)NC(CO)CC1CC(SC(c2ccccc2)(c2ccccc2)c2ccccc2)CN1C(=O)OCC=C,reduction
CCCc1ccccc1.O=C1CCC(=O)O1,CC(=O)O.O=[N+]([O-])c1ccccc1.[Al+3].[Cl-].[Cl-].[Cl-].[H][H],CCCc1ccc(CCCC(=O)O)cc1,reduction
O=C(Nc1ccc([N+](=O)[O-])cc1O)OCc1ccccc1,CCO.[H][H],Nc1ccc(NC(=O)OCc2ccccc2)c(O)c1,reduction
CC(C)(C)OC(=O)N1CCCC1C=O.CNC,CC(=O)O.CC(=O)O[BH-](OC(C)=O)OC(C)=O.CCO.ClCCl.[Na+],CN(C)CC1CCCN1C(=O)OC(C)(C)C,reduction
O=Cc1nc(Cl)cc(NCCc2ccc(Cl)cc2Cl)n1,CO.O.[BH4-].[Na+],OCc1nc(Cl)cc(NCCc2ccc(Cl)cc2Cl)n1,reduction
O=C1CCN(Cc2ccccc2)CC1Cc1ccccc1,CO.[BH4-].[Na+],OC1CCN(Cc2ccccc2)CC1Cc1ccccc1,reduction
CC1(C)CNc2cc([N+](=O)[O-])ccc21,CCOC(C)=O.[H][H],CC1(C)CNc2cc(N)ccc21,reduction
O=C1CCN(C(c2ccccc2)(c2ccccc2)c2ccccc2)CC1=Cc1ccn(Cc2cscn2)n1,CCOC(C)=O.CO.O.[BH4-].[Na+],OC1CCN(C(c2ccccc2)(c2ccccc2)c2ccccc2)CC1=Cc1ccn(Cc2cscn2)n1,reduction
CCOC(=O)C1Oc2cccc(OC)c2C=C1C=O.COC(=O)C(N)CC(C)C,CC(=O)O.CO.[BH3-]C#N.[Na+],CCOC(=O)C1Oc2cccc(OC)c2C=C1CNC(CC(C)C)C(=O)OC,reduction
CCOC(=O)C(=O)c1cc(Cl)cn1CCOC(C)=O,CC(=O)O.CO.ClC(Cl)(Cl)Cl.O.[BH4-].[Na+],CCOC(=O)C(O)c1cc(Cl)cn1CCOC(C)=O,reduction
CCCCCCn1c(=O)c2c(ncn2CCCCC(C)=O)n(C)c1=O,CC(=O)O.CO.[BH4-].[Na+],CCCCCCn1c(=O)c2c(ncn2CCCCC(C)O)n(C)c1=O,reduction
Cc1cc(CC=CCc2cc(C)c(O)c(C(C)(C)C)c2)cc(C(C)(C)C)c1O,CCOC(C)=O.[H][H],Cc1cc(CCCCc2cc(C)c(O)c(C(C)(C)C)c2)cc(C(C)(C)C)c1O,reduction
N#Cc1ccc(C(=O)c2ccc3ccccn23)cc1,CC#N.CCCCCC.CCOC(C)=O.[BH3-]C#N.[Na+],N#Cc1ccc(Cc2ccc3ccccn23)cc1,reduction
COc1c(Br)cc2c(c1S(C)(=O)=O)CCN(C(C)=O)CC2,CO.[H][H],COc1ccc2c(c1S(C)(=O)=O)CCN(C(C)=O)CC2,reduction
COc1cc(OCC(=O)N2CCNCC2)cc(OC)c1OC.N#Cc1ccc(C=O)cc1,CC(=O)O.CO.[BH3-]C#N.[Na+],COc1cc(OCC(=O)N2CCN(Cc3ccc(C#N)cc3)CC2)cc(OC)c1OC,reduction
CC(C)c1c(C=O)cn(S(=O)(=O)c2ccccc2)c1Br.CN,CO.[BH4-].[Na+],CNCc1cn(S(=O)(=O)c2ccccc2)c(Br)c1C(C)C,reduction
CCOC(=O)CCc1ccc(C(=O)O)cc1OC,C1CCOC1.CCN(CC)CC.CCOC(=O)Cl.CCOC(C)=O.Cl.O.[BH4-].[Na+],CCOC(=O)CCc1ccc(CO)cc1OC,reduction
CC(C)CCCCCCCCCCCC(=O)CC(=O)OCc1ccccc1,CC(C)O.CCOC(C)=O.Cl.[BH4-].[Na+],CC(C)CCCCCCCCCCCC(O)CC(=O)OCc1ccccc1,reduction
CC(C)(C)OC(=O)N1CCC(=O)CC1.CN,[H][H],CNC1CCN(C(=O)OC(C)(C)C)CC1,reduction
CC1CC2=CC(=O)CCC2C2C(Cl)CC3(C)C(=O)CCC3C12,C1CCOC1.CCO.O.[BH4-].[Na+],CC1CC2=CC(=O)CCC2C2C(Cl)CC3(C)C(O)CCC3C12,reduction
COc1cc(C=O)cc(OC)c1OCc1nc(-c2ccccc2)oc1C,C1CCOC1.O.[BH4-].[Na+],COc1cc(CO)cc(OC)c1OCc1nc(-c2ccccc2)oc1C,reduction
CC(C)(C)OC(=O)N1CCC(=O)CC1.Nc1ccc2[nH]ccc2c1,CC#N.CC(=O)O.CC(=O)O[BH-](OC(C)=O)OC(C)=O.O.O=C([O-])[O-].[Na+].[Na+].[Na+],CC(C)(C)OC(=O)N1CCC(Nc2ccc3[nH]ccc3c2)CC1,reduction
Nc1c2c(nn1-c1ccccc1)CCCC2.O=C1CCCCC1,CC(=O)O.CC(=O)O[BH-](OC(C)=O)OC(C)=O.ClCCl.[Na+],c1ccc(-n2nc3c(c2NC2CCCCC2)CCCC3)cc1,reduction
CCOC(=O)CBr.Cc1ncc(CS)c2c1OC(C)(C)OC2,CN(C)C=O.[H-].[H][H].[Na+],CCOC(=O)CSCc1cnc(C)c2c1COC(C)(C)O2,reduction
CC(C=O)NC(=O)OCc1ccccc1.CCCC(N)C(=O)OC,CC(=O)O.CCN(C(C)C)C(C)C.CO.Cl.[BH3-]C#N.[Na+],CCCC(NCC(C)NC(=O)OCc1ccccc1)C(=O)OC,reduction
Cc1cc(NCC(C)C)c([N+](=O)[O-])c(N(Cc2ccccc2)Cc2ccccc2)n1,CO.ClCCl.Cl[Ni]Cl.O.[BH4-].[Na+],Cc1cc(NCC(C)C)c(N)c(N(Cc2ccccc2)Cc2ccccc2)n1,reduction
COC(=O)c1cc(Br)c(C)c(Br)c1,CCO.[BH4-].[Na+],Cc1c(Br)cc(CO)cc1Br,reduction
Clc1nc(-c2ccccc2)nc2c1[nH]c1ccccc12,CCN(CC)CC.CCO.[H][H],c1ccc(-c2ncc3[nH]c4ccccc4c3n2)cc1,reduction
CCOc1cc(Cc2nn3c(C(CCCc4ccccc4)C(C)=O)nc(C)c3c(=O)[nH]2)ccc1OC,[BH4-].[Na+],CCOc1cc(Cc2nn3c(C(CCCc4ccccc4)C(C)O)nc(C)c3c(=O)[nH]2)ccc1OC,reduction
COCc1cc(OC)c(-c2cccc3c(NCC4CC4)c(COC)nn23)c(OC)c1.O=CC1CCOCC1,C1CCOC1.CC(=O)O[BH-](OC(C)=O)OC(C)=O.CCOC(C)=O.O.O=C([O-])O.[Na+].[Na+],COCc1cc(OC)c(-c2cccc3c(N(CC4CCOCC4)CC4CC4)c(COC)nn23)c(OC)c1,reduction
Cc1ccc(S(=O)(=O)Nc2cc(Cl)cnc2C(=O)c2cccc3[nH]c(=O)oc23)cc1C(F)(F)F,C1CCOC1.CCOC(C)=O.O.[BH4-].[Na+],Cc1ccc(S(=O)(=O)Nc2cc(Cl)cnc2C(O)c2cccc3[nH]c(=O)oc23)cc1C(F)(F)F,reduction
CCCCCc1ccc(CN(C(=O)C=Cc2ccc(C(F)(F)F)cc2)C(Cc2ccccc2)C(=O)N2CCNCC2)cc1.O=Cc1ccccn1,CC#N.CC(=O)O[BH-](OC(C)=O)OC(C)=O.[Na+],CCCCCc1ccc(CN(C(=O)C=Cc2ccc(C(F)(F)F)cc2)C(Cc2ccccc2)C(=O)N2CCN(Cc3ccccn3)CC2)cc1,reduction
COC(=O)C(NC(=O)c1ccc(Cl)cc1NS(=O)(=O)c1cccc2nsnc12)C(=O)c1ccc(Cl)c(Cl)c1,C1CCOC1.CCC(C)[BH-](C(C)CC)C(C)CC.CCO.O.OO.[Li+].[Na+].[OH-],COC(=O)C(NC(=O)c1ccc(Cl)cc1NS(=O)(=O)c1cccc2nsnc12)C(O)c1ccc(Cl)c(Cl)c1,reduction
C=C1CCN(C(=O)OC(C)(C)C)CC(=O)N(Cc2ccccc2)c2ccccc21,C1COCCO1.[H][H],CC1CCN(C(=O)OC(C)(C)C)CC(=O)N(Cc2ccccc2)c2ccccc21,reduction
CC(C)(C)c1cc(C(C)(C)C)[nH]n1.COC(=O)c1ccc(CBr)cc1,CN(C)C=O.O.[H-].[H][H].[Na+],COC(=O)c1ccc(Cn2nc(C(C)(C)C)cc2C(C)(C)C)cc1,reduction
CC(CCCCn1c(=O)c2[nH]c(CNC(=O)OC(C)(C)C)nc2n(C)c1=O)N=[N+]=[N-],CCO.[H][H],CC(N)CCCCn1c(=O)c2[nH]c(CNC(=O)OC(C)(C)C)nc2n(C)c1=O,reduction
COC(=O)c1ccc(C(=O)[O-])cc1N,COCCOC.O.[BH4-].[Na+].[Na+].[OH-],COC(=O)c1ccc(CO)cc1N,reduction
COC(=O)c1ccc2c(C3CCCCC3)c3n(c2c1)CC(=O)Cc1ccccc1-3,C1CCOC1.CO.[BH4-].[Na+],COC(=O)c1ccc2c(C3CCCCC3)c3n(c2c1)CC(O)Cc1ccccc1-3,reduction
CCOC(=O)C(=O)c1ccccc1.NC1CCC(C(O)(C(F)(F)F)C(F)(F)F)CC1,CC(=O)[O-].CCO.CCOCC.O=C([O-])O.[BH3-]C#N.[Na+].[Na+],CCOC(=O)C(NC1CCC(C(O)(C(F)(F)F)C(F)(F)F)CC1)c1ccccc1,reduction
O=C(OC1CCNCC1)C(O)(c1ccccc1)C1CCC(F)(F)C1.[BH3-]C#N,C=O.CCOC(C)=O.CO.[Cl-].[Cl-].[Na+].[Zn+2],CN1CCC(OC(=O)C(O)(c2ccccc2)C2CCC(F)(F)C2)CC1,reduction
Cc1c(Br)c(F)c(O)c(NC(=O)C(C)(C)COCc2ccccc2)c1C#N,CCOC(C)=O.[H][H].[Pd],Cc1c(Br)c(F)c(O)c(NC(=O)C(C)(C)CO)c1C#N,reduction
C1CNCCN1.CCCCCCCCCOc1ccc2c(c1)C(=O)CC2,CC(C)[O-].CC(C)[O-].CC(C)[O-].CC(C)[O-].[BH4-].[Na+].[Ti+4],CCCCCCCCCOc1ccc2c(c1)C(N1CCNCC1)CC2,reduction
CCN(CC)S(=O)(=O)c1ccccc1[N+](=O)[O-],CCOC(C)=O.[H][H],CCN(CC)S(=O)(=O)c1ccccc1N,reduction
CC(=O)c1cccc(C#CCCn2nc3ccccc3n2)n1,CO.[BH4-].[Na+],CC(O)c1cccc(C#CCCn2nc3ccccc3n2)n1,reduction
O=Cc1ccncc1Br,CO.[BH4-].[Na+],OCc1ccncc1Br,reduction
CCC=O.COC(=O)c1cc(N)cc(N2CCCC2=O)c1,CC(=O)O[BH-](OC(C)=O)OC(C)=O.ClCCl.[Na+],CCCNc1cc(C(=O)OC)cc(N2CCCC2=O)c1,reduction
COC(=O)c1ccc(C(=O)N2CCN(c3ncccc3[N+](=O)[O-])CC2)cc1,CO.ClCCl.[H][H],COC(=O)c1ccc(C(=O)N2CCN(c3ncccc3N)CC2)cc1,reduction
CC(N)C(=O)N1C(C(=O)O)CC2CCCCC21.O=C(O)C(=O)CCc1c[nH]c2ccccc12,[BH3-]C#N.[Na+],CC(NC(CCc1c[nH]c2ccccc12)C(=O)O)C(=O)N1C(C(=O)O)CC2CCCCC21,reduction
CC(C)(CCn1cnc(-c2ccccc2)c1)NCC(O)c1ccc(OCc2ccccc2)c([N+](=O)[O-])c1,C1CCOC1.Cc1ccccc1.O=[Pt]=O.[H][H],CC(C)(CCn1cnc(-c2ccccc2)c1)NCC(O)c1ccc(OCc2ccccc2)c(N)c1,reduction
COc1cccc(CNCc2cccc(OC)c2)c1.O=C(O)C(F)(F)F,C1CCOC1.O.[BH4-].[Cl-].[Na+].[Na+].[Na+].[OH-],COc1cccc(CN(C)Cc2cccc(OC)c2)c1,reduction
CC(C)(C)OC(=O)N1CCC(COCc2cc(-c3ccc(C#N)cc3)cc(C(F)(F)F)c2)(c2ccncc2)CC1,CC(=O)O[BH-](OC(C)=O)OC(C)=O.ClCCl.O=C(O)C(F)(F)F.[Na+],CN1CCC(COCc2cc(-c3ccc(C#N)cc3)cc(C(F)(F)F)c2)(c2ccncc2)CC1,reduction
Nc1ncnc2c1c(I)nn2C1CCNCC1.O=Cc1ncc[nH]1,CC(=O)O.CC(=O)O[BH-](OC(C)=O)OC(C)=O.ClCCCl.O=C([O-])O.[Na+].[Na+],Nc1ncnc2c1c(I)nn2C1CCN(Cc2ncc[nH]2)CC1,reduction
Cc1cc(-c2ccc(C(F)(F)F)cc2)sc1C(C)C=O,C1CCOC1.[BH4-].[Na+],Cc1cc(-c2ccc(C(F)(F)F)cc2)sc1C(C)CO,reduction
COc1ccc(C(C)N2CCC(C)(c3ccc(C=O)cc3)OC2=O)cc1,CO.[BH4-].[Na+],COc1ccc(C(C)N2CCC(C)(c3ccc(CO)cc3)OC2=O)cc1,reduction
CC(C)(C)OC(=O)N1CCNCC1.O=C1CCN(c2ccc([N+](=O)[O-])c(OCC(F)(F)F)c2)CC1,CC#N.CC(=O)O.CC(=O)O[BH-](OC(C)=O)OC(C)=O.Cc1ccccc1.[Na+],CC(C)(C)OC(=O)N1CCN(C2CCN(c3ccc([N+](=O)[O-])c(OCC(F)(F)F)c3)CC2)CC1,reduction
CCN(CC)C(=O)NC1CC2c3cc(Br)cc4[nH]c(SC)c(c34)CC2N(C)C1,CC(C)OC(C)C.CCOC(C)=O.N.O=C(O)C(F)(F)F.[BH4-].[Na+],CCN(CC)C(=O)NC1CC2c3cc(Br)cc4[nH]cc(c34)CC2N(C)C1,reduction
CCC=O.COc1ccc2c(c1)CC(NCC1CCN(C(=O)OC(C)(C)C)CC1)CC2,CC(=O)O[BH-](OC(C)=O)OC(C)=O.CC(Cl)Cl.[Na+],CCCN(CC1CCN(C(=O)OC(C)(C)C)CC1)C1CCc2ccc(OC)cc2C1,reduction
CC(C(=O)Cl)c1ccccc1.O=c1cc(O)c2cccnc2n1-c1cccc(OC(F)(F)F)c1,CN(C)C=O.O=C([O-])O.[H-].[H][H].[Na+].[Na+],CC(C(=O)Oc1cc(=O)n(-c2cccc(OC(F)(F)F)c2)c2ncccc12)c1ccccc1,reduction
CC(C)(C)OC(=O)N1CC(C=O)C(c2ccccc2)C1.CS(=O)(=O)c1ccc(CN2C(=O)NC3(CCNCC3)C2=O)cc1,CC(=O)O[BH-](OC(C)=O)OC(C)=O.CCN(CC)CC.Cl.ClCCl.[Na+],CC(C)(C)OC(=O)N1CC(CN2CCC3(CC2)NC(=O)N(Cc2ccc(S(C)(=O)=O)cc2)C3=O)C(c2ccccc2)C1,reduction
O=[N+]([O-])c1ccc2sc3ccc(F)cc3c2c1,CCO.[H][H],Nc1ccc2sc3ccc(F)cc3c2c1,reduction
CCOC(=O)C(Cc1cccc(C(C)C)c1)C(=O)c1ccc(F)cc1,CCOCC.Cl.[BH4-].[BH4-].[Zn+2],CCOC(=O)C(Cc1cccc(C(C)C)c1)C(O)c1ccc(F)cc1,reduction
COC(=O)c1ccc(C(=O)O)cc1-c1ccccc1,C1CCOC1.CN1CCOCC1.O=C([O-])O.[BH4-].[Na+].[Na+],COC(=O)c1ccc(CO)cc1-c1ccccc1,reduction
O=C(c1ccc(Nc2cccc(OCc3ccccc3)c2)nc1)c1c[nH]c2ncccc12,CO.[H][H].[OH-].[OH-].[Pd+2],O=C(c1ccc(Nc2cccc(O)c2)nc1)c1c[nH]c2ncccc12,reduction
NCCc1c[nH]c2ccc(Oc3ccccc3)cc12.O=Cc1cccc(Oc2ccccc2)c1,CO.ClCCl.O.[BH4-].[Na+],c1ccc(Oc2cccc(CNCCc3c[nH]c4ccc(Oc5ccccc5)cc34)c2)cc1,reduction
CCC(CC)(c1ccc(OCC(=O)C(C)(C)C)c(C)c1)c1ccc(N(C)S(C)(=O)=O)c(C)c1,C1CCOC1.CO.[BH4-].[Na+],CCC(CC)(c1ccc(OCC(O)C(C)(C)C)c(C)c1)c1ccc(N(C)S(C)(=O)=O)c(C)c1,reduction
CN(C)C(=O)C1Cc2ccc(NC(=O)OCc3ccccc3)cc2NC1=O,C.C1CCOC1.CO.[H][H].[Pd],CN(C)C(=O)C1Cc2ccc(N)cc2NC1=O,reduction
CC1CCNCC1.O=CCCc1ccc(C#Cc2ccc(-c3ccc(Cl)cc3)cn2)cn1,C1CCOC1.CC(=O)O.CC(=O)O[BH-](OC(C)=O)OC(C)=O.O=C([O-])O.[Na+].[Na+],CC1CCN(CCCc2ccc(C#Cc3ccc(-c4ccc(Cl)cc4)cn3)cn2)CC1,reduction
CC1(C)Cc2cccc(C=O)c2O1,CCO.[BH4-].[Na+],CC1(C)Cc2cccc(CO)c2O1,reduction
COCCOc1nc(N)c2nc(OC)n(CC3CCOC3)c2n1,C1COCCO1.CO.O.[H][H].[Na+].[OH-],COCCOc1nc(N)c2[nH]c(=O)n(CC3CCOC3)c2n1,reduction
CC(=O)O.CNC1CCC(Oc2ccc3c(=O)[nH]ccc3c2)CC1,C=O.CC#N.CC(=O)O[BH-](OC(C)=O)OC(C)=O.[Na+],CN(C)C1CCC(Oc2ccc3c(=O)[nH]ccc3c2)CC1,reduction
CN(CCCCCC1Cc2cc(O)ccc2C2C(F)CC3(C)C(=O)CCC3C12)CCC(F)(F)C(F)(F)C(F)(F)C(F)(F)F,CO.[BH4-].[Na+],CN(CCCCCC1Cc2cc(O)ccc2C2C(F)CC3(C)C(O)CCC3C12)CCC(F)(F)C(F)(F)C(F)(F)C(F)(F)F,reduction
CCCCCN.COc1cc(C=O)ccc1Oc1cnc(C(N)=O)cn1,CO.[BH4-].[Na+],CCCCCNCc1ccc(Oc2cnc(C(N)=O)cn2)c(OC)c1,reduction
CC(=O)c1ccccc1N.CN,CC(=O)O.CC(=O)O[BH-](OC(C)=O)OC(C)=O.ClCCl.O.[Na+],CNC(C)c1ccccc1N,reduction
O=[N+]([O-])c1ccccc1-c1ccc(COC2CCCCO2)cc1,CO.[H][H],Nc1ccccc1-c1ccc(COC2CCCCO2)cc1,reduction
Cc1cccc(C)c1Nc1nn(CCC=O)c2nc(Nc3ccccc3)ncc12,CCO.[BH4-].[Na+],Cc1cccc(C)c1Nc1nn(CCCO)c2nc(Nc3ccccc3)ncc12,reduction
CCc1cc2c(=O)n(C(C)C(=O)OC)c(=O)n(Cc3ccc(-c4ccccc4C#N)cc3)c2s1,C1CCOC1.CCOC(=O)Cl.CN1CCOCC1.CO.[BH4-].[Na+],CCc1cc2c(=O)n(C(C)CO)c(=O)n(Cc3ccc(-c4ccccc4C#N)cc3)c2s1,reduction
CCOC(=O)CCCCCCN(CC)c1ccc(C(F)(F)F)cc1C=O,CCO.CCOC(C)=O.Cc1ccccc1.[BH4-].[Cl-].[NH4+].[Na+],CCOC(=O)CCCCCCN(CC)c1ccc(C(F)(F)F)cc1CO,reduction
CC(=O)c1sc2ccccc2c1-c1ccccc1,CO.[BH4-].[Na+],CC(O)c1sc2ccccc2c1-c1ccccc1,reduction
COC(=O)c1ccc(N(N)C(C)=O)c([N+](=O)[O-])c1,COC(C)O.[H][H],COC(=O)c1ccc(N(N)C(C)=O)c(N)c1,reduction
C1CNC1.NC(=O)c1cc(-c2csc(C=O)c2)cc2c(C3CCS(=O)(=O)CC3)c[nH]c12,CC(=O)O.CO.CS(C)=O.[BH3-]C#N.[Na+],NC(=O)c1cc(-c2csc(CN3CCC3)c2)cc2c(C3CCS(=O)(=O)CC3)c[nH]c12,reduction
COC(=O)C(CCSC)NC(=O)c1ccc(N)cc1-c1ccccc1.O=Cc1cccnc1,CC(=O)O.CO.[BH3-]C#N.[Na+],COC(=O)C(CCSC)NC(=O)c1ccc(NCc2cccnc2)cc1-c1ccccc1,reduction
CCOC(=O)C=C(N)C1(c2ccc(Cl)cc2)CCC1,CC(=O)O.CC(=O)[O-].CCO.[BH3-]C#N.[NH4+].[Na+],CCOC(=O)CC(N)C1(c2ccc(Cl)cc2)CCC1,reduction
CC(=O)c1nnn(-c2cccc(C)c2)n1,CC(=O)O.CO.[BH4-].[Na+],Cc1cccc(-n2nnc(C(C)O)n2)c1,reduction
Fc1ccc(Br)cc1.N#Cc1ccc2c(c1)COC2=O,C1CCOC1.CC#N.O.O=C1OCc2cc(Br)ccc21.[Al+3].[BH4-].[H-].[H-].[H-].[H-].[Li+].[Mg].[Na+],N#Cc1ccc(C(O)c2ccc(F)cc2)c(CO)c1,reduction
C#CCn1cc(C#N)c(C(=O)OC)c1,C1CCOC1.O.[BH4-].[Cl-].[Li+].[Na+],C#CCn1cc(C#N)c(CO)c1,reduction
CC(C)(C)OC(=O)N1CCC(=O)CC1.Nc1cccc(F)c1,CC(=O)O.CO.[BH3-]C#N.[Na+].[Na+].[OH-],CC(C)(C)OC(=O)N1CCC(Nc2cccc(F)c2)CC1,reduction
CCCC(c1cc(Cl)ccc1N1CCCCC1)C(C(N)=O)c1ccc(C(=O)O)cc1,CCO.[H][H],CCCC(c1ccccc1N1CCCCC1)C(C(N)=O)c1ccc(C(=O)O)cc1,reduction
CN(CC(O)c1ccc(C=O)cc1)C(=O)OC(C)(C)C,C1CCOC1.CCO.[BH4-].[Na+],CN(CC(O)c1ccc(CO)cc1)C(=O)OC(C)(C)C,reduction
COCC(NC(=O)OC(C)(C)C)C(=O)O,C1CCOC1.CC(C)COC(=O)Cl.CCOC(C)=O.CN1CCOCC1.Cl.O.[BH4-].[Na+],COCC(CO)NC(=O)OC(C)(C)C,reduction
O=C(O)c1cc(Cl)ccc1I,C1CCOC1.Cl.O.[BH4-].[Na+],OCc1cc(Cl)ccc1I,reduction
CC1(C)OCC(C=O)O1.CCCN,CC(=O)O[BH-](OC(C)=O)OC(C)=O.ClCCCl.[Na+],CCCNCC1COC(C)(C)O1,reduction
Cc1cn(C)c2cccc([N+](=O)[O-])c2c1=O,CO.Cc1cn(C)c2cc([N+](=O)[O-])ccc2c1=O.[H][H],Cc1cn(C)c2cccc(N)c2c1=O,reduction
CS(=O)(=O)c1ccc2c(c1)ncn2C1CCN(Cc2ccccc2)CC1,CC(=O)O.CO.[H][H],CS(=O)(=O)c1ccc2c(c1)ncn2C1CCNCC1,reduction
COC(=O)OC.COc1ccc2c(c1)C(=O)CCCS2,C1CCOC1.CCN(CC)CC.CO.CS(=O)(=O)Cl.C[O-].Cl.O.[BH4-].[Na+].[Na+],COC(=O)C1=Cc2cc(OC)ccc2SCC1,reduction
C(=Nc1ccc(OCc2ccccc2)cc1)c1cccc(OC2CCCCO2)c1,CO.ClCCl.O=C([O-])O.[BH4-].[Na+].[Na+],c1ccc(COc2ccc(NCc3cccc(OC4CCCCO4)c3)cc2)cc1,reduction
Nc1ccc(C(F)(F)F)nc1Cl,CC(=O)[O-].CO.[H][H].[Na+],Nc1ccc(C(F)(F)F)nc1,reduction
O=C(CCCl)N1c2ccccc2CCc2ccccc21,C1CCOC1.CC(=O)O.O.[BH4-].[Na+],ClCCCN1c2ccccc2CCc2ccccc21,reduction
CCOC(=O)CP(=O)(OCC)OCC.O=Cc1ccc(C(F)(F)F)cc1,COCCOC.O.[H-].[H][H].[Na+],CCOC(=O)CCc1ccc(C(F)(F)F)cc1,reduction
O=C1CCc2cc(F)c(F)cc21,CCO.[BH4-].[Na+],OC1CCc2cc(F)c(F)cc21,reduction
CC(C)(C)OC(=O)Cn1ccc([N+](=O)[O-])n1,CO.[H][H].[Pd],CC(C)(C)OC(=O)Cn1ccc(N)n1,reduction
Cl.c1ccc(C(=C2CCNCC2)c2ccccc2)cc1,C.CO.Cl.[H][H].[Pd],c1ccc(C(c2ccccc2)C2CCNCC2)cc1,reduction
CC(CCOCc1ccccc1)=NO,C1CCOC1.[H][H],CC(N)CCOCc1ccccc1,reduction
CC1=CC(Cl)=CC(C2CCCC2)N1C(=O)OC(C)(C)C,CO.O=C([O-])[O-].[H][H].[Li+].[Li+],CC1=CCCC(C2CCCC2)N1C(=O)OC(C)(C)C,reduction
COC(=O)c1cc(OC)c(OCCCCl)cc1[N+](=O)[O-],C.CO.S=[Pt].[H][H],COC(=O)c1cc(OC)c(OCCCCl)cc1N,reduction
CN(C)C(C)(C)CCl.S=c1[nH]c2ccccc2cc1-c1ccccc1,CN(C)C=O.Cl.[H-].[H][H].[Na+],CN(C)C(C)(C)CSc1nc2ccccc2cc1-c1ccccc1.Cl,reduction
Fc1ccc(F)c(C2=NCCC2)c1,CCO.[BH4-].[Na+],Fc1ccc(F)c(C2CCCN2)c1,reduction
COC(=O)c1ccc(N=CC=Cc2ccccc2)cn1,CC(=O)O.CN(C)C=O.CO.Cl.O.[BH4-].[BH4-].[Na+],COC(=O)c1ccc(NCC=Cc2ccccc2)cn1,reduction
Cn1c(-c2ccccc2Cl)nnc1C(C)(C)C=O.Nc1ccccc1,CC(=O)O[BH-](OC(C)=O)OC(C)=O.ClCCCl.O=C([O-])O.[Na+].[Na+],Cn1c(-c2ccccc2Cl)nnc1C(C)(C)CNc1ccccc1,reduction
CN1C(=O)Cc2cnc(N3CCN(Cc4ccccc4)CC3)nc21,CCO.[BH4-].[Na+],CNc1nc(N2CCN(Cc3ccccc3)CC2)ncc1CCO,reduction
O=C(c1ccccc1)c1ccccc1Cl,CC(C)O.[BH4-].[Na+],OC(c1ccccc1)c1ccccc1Cl,reduction
N#CCC1NC(=O)C(=Cc2ccccc2)NC1=O,C.CN(C)C=O.[H][H].[Pd],N#CCC1NC(=O)C(Cc2ccccc2)NC1=O,reduction
CC1(C)COCCN1.Cn1c(CC=O)nc2c(N3CCOCC3)nc(Cl)nc21,CC(=O)O[BH-](OC(C)=O)OC(C)=O.CCN(CC)CC.Cl.Cn1cnc2c(Cl)nc(Cl)nc21.[Na+],Cn1c(CCN2CCOCC2(C)C)nc2c(N3CCOCC3)nc(Cl)nc21,reduction
CCCCCC=O.NCC1CCCc2c(Oc3ccc(C(N)=O)cn3)cccc21,[BH4-].[Na+],CCCCCCNCC1CCCc2c(Oc3ccc(C(N)=O)cn3)cccc21,reduction
Cc1cc(-n2cc(C(F)(F)F)cn2)ccc1OCc1ccccc1,C1CCOC1.CCO.[H][H].[OH-].[OH-].[Pd+2],Cc1cc(-n2cc(C(F)(F)F)cn2)ccc1O,reduction
COC(=O)C1C=CC(C(=O)OC)C(C(=O)OC)C1,ClCCl.[H][H],COC(=O)C1CCC(C(=O)OC)C(C(=O)OC)C1,reduction
CC(=O)O.COC(=O)c1ccc(N)cc1F,C=O.CC(=O)O[BH-](OC(C)=O)OC(C)=O.ClCCCl.[Na+],CNc1ccc(C(=O)OC)c(F)c1,reduction
COc1ccc(C2CC(=O)CCC2[N+](=O)[O-])cc1OC,CO.COCCOC.O.[BH4-].[Na+],COc1ccc(C2CC(O)CCC2[N+](=O)[O-])cc1OC,reduction
CCOC(=O)c1c(C)n[nH]c1C.Clc1cnccn1,CN(C)C=O.[H-].[H][H].[Na+],CCOC(=O)c1c(C)nn(-c2cnccn2)c1C,reduction
COc1cc2c(N=C(NCCN(C)C)Nc3c(C)cccc3C)ncnc2cc1OCC1COCCN1Cc1ccccc1,CCO.ClCCl.O=C(O)C(F)(F)F.[H][H],COc1cc2c(N=C(NCCN(C)C)Nc3c(C)cccc3C)ncnc2cc1OCC1COCCN1,reduction
N#Cc1ccc(-c2cncc(F)c2C=O)cc1Cl,C1CCOC1.ClCCl.O.[BH4-].[Na+],N#Cc1ccc(-c2cncc(F)c2CO)cc1Cl,reduction
CC(C)(C)c1cc(-c2ccc([N+](=O)[O-])cc2)cc(C(C)(C)C)c1O,CCO.[H][H],CC(C)(C)c1cc(-c2ccc(N)cc2)cc(C(C)(C)C)c1O,reduction
CCCCOCCOc1ccc(-c2ccc3c(c2)C=C(C(=O)OC)CCN3)cc1.O=Cc1ccccc1,CC(=O)O[BH-](OC(C)=O)OC(C)=O.ClCCCl.O.O=C([O-])O.[Na+].[Na+],CCCCOCCOc1ccc(-c2ccc3c(c2)C=C(C(=O)OC)CCN3Cc2ccccc2)cc1,reduction
O=c1[nH]c2nccnc2n1C1CCN(Cc2ccccc2)CC1,CO.[H][H],O=c1[nH]c2nccnc2n1C1CCNCC1,reduction
C=CC(CC)C1CCC(c2ccc(C#N)cc2)CC1.CCCC=CC1CCC(c2ccc(C(=O)CC)cc2)CC1,CCC(=O)c1ccccc1.CO.[BH4-].[Na+],CCCC=CC1CCC(c2ccc(C#N)cc2)CC1,reduction
CC(C)(C)[Si](C)(C)OCCc1cc(C=O)c(Cl)s1,CCN(CC)CC.CCO.ClCCl.[H][H],CC(C)(C)[Si](C)(C)OCCc1cc(C=O)cs1,reduction
CC(C)CC1CN(Cc2ccccc2)CCC1O,CO.[H][H].[OH-].[OH-].[Pd+2],CC(C)CC1CNCCC1O,reduction
C#CCO.CC(C)c1nc(Cl)cc(CCl)n1,C1CCOC1.CCCCC.[H-].[H][H].[Na+],C#CCOc1cc(CCl)nc(C(C)C)n1,reduction
O=Cc1cc2ccccc2nc1Cl,CO.[BH4-].[Na+],OCc1cc2ccccc2nc1Cl,reduction
NCc1cccc(-c2ccc(Cl)cc2)c1.O=Cc1ccc(F)cc1,CC(=O)O[BH-](OC(C)=O)OC(C)=O.CC(C)O.Cl.ClCCl.[Na+],Fc1ccc(CNCc2cccc(-c3ccc(Cl)cc3)c2)cc1,reduction
Cc1ccc(-c2nc3cc(N)ccc3o2)cc1.O=Cc1ccncc1,CC(=O)O.CC(=O)O[BH-](OC(C)=O)OC(C)=O.ClCCCl.ClCCl.[Na+],Cc1ccc(-c2nc3cc(NCc4ccncc4)ccc3o2)cc1,reduction
Cc1cc(-c2ccc(C(=O)OCc3ccccc3)cc2)cc(C)c1OCCNC(C)C(O)c1ccc(O)cc1,C.CN(C)C=O.[H][H].[Pd],Cc1cc(-c2ccc(C(=O)O)cc2)cc(C)c1OCCNC(C)C(O)c1ccc(O)cc1,reduction
CC(C)(C)OC(=O)n1c(-c2cc3ccccc3[nH]c2=O)cc2cc(C=O)ccc21.O=C(CO)N1CCNCC1,CC(=O)O.CC(=O)O[BH-](OC(C)=O)OC(C)=O.CC(Cl)Cl.O=S(=O)([O-])[O-].[H-].[Mg+2].[Na+],CC(C)(C)OC(=O)n1c(-c2cc3ccccc3[nH]c2=O)cc2cc(CN3CCN(C(=O)CO)CC3)ccc21,reduction
N#CCN1CCC(Nc2nc3cccnc3n2Cc2ccc(F)cc2)CC1,CO.N.[H][H],NCCN1CCC(Nc2nc3cccnc3n2Cc2ccc(F)cc2)CC1,reduction
C#CC(O)c1ccc(N2CCN(C)CC2)cc1,CC(=O)O.ClCCl.O=C(O)C(F)(F)F.[BH4-].[Na+],C#CCc1ccc(N2CCN(C)CC2)cc1,reduction
CC(C)(C)OC(=O)NC1CNCCN(CC(F)(F)F)C1=O.O=Cc1cccc(F)c1F,CC(=O)O.CO.O=C([O-])O.[BH3-]C#N.[Na+].[Na+],CC(C)(C)OC(=O)NC1CN(Cc2cccc(F)c2F)CCN(CC(F)(F)F)C1=O,reduction
N#Cc1cccc(-c2noc(C3CCCN3)n2)c1.O=Cc1nccs1,CC(=O)O[BH-](OC(C)=O)OC(C)=O.CC(Cl)Cl.[Na+],N#Cc1cccc(-c2noc(C3CCCN3Cc3nccs3)n2)c1,reduction
Cl.O=Cc1ccc(OCc2coc(C=Cc3ccccc3)n2)cc1,C1CCOC1.CCO.O.[BH4-].[Na+],ClCc1ccc(OCc2coc(C=Cc3ccccc3)n2)cc1,reduction
Fc1cc(C2CCC(CCC3C=CCCC34OCCO4)CC2)cc(F)c1F,CCO.[H][H],Fc1cc(C2CCC(CCC3CCCCC34OCCO4)CC2)cc(F)c1F,reduction
COc1ccc(C=O)cc1OCc1nc(-c2ccco2)oc1C,C1CCOC1.O.[BH4-].[Na+],COc1ccc(CO)cc1OCc1nc(-c2ccco2)oc1C,reduction
CCCS(=O)c1ccc(N)c([N+](=O)[O-])c1,CO.[H][H],CCCS(=O)c1ccc(N)c(N)c1,reduction
COc1ccc(CCC(=O)c2cc(OC)ccc2O)c(OC)c1,CC(=O)O.CCCO.[BH4-].[Na+],COc1ccc(CCC(O)c2cc(OC)ccc2O)c(OC)c1,reduction
CC(C)(C)OC(=O)N1CCNCC1.O=Cc1cc2nc(Cl)nc(N3CCOCC3)c2s1,CC(=O)O[BH-](OC(C)=O)OC(C)=O.COC(OC)OC.ClCCCl.[Na+],CC(C)(C)OC(=O)N1CCN(Cc2cc3nc(Cl)nc(N4CCOCC4)c3s2)CC1,reduction
CCCCOCCOc1ccc(-c2ccc3c(c2)C=C(C(=O)Nc2ccc(C(O)c4cccc[n+]4[O-])cc2)CCN3)cc1.Cn1nccc1C=O,CC(=O)O.CC(=O)O[BH-](OC(C)=O)OC(C)=O.ClCCCl.O.[Na+],CCCCOCCOc1ccc(-c2ccc3c(c2)C=C(C(=O)Nc2ccc(C(O)c4cccc[n+]4[O-])cc2)CCN3Cc2ccnn2C)cc1,reduction
COC1CCN(C(=O)c2cc(Cc3n[nH]c(=O)c4c([N+](=O)[O-])cccc34)ccc2F)CC1,CCO.COC1CCN(C(=O)c2cc(Cc3n[nH]c(=O)c4cccc([N+](=O)[O-])c34)ccc2F)CC1.[H][H],COC1CCN(C(=O)c2cc(Cc3n[nH]c(=O)c4c(N)cccc34)ccc2F)CC1,reduction
O=[N+]([O-])c1nc(Cl)[nH]c1I,C1COCCO1.CCCC[N+](CCCC)(CCCC)CCCC.Cl.[BH4-],O=[N+]([O-])c1c[nH]c(Cl)n1,reduction
NC(=O)c1ccc(Oc2ccc3c(c2)CCC3NCCc2ccccc2)nc1.[BH3-]C#N,[Na+],CN(CCc1ccccc1)C1CCc2cc(Oc3ccc(C(N)=O)cn3)ccc21,reduction
CC(C)(C)OC(=O)CCC(NC(=O)c1cc(OCC(=O)C(C)(C)C)n(-c2ccccc2)n1)C(=O)N1CCN(C(=O)OCc2ccccc2)CC1,CCO.[H][H],CC(C)(C)OC(=O)CCC(NC(=O)c1cc(OCC(=O)C(C)(C)C)n(-c2ccccc2)n1)C(=O)N1CCNCC1,reduction
CCOC(=O)c1sc2ncccc2c1C,C1CCOC1.CCO.[BH4-].[Ca+2].[Cl-].[Cl-].[Cl-].[NH4+].[Na+],Cc1c(C=O)sc2ncccc12,reduction
CC12CCC3C(CCC4CC(=O)CCC43C)C1CCC2O.NCCN,CC(=O)O.CO.[BH3-]C#N.[Na+],CC12CCC3C(CCC4CC(NCCN)CCC43C)C1CCC2O,reduction
COC(=O)c1ccc(C(C)NC(C)=O)c([N+](=O)[O-])c1,CO.[C+4].[H][H].[OH-].[OH-].[OH-].[OH-].[OH-].[OH-].[Pd+2],COC(=O)c1ccc(C(C)NC(C)=O)c(N)c1,reduction
CC12CCC(O)CC1CCC1C2CCC2(C)C(C=NO)CCC12O,CO.Cl.[BH3-]C#N.[Na+].[Na+].[OH-],CC12CCC(O)CC1CCC1C2CCC2(C)C(CNO)CCC12O,reduction
CC(C)C(N)C(=O)N1CCCC1.COC(=O)c1cn(C(=O)OC(C)(C)C)c2nccc(C=O)c12,CC(=O)O.CC(=O)O[BH-](OC(C)=O)OC(C)=O.[Na+],COC(=O)c1cn(C(=O)OC(C)(C)C)c2nccc(CNC(C(=O)N3CCCC3)C(C)C)c12,reduction
CCOC(=O)CN1C(=O)C(NC(=O)OC(C)(C)C)CC(=O)C2CCCCC21,CCO.[BH4-].[Na+],CCOC(=O)CN1C(=O)C(NC(=O)OC(C)(C)C)CC(O)C2CCCCC21,reduction
CC1(C)OCC(CN)O1.O=Cc1cncc(Cl)c1COC1CCCCO1,CC(=O)O.CO.[BH3-]C#N.[Na+],CC1(C)OCC(CNCc2cncc(Cl)c2COC2CCCCO2)O1,reduction
Cc1cccnc1C1(C#N)CCN(C(=O)OC(C)(C)C)CC1,CO.[H][H],Cc1cccnc1C1(CN)CCN(C(=O)OC(C)(C)C)CC1,reduction
NC1CCc2ccccc2N(CC(=O)OCc2ccccc2)C1=O.O=C(O)C(=O)CCc1ccccc1,CO.Cl.[BH3-]C#N.[Na+],O=C(CN1C(=O)C(NC(CCc2ccccc2)C(=O)O)CCc2ccccc21)OCc1ccccc1,reduction
CC1=NCCc2ccc(Cl)cc21,CC(=O)O[BH-](OC(C)=O)OC(C)=O.[Na+],CC1NCCc2ccc(Cl)cc21,reduction
CSc1ccc(N)cn1.O=Cc1ccc(F)cc1,CC(=O)O[BH-](OC(C)=O)OC(C)=O.ClCCl.[Na+],CSc1ccc(NCc2ccc(F)cc2)cn1,reduction
Oc1ccc(OCc2ccccc2)cc1.[O-][n+]1nc(Cl)nc2ccc(Cl)cc21,CN(C)C=O.[H-].[H][H].[Na+],[O-][n+]1nc(Oc2ccc(OCc3ccccc3)cc2)nc2ccc(Cl)cc21,reduction
CCCCCCOc1ccc(C=O)cc1OCCCCCC.N,CCO.[H][H],CCCCCCOc1ccc(CN)cc1OCCCCCC,reduction
COC1=CC(OC)OC1(OC)C(C)=O,CO.[BH4-].[Cl-].[NH4+].[Na+],COC1=CC(OC)OC1(OC)C(C)O,reduction
Cn1nc(Cl)cc(Nc2ccc(N3CCNCC3)cn2)c1=O.O=C1COC1,CO.Cl.O.[BH3-]C#N.[Cl-].[Cl-].[Na+].[Zn+2],Cn1nc(Cl)cc(Nc2ccc(N3CCN(C4COC4)CC3)cn2)c1=O,reduction
C=CCc1nc(C(C)C)oc1C.CC(C)(C)O,C1CCOC1.CCO.O.O=[Os](=O)(=O)=O.[BH4-].[Na+],Cc1oc(C(C)C)nc1CCO,reduction
COC(=O)NC1=C(C)CCN(Cc2ccccc2)C1,CO.O=[Pt].[H][H],COC(=O)NC1CN(Cc2ccccc2)CCC1C,reduction
CC=O.CCN(CC1CCN(Cc2ccccc2)CC1)c1ncccc1N,CO.[BH3-]C#N.[Na+].[Na+].[OH-],CCNc1cccnc1N(CC)CC1CCN(Cc2ccccc2)CC1,reduction
O=Cc1ccc(OCc2ccccc2)cc1O,CCO.O.O=S(=O)(O)O.[BH4-].[Na+],OCc1ccc(OCc2ccccc2)cc1O,reduction
CC1(C)CNC(=O)C(Cl)(Cl)C1,CC(=O)O.[H][H],CC1(C)CNC(=O)C(Cl)C1,reduction
CCc1cc(C(C)=NOCc2ccc(C3CCCCC3)c(C(F)(F)F)c2)ccc1CO.O=C(O)C1CNC1,C1COCCO1.CCN(CC)CC.O=[Mn]=O.[BH3-]C#N.[Na+],CCc1cc(C(C)=NOCc2ccc(C3CCCCC3)c(C(F)(F)F)c2)ccc1CN1CC(C(=O)O)C1,reduction
CCc1nc2ccccc2n1-c1nc(N2CCOCC2)c2nc(C=O)n(C)c2n1.O=C(C1CCNC1)N1CCCC1,CC(=O)O[BH-](OC(C)=O)OC(C)=O.[Na+],CCc1nc2ccccc2n1-c1nc(N2CCOCC2)c2nc(CN3CCC(C(=O)N4CCCC4)C3)n(C)c2n1,reduction
C=CCc1cccn(-c2ccc(N3CC(CNC(=O)c4ccc(Cl)s4)OC3=O)cc2Cl)c1=O.[O-][I+3]([O-])([O-])[O-],C1CCOC1.CC(C)(C)O.O.[BH4-].[Na+].[Na+],O=C(NCC1CN(c2ccc(-n3cccc(CCO)c3=O)c(Cl)c2)C(=O)O1)c1ccc(Cl)s1,reduction
CCOC(=O)CCc1cc(C(=NO)c2ccc(OCC(C)C)cc2OCC(C)C)ccc1OCC(C)C,CO.Cl.ClCCl.Cl[Ni]Cl.O.O.O.O.O.O.O.O=C([O-])O.[BH4-].[Na+].[Na+],CCOC(=O)CCc1cc(C(N)c2ccc(OCC(C)C)cc2OCC(C)C)ccc1OCC(C)C,reduction
C=Cc1nc(N)nc(-c2ccccc2)c1C#N,CCO.[H][H],CCc1nc(N)nc(-c2ccccc2)c1C#N,reduction
CN1CCN(CC#Cc2cc(Cl)c3c(c2)CN(Cc2ccc(C(F)(F)F)cc2)C3=O)CC1,C.CCO.[H][H].[Pd],CN1CCN(CCCc2cc(Cl)c3c(c2)CN(Cc2ccc(C(F)(F)F)cc2)C3=O)CC1,reduction
COC(=O)c1nc(-c2ccc3c(c2)N(C(=O)OC(C)(C)C)CCC3)ccc1OCc1ccccc1,CC(=O)O.CCO.CCOC(C)=O.[H][H],COC(=O)c1nc(-c2ccc3c(c2)N(C(=O)OC(C)(C)C)CCC3)ccc1O,reduction
CCOc1cc(C=O)ccc1C.N#Cc1ccnc(NC2CCNCC2)c1,CC(=O)O.CCN(CC)CC.CCO.Cl.Cl.[BH3-]C#N.[Na+],CCOc1cc(CN2CCC(Nc3cc(C#N)ccn3)CC2)ccc1C,reduction
CNC(=O)c1ccc2c(N=CC(O)(CC(C)(C)c3cc(F)ccc3OC)C(F)(F)F)cccc2n1,CCO.CCOC(C)=O.[BH4-].[Cl-].[Na+].[Na+],CNC(=O)c1ccc2c(NCC(O)(CC(C)(C)c3cc(F)ccc3OC)C(F)(F)F)cccc2n1,reduction
CCCCN(C#N)C(=O)C(C)Oc1ccc(OCc2ccccc2)cc1,C1COCCO1.[H][H],CCCCN(C#N)C(=O)C(C)Oc1ccc(O)cc1,reduction
CC1(C)OCC(COc2ccc(CCCC(N)C#N)cc2)O1,CO.N.[H][H],CC1(C)OCC(COc2ccc(CCCC(N)CN)cc2)O1,reduction
CC(Cc1ccnc(NC(=O)OC(C)(C)C)c1)Oc1ccc([N+](=O)[O-])c2ccccc12,CO.[H][H],CC(Cc1ccnc(NC(=O)OC(C)(C)C)c1)Oc1ccc(N)c2ccccc12,reduction
Fc1ccc(Br)cc1C(Cl)c1cc2ccccc2s1,CC#N.O.[BH4-].[Na+].[Na+].[OH-],Fc1ccc(Br)cc1Cc1cc2ccccc2s1,reduction
CC(=O)O.CC(=O)Oc1ccccc1C=O.Nc1ccccc1Oc1ccccc1,CO.[BH4-].[Na+],CC(=O)Oc1ccccc1CN(C(C)=O)c1ccccc1Oc1ccccc1,reduction
Cc1cc(NC(=O)Nc2cccc(CN3CCN(C(=O)OCc4ccccc4)C(C)C3)c2F)ccn1,CCN(CC)CC.CO.COC(=O)Cl.[H][H],COC(=O)N1CCN(Cc2cccc(NC(=O)Nc3ccnc(C)c3)c2F)CC1C,reduction
CS(=O)(=O)Nc1ccc(C=O)cc1Sc1ccc(F)cc1F,CO.[BH4-].[Na+],CS(=O)(=O)Nc1ccc(CO)cc1Sc1ccc(F)cc1F,reduction
CS(=O)(=O)c1ccc(Oc2ncnc3c2cnn3C2CCNCC2)cc1.O=Cc1ccccc1O,CC(=O)O[BH-](OC(C)=O)OC(C)=O.CCN(CC)CC.ClCCCl.O.O=C(O)C(F)(F)F.[Na+],CS(=O)(=O)c1ccc(Oc2ncnc3c2cnn3C2CCN(Cc3ccccc3O)CC2)cc1,reduction
[BH3-]C#N.c1ccc2c(c1)cc1n2CCNCC1,C=O.CO.[Na+],CN1CCc2cc3ccccc3n2CC1,reduction
COc1ccc(N(C)c2nc(C)nc3ccc([N+](=O)[O-])cc23)c(F)c1,CC(=O)O.[H][H],COc1ccc(N(C)c2nc(C)nc3ccc(N)cc23)c(F)c1,reduction
CC(C)(C)OC(=O)N(Cc1ccc2c(c1)OCCO2)C1CCNCC1.COc1ccc2c(C)cc(=O)n(CC=O)c2c1,CC(=O)O.CC(=O)O[BH-](OC(C)=O)OC(C)=O.CCOC(C)=O.ClCCl.O.[Na+],COc1ccc2c(C)cc(=O)n(CCN3CCC(N(Cc4ccc5c(c4)OCCO5)C(=O)OC(C)(C)C)CC3)c2c1,reduction
O=Cc1ccccc1-c1ccncc1,[BH4-].[Na+],OCc1ccccc1-c1ccncc1,reduction
COc1ccc(F)cc1C(C)(C)CC(O)(C=Nc1cccc2ccc(C(N)=O)nc12)C(F)(F)F,C1CCOC1.CO.[BH4-].[Na+],COc1ccc(F)cc1C(C)(C)CC(O)(CNc1cccc2ccc(C(N)=O)nc12)C(F)(F)F,reduction
c1ccc(CN2CCC(Nc3nccc(N4CCCCCC4)n3)C2)cc1,CCO.[H][H].[OH-].[OH-].[Pd+2],c1cc(N2CCCCCC2)nc(NC2CCNC2)n1,reduction
CCOC(=O)c1cnc(SCC(=O)c2ccc(C#N)cc2)[nH]1,CO.[BH4-].[Na+],CCOC(=O)c1cnc(SCC(O)c2ccc(C#N)cc2)[nH]1,reduction
COc1c(C=O)cccc1Sc1ccccc1Cl,CO.[BH4-].[Na+],COc1c(CO)cccc1Sc1ccccc1Cl,reduction
CCCCCCCCCCCCCCCCCCOc1cc(OCCCOc2ccccc2)cc(C(=O)OCc2ccccc2)c1,C1CCOC1.CCOC(C)=O.[H][H],CCCCCCCCCCCCCCCCCCOc1cc(OCCCOc2ccccc2)cc(C(=O)O)c1,reduction
COC(=O)C1CC(C(=O)OC)N1Cc1ccccc1,CO.[H][H].[OH-].[OH-].[Pd+2],COC(=O)C1CC(C(=O)OC)N1,reduction
CCOC(=O)C(=O)CCc1ccccc1,CO.Cc1ccccc1.[H][H],CCOC(=O)C(O)CCc1ccccc1,reduction
COC(=O)c1ccc([N+](=O)[O-])c(OC)c1,C.C1CCOC1.CO.[H][H].[Pd],COC(=O)c1ccc(N)c(OC)c1,reduction
COc1cc2nccc(Oc3ccc(C)cc3[N+](=O)[O-])c2cc1OC,CCN(CC)CC.CN(C)C=O.[H][H].[OH-].[OH-].[Pd+2],COc1cc2nccc(Oc3ccc(C)cc3N)c2cc1OC,reduction
CC(C)c1csc(CCc2ccn3c(=O)c(C=CC(=O)O)c(N4CCOCC4)nc3c2)n1,C1CCOC1.CCN(CC)CC.CCOC(=O)Cl.O.[BH4-].[Na+],CC(C)c1csc(CCc2ccn3c(=O)c(C=CCO)c(N4CCOCC4)nc3c2)n1,reduction
CNc1ncc(C=O)cn1.Oc1cc(C2CCNCC2)nc(N2CCCCC2)n1,CC(=O)O.CC(=O)O[BH-](OC(C)=O)OC(C)=O.CCN(CC)CC.Cl.ClCCl.[Na+],CNc1ncc(CN2CCC(c3cc(O)nc(N4CCCCC4)n3)CC2)cn1,reduction
CC(C)(C)OC(=O)N(Cc1cc2c(cn1)OCCO2)CC1CN(CCn2c(=O)cnc3ccc(F)cc32)CCC1=O.[NH4+],CC(=O)O[BH-](OC(C)=O)OC(C)=O.CC(=O)[O-].CO.ClCCl.[BH4-].[Na+],CC(C)(C)OC(=O)N(Cc1cc2c(cn1)OCCO2)CC1CN(CCn2c(=O)cnc3ccc(F)cc32)CCC1N,reduction
CC(C)(C)OC(=O)NC1CCC(c2cccc(F)c2F)Cn2c(CC=O)cnc21.CNC,CC(=O)O.CO.[BH3-]C#N.[Na+],CN(C)CCc1cnc2n1CC(c1cccc(F)c1F)CCC2NC(=O)OC(C)(C)C,reduction
Cc1nc2nc(C(=O)O)cn2c(-c2ccc(Cl)cc2Cl)c1C(=O)OC(C)(C)C,C1CCOC1.CCN(CC)CC.O.[BH4-].[Na+],Cc1nc2nc(CO)cn2c(-c2ccc(Cl)cc2Cl)c1C(=O)OC(C)(C)C,reduction
CC1(C)OCc2cc(C(=O)CNC(CO)c3ccccc3)ccc2O1,CC#N.CO.[BH4-].[Na+],CC1(C)OCc2cc(C(O)CNC(CO)c3ccccc3)ccc2O1,reduction
O=C(OCc1ccccc1)C1CCCN1C(=O)C(Cc1ccccc1)NS(=O)(=O)c1ccccc1,C.CO.Cl.O.O=C([O-])O.[H][H].[Na+].[Pd],O=C(O)C1CCCN1C(=O)C(Cc1ccccc1)NS(=O)(=O)c1ccccc1,reduction
O=C(C1CNCCN1)N1CCN(c2ccc(Cl)c(Cl)c2)CC1.O=Cc1ccccc1,CC(=O)O[BH-](OC(C)=O)OC(C)=O.CCN(C(C)C)C(C)C.Cl.Cl.ClCCl.[Na+],O=C(C1CN(Cc2ccccc2)CCN1)N1CCN(c2ccc(Cl)c(Cl)c2)CC1,reduction
CC(NC1CC2=CNC=C3C=COCC1=C32)c1ccccc1,C1CCOC1.[H][H],NC1CC2=CNC=C3C=COCC1=C32,reduction
CCCC=O.CCN(CC)C(=O)C(C)(C)c1ccc2[nH]c(-c3cc(C)cc(C)c3)c(C(C)CN)c2c1,CO.ClC(Cl)Cl.O=S(=O)([O-])[O-].[BH4-].[Mg+2].[Na+],CCCCNCC(C)c1c(-c2cc(C)cc(C)c2)[nH]c2ccc(C(C)(C)C(=O)N(CC)CC)cc12,reduction
CCOc1cc2c(cc1[N+](=O)[O-])N(C(=O)CN(C)C)CCC2,CO.[H][H],CCOc1cc2c(cc1N)N(C(=O)CN(C)C)CCC2,reduction
CCOCNc1ccc(C(=O)NCc2ccc(Oc3ccccc3)s2)cn1,CCOC(C)=O.CS(C)=O.O.[BH4-].[Na+],CNc1ccc(C(=O)NCc2ccc(Oc3ccccc3)s2)cn1,reduction
NC(=O)c1ccc(C2=CCCCC2)c2c3c([nH]c12)CC(C(=O)NC1CCOCC1)CC3,CO.[H][H],NC(=O)c1ccc(C2CCCCC2)c2c3c([nH]c12)CC(C(=O)NC1CCOCC1)CC3,reduction
CCN(C(=O)C(C)C)C(C(=O)[O-])N(Cl)Cl,C1CCOC1.CCC(N)(C(=O)[O-])N(C=O)C(=O)C(C)C.Cl.[H][H],CCN(C(=O)C(C)C)C(N)C(=O)O.Cl,reduction
CC(=O)Cl.O=C(NC(Cc1ccccc1)C(=O)O)OCc1ccccc1,C1CCOC1.CCCCCC.CO.[BH4-].[Na+],O=C(NC(Cc1ccccc1)C(O)CCl)OCc1ccccc1,reduction
COC(=O)C1CC(SCc2ccc(OC)cc2)CN1.[BH3-]C#N,CC#N.CC(=O)O.[Cl-].[Na+].[Na+].[Na+].[OH-],COC(=O)C1CC(SCc2ccc(OC)cc2)CN1C,reduction
C1COCCN1.N#Cc1cc(Br)ccc1C=O,CC(=O)O.CC(=O)O[BH-](OC(C)=O)OC(C)=O.CC(Cl)Cl.ClCCl.[Na+],N#Cc1cc(Br)ccc1CN1CCOCC1,reduction
O=[N+]([O-])c1ccc2[nH]nc(N3CCOCC3)c2c1,CO.[H][H],Nc1ccc2[nH]nc(N3CCOCC3)c2c1,reduction
CC1CNCC(C)N1.CCc1nc2c(cnn2CC)c(NC2CCOCC2)c1CNC(=O)c1cccc(C(=O)NCc2ccc(C)c(-c3cccc(C=O)c3)c2)c1,CC(=O)O.CC(=O)O[BH-](OC(C)=O)OC(C)=O.ClCCl.[Na+],CCc1nc2c(cnn2CC)c(NC2CCOCC2)c1CNC(=O)c1cccc(C(=O)NCc2ccc(C)c(-c3cccc(CN4CC(C)NC(C)C4)c3)c2)c1,reduction
C=CC(=O)OC.CC(CN(CCCO)C(=O)OC(C)(C)C)NC(=O)OCc1ccccc1.O=C(Cl)C=Cc1cccc(Cl)c1,CCN(CC)CC.CO.ClCCl.[H][H],COC(=O)CCN(C(=O)C=Cc1cccc(Cl)c1)C(C)CN(CCCO)C(=O)OC(C)(C)C,reduction
COC1CCCCC1=O,CC(C)O.[H][H].[K+].[OH-],COC1CCCCC1O,reduction
O=[N+]([O-])c1ccc2c(c1)[nH]c1ccccc12,CCOC(C)=O.[H][H],Nc1ccc2c(c1)[nH]c1ccccc12,reduction
COc1ccc(COCC=CCOCc2ccc(OC)cc2)cc1.[OH-],C1CCOC1.O=C([O-])C(F)(F)F.O=C([O-])C(F)(F)F.[BH4-].[Cl-].[Hg+2].[Na+].[Na+].[Na+],COc1ccc(COCCC(O)COCc2ccc(OC)cc2)cc1,reduction
O=C(NCC1CNCC1O)OCc1ccccc1.O=CCn1c(=O)ccc2ncc(F)cc21,CC(=O)O[BH-](OC(C)=O)OC(C)=O.CO.ClCCl.O=C([O-])[O-].[Na+].[Na+].[Na+],O=C(NCC1CN(CCn2c(=O)ccc3ncc(F)cc32)CC1O)OCc1ccccc1,reduction
CCOC(=O)COc1c(C(=O)OC)sc(-c2cccc(N)c2)c1Br.O=C1CCCCC1,CC(=O)O.CC(=O)O[BH-](OC(C)=O)OC(C)=O.ClCCl.[Na+],CCOC(=O)COc1c(C(=O)OC)sc(-c2cccc(NC3CCCCC3)c2)c1Br,reduction
COC(=O)CCN.Cl.O=Cc1ccc([N+](=O)[O-])cc1,CCN(CC)CC.CO.Cl.[BH4-].[Na+],COC(=O)CCNCc1ccc([N+](=O)[O-])cc1,reduction
COC(=O)c1ccc(CN)cc1.O=Cc1ccccc1,CCO.[BH4-].[Na+],COC(=O)c1ccc(CNCc2ccccc2)cc1,reduction
CC(C)(C)OC(=O)NCC1CCN(c2ccc(N)cc2F)C1.O=C1CCC1,CC(=O)O[BH-](OC(C)=O)OC(C)=O,CC(C)(C)OC(=O)NCC1CCN(c2ccc(NC3CCC3)cc2F)C1,reduction
CNCCc1ccccc1.O=C([O-])C=CC(=O)[O-].O=C1CCN(c2ccc([N+](=O)[O-])cc2)CC1,CC(=O)O.O=C(O)C=CC(=O)O.[BH3-]C#N.[Na+],CN(CCc1ccccc1)C1CCN(c2ccc([N+](=O)[O-])cc2)CC1.O=C(O)C=CC(=O)O,reduction
CC(C)CC(C(=O)O)C(CC=C1CCOCC1)C(=O)OC(C)(C)C,CO.[H][H],CC(C)CC(C(=O)O)C(CCC1CCOCC1)C(=O)OC(C)(C)C,reduction
CCOc1cc(C=O)ccc1C.O=C1NC(=O)C2(CCNCC2)N1,CC(=O)O.CCN(C(C)C)C(C)C.CCO.[BH3-]C#N.[Na+],CCOc1cc(CN2CCC3(CC2)NC(=O)NC3=O)ccc1C,reduction
CC1CC2(NC(=O)OC(C)(C)C)CN(C(=O)OCc3ccccc3)CC12,C.CO.[H][H].[Pd],CC1CC2(NC(=O)OC(C)(C)C)CNCC12,reduction
CCCC(N)C(=O)Nc1cc(-c2ccccc2)n[nH]1.O=CCc1cccc(F)c1F,CC(=O)O.CC(=O)O[BH-](OC(C)=O)OC(C)=O.ClCCl.[Na+],CCCC(NCCc1cccc(F)c1F)C(=O)Nc1cc(-c2ccccc2)n[nH]1,reduction
COc1ccc(C(=O)c2ccccc2)c(O)c1,C1CCOC1.CCO.[BH4-].[Na+],COc1ccc(C(O)c2ccccc2)c(O)c1,reduction
CCOC(=O)C=COC(=O)c1ccc(NCCCCCCCCCCCCCCCCBr)cc1,C1CCOC1.[H][H],CCOC(=O)CCOC(=O)c1ccc(NCCCCCCCCCCCCCCCCBr)cc1,reduction
N#Cc1ccc2c(c1)N(CCN1CCC(N)CC1)C(=O)CO2.O=CC=Cc1cc(F)ccc1F,CO.ClCCl.N#Cc1ccc2c(c1)N(CCN1CCC(N)CC1)C(=O)CO2.O=C(O)C(F)(F)F.[BH3-]C#N.[Na+],N#Cc1ccc2c(c1)N(CCN1CCC(NCC=Cc3cc(F)ccc3F)CC1)C(=O)CO2,reduction
CC1(C)CN(C(=O)OCc2ccccc2)CCC1=O.[BH3-]C#N,CC(=O)[O-].CO.[NH4+].[Na+],CC1(C)CN(C(=O)OCc2ccccc2)CCC1N,reduction
CCC(NC(=O)OCc1ccccc1)C1(c2ccc(OC)cc2)CCC(=O)CC1.[BH3-]C#N,CC(=O)[O-].CO.[NH4+].[Na+],CCC(NC(=O)OCc1ccccc1)C1(c2ccc(OC)cc2)CCC(N)CC1,reduction
O=[N+]([O-])c1cc(OC(F)F)ccc1O,C1COCCO1.O.[H][H],Nc1cc(OC(F)F)ccc1O,reduction
Cc1c(C(=O)Cl)cccc1C(=O)c1ccc(Cl)cc1,Cc1ccccc1C.Cl.O=S(=O)([O-])[O-].S.[Ba+2].[H][H].c1ccc2ncccc2c1,Cc1c(C=O)cccc1C(=O)c1ccc(Cl)cc1,reduction
CCCCC#CCCO,CCCCCC.[H][H],CCCCC=CCCO,reduction
CCOc1ccc(-n2c(C(C)N)nc3cc(F)ccc32)cc1.O=CC1CCSCC1,CC(=O)O[BH-](OC(C)=O)OC(C)=O.CC(Cl)Cl.ClCCl.[Na+],CCOc1ccc(-n2c(C(C)NCC3CCSCC3)nc3cc(F)ccc32)cc1,reduction
O=CNc1nc(C(=O)C(=O)O)cs1,CCOCC.O.O=C([O-])O.[BH4-].[Na+].[Na+],O=CNc1nc(C(O)C(=O)O)cs1,reduction
Cc1cc(OC2CC(COCc3ccccc3)C(OCc3ccccc3)C(OCc3ccccc3)C2OCc2ccccc2)c(C(=O)c2ccc(C3CC3)cc2)s1,CC#N.C[Si](C)(C)Cl.ClCCl.[BH3-]C#N.[Na+],Cc1cc(OC2CC(COCc3ccccc3)C(OCc3ccccc3)C(OCc3ccccc3)C2OCc2ccccc2)c(Cc2ccc(C3CC3)cc2)s1,reduction
O=CCc1ccc(C(F)(F)F)cc1,CCO.[BH4-].[Na+],OCCc1ccc(C(F)(F)F)cc1,reduction
Cc1ccc(S(=O)(=O)O)cc1.O=C1NCC2CC1c1ccccc12,C1CCOC1.CC(C)O.CO.Cl.O.[BH4-].[Na+],c1ccc2c(c1)C1CNCC2C1,reduction
CC(=O)c1cccc(Oc2ccc(Cl)cc2[N+](=O)[O-])c1,CCO.[BH4-].[Na+],CC(O)c1cccc(Oc2ccc(Cl)cc2[N+](=O)[O-])c1,reduction
NC(=O)CC(O)(c1ccc(Br)cc1)c1cccnc1,C1CCOC1.O.[BH4-].[Na+],NCCC(O)(c1ccc(Br)cc1)c1cccnc1,reduction
CC(C)(C)OC(=O)N(Cc1ccc2c(c1)OCCO2)C1CCNCC1.Cc1cc(=O)n(CC=O)c2cc(OC(F)F)ccc12,CC(=O)O.CC(=O)O[BH-](OC(C)=O)OC(C)=O.ClC(Cl)Cl.ClCCl.O.O=C([O-])O.[Na+].[Na+],Cc1cc(=O)n(CCN2CCC(N(Cc3ccc4c(c3)OCCO4)C(=O)OC(C)(C)C)CC2)c2cc(OC(F)F)ccc12,reduction
CC1CN(c2cccc3cc(F)ccc23)CCN1.N#Cc1ccc2c(c1)CCOC2CC=O,CC(=O)O.CO.[BH3-]C#N.[Na+],CC1CN(c2cccc3cc(F)ccc23)CCN1CCC1OCCc2cc(C#N)ccc21,reduction
CNC.COC(=O)C1=Cc2cccc(C=O)c2OCC1,C1CCOC1.CCN(CC)CC.CO.Cl.[BH4-].[Na+],COC(=O)C1=Cc2cccc(CN(C)C)c2OCC1,reduction
CCCCCC(=O)c1ccc(CC(C)C)cc1,CC(C)O.Cl.O.[BH4-].[Na+],CCCCCC(O)c1ccc(CC(C)C)cc1,reduction
CN1CCC(=O)CC1.Nc1ccc2[nH]ncc2c1,CC(C)[O-].CC(C)[O-].CC(C)[O-].CC(C)[O-].CCOC(C)=O.CO.O.[BH4-].[Na+].[Ti+4],CN1CCC(Nc2ccc3[nH]ncc3c2)CC1,reduction
CC(C)(C)OC(=O)N1CCC(NCCc2ccccc2[N+](=O)[O-])CC1,CCO.[H][H],CC(C)(C)OC(=O)N1CCC(NCCc2ccccc2N)CC1,reduction
C1COCCN1.COC(=O)C(NC(=O)c1ccc(C#Cc2ccc(C=O)cc2)cc1)C(C)O,C1CCOC1.CC(=O)O[BH-](OC(C)=O)OC(C)=O.[Na+],COC(=O)C(NC(=O)c1ccc(C#Cc2ccc(CN3CCOCC3)cc2)cc1)C(C)O,reduction
CCOC(=O)COc1cc2nc(N3CCOCC3)nc(N3CCC(n4c(=O)c5cc(C)ccc5n(C)c4=O)CC3)c2cc1OCC,CCO.[BH4-].[Na+],CCOc1cc2c(N3CCC(n4c(=O)c5cc(C)ccc5n(C)c4=O)CC3)nc(N3CCOCC3)nc2cc1OCCO,reduction
CC(=O)N1CCC(c2ccc(OCC(=O)C(C)(C)C)c(C)c2)(c2ccc(OCC(O)CO)c(C)c2)CC1,CO.[BH4-].[Na+],CC(=O)N1CCC(c2ccc(OCC(O)CO)c(C)c2)(c2ccc(OCC(O)C(C)(C)C)c(C)c2)CC1,reduction
CCC(C)c1cc(C=O)c2nc(C)c(C)c(OC(C)=O)c2c1,CO.O.[BH4-].[Na+],CCC(C)c1cc(CO)c2nc(C)c(C)c(OC(C)=O)c2c1,reduction
COCCCc1ccccc1-c1cc(C(F)(F)F)c(C(C#N)Cc2ccc(OCCOc3c(Cl)cc(C)cc3Cl)cc2)cn1,CCO.Cl[Ni]Cl.N.[BH4-].[Na+],COCCCc1ccccc1-c1cc(C(F)(F)F)c(C(CN)Cc2ccc(OCCOc3c(Cl)cc(C)cc3Cl)cc2)cn1,reduction
CC(=O)OCc1c(CC2=CCOC2=O)ccc(C(=O)OC(C)(C)C)c1C,CCOC(C)=O.CO.F[B-](F)(F)F.[H][H],CC(=O)OCc1c(CC2CCOC2=O)ccc(C(=O)OC(C)(C)C)c1C,reduction
CCCS(=O)(=O)c1ccc(C)cc1[N+](=O)[O-],CO.[H][H],CCCS(=O)(=O)c1ccc(C)cc1N,reduction
CC(=O)N1CC(N=[N+]=[N-])CC1CO,CO.[H][H],CC(=O)N1CC(N)CC1CO,reduction
CC(C)(C)OP(=O)(OCCN1CCN(C(=O)OCc2ccccc2)CC1=O)OC(C)(C)C,CO.[H][H],CC(C)(C)OP(=O)(OCCN1CCNCC1=O)OC(C)(C)C,reduction
CCOC(=O)c1ccc(CC(C)=O)cc1,CC(=O)[O-].CO.[BH4-].[NH4+].[Na+],CCOC(=O)c1ccc(CC(C)O)cc1,reduction
CCOC(=O)C(C)(C)CN.O=C1CCCC1,CC(=O)O[BH-](OC(C)=O)OC(C)=O.CC(=O)[O-].ClCCl.[Na+].[Na+],CCOC(=O)C(C)(C)CNC1CCCC1,reduction
CN=Cc1c(C)n(C)c2ccccc12,CCO.[BH4-].[Na+],CNCc1c(C)n(C)c2ccccc12,reduction
CC(=O)O.O=c1cc(OCc2ccccc2)ccn1CCc1ccc2c(c1)CCNC2,C1CCOC1.C=O.CC(=O)O[BH-](OC(C)=O)OC(C)=O.[Na+],CN1CCc2cc(CCn3ccc(OCc4ccccc4)cc3=O)ccc2C1,reduction
Nc1cc(Cl)c(Cl)c(Cl)c1,[H][H],Nc1cc(Cl)cc(Cl)c1,reduction
COC(=O)c1ccc([N+](=O)[O-])o1,CCOC(C)=O.[H][H],COC(=O)c1ccc(N)o1,reduction
COc1c(F)cc(Br)c2nc(C)ccc12,CCO.[H][H],COc1c(F)ccc2nc(C)ccc12,reduction
CC(CC=O)C1CC=C2C3=C(CCC21C)C1(C)CCC(O)C(C)(C)C1CC3.c1ccc(N2CCNCC2)cc1,CC(=O)O[BH-](OC(C)=O)OC(C)=O.[Na+],CC(CCN1CCN(c2ccccc2)CC1)C1CC=C2C3=C(CCC21C)C1(C)CCC(O)C(C)(C)C1CC3,reduction
CCCc1c(O)cc2oc3cc(Cl)cn3c(=O)c2c1O.C[N+](C)=CCl,CO.ClCCl.[BH3-]C#N.[Cl-].[Na+],CCCc1c(O)cc2oc3cc(Cl)c(CN(C)C)n3c(=O)c2c1O,reduction
Cc1cc2c(cc1C(F)(F)F)NCCCC2N(Cc1cc(C(F)(F)F)cc(C(F)(F)F)c1)c1nnn(C)n1.O=C1CCN(Cc2ccccc2)CC1,CC#N.CC(=O)O.CC(=O)O[BH-](OC(C)=O)OC(C)=O.ClCCl.[Na+],Cc1cc2c(cc1C(F)(F)F)N(C1CCN(Cc3ccccc3)CC1)CCCC2N(Cc1cc(C(F)(F)F)cc(C(F)(F)F)c1)c1nnn(C)n1,reduction
O=C(O)c1cccnc1F,C1COCCO1.CN(C)C=O.O=C([O-])O.O=S(Cl)Cl.[BH4-].[Na+].[Na+].c1ccccc1,OCc1cccnc1F,reduction
CC(C)CC(C(=O)NC1CCC2CN(Cc3ccccc3)CC21)N1CCOCC1,CCO.[H][H].[OH-].[OH-].[Pd+2],CC(C)CC(C(=O)NC1CCC2CNCC21)N1CCOCC1,reduction
CC1(C)SC(=O)C2OC=C(Br)C=C21,CCO.O.[BH4-].[Na+],CC1(C)SC(O)C2OC=C(Br)C=C21,reduction
OC(c1ccc2c(c1)SCC(c1ccccc1Cl)N2)(C(F)(F)F)C(F)(F)F,CN(C)C=O.Nc1ccccc1S.O=C(CCl)c1ccccc1Br.[BH3-]C#N.[Na+],Clc1ccccc1C1CSc2ccccc2N1,reduction
CC(=O)OC(C)=O.c1ccc2[nH]ncc2c1,[Br-].[CH3].[H][H].[I-].c1ccc2c(N3CCCCC3)n[nH]c2c1,CC(=O)n1ncc2ccccc21,reduction
Cc1cc(C(C)OCC2(c3ccc(F)cc3)CCN(C(=O)OC(C)(C)C)CC2)c2c(cnn2CC2CC2)c1,CC(=O)O.O=C(O)C(F)(F)F.[BH3-]C#N.[Na+],Cc1cc(C(C)OCC2(c3ccc(F)cc3)CCN(C)CC2)c2c(cnn2CC2CC2)c1,reduction
Cc1cc(F)ccc1[N+](=O)[O-].Cn1c(S)nnc1C(F)(F)C(F)(F)F,CN(C)C=O.O.[H-].[H][H].[Na+],Cc1cc(Sc2nnc(C(F)(F)C(F)(F)F)n2C)ccc1[N+](=O)[O-],reduction
NC(=O)CC(NC(=O)CNC(=O)COc1ccc(C2C(SCC(=O)c3ccc(F)cc3)C(=O)N2c2ccc(F)cc2)cc1)C(=O)O,CC(=O)O.CO.[BH4-].[Na+],NC(=O)CC(NC(=O)CNC(=O)COc1ccc(C2C(SCC(O)c3ccc(F)cc3)C(=O)N2c2ccc(F)cc2)cc1)C(=O)O,reduction
CCC(CC)CCN.COc1cc(C=O)ccc1Oc1cnc(C(N)=O)cn1,CO.[BH4-].[Na+],CCC(CC)CCNCc1ccc(Oc2cnc(C(N)=O)cn2)c(OC)c1,reduction
CC(C)(C)c1nc(Cl)c2ccccc2c1-c1ccccc1,CCO.[H][H].[K+].[OH-],CC(C)(C)c1ncc2ccccc2c1-c1ccccc1.Cl,reduction
CC(C)(C)c1cc(C(=O)c2ccccc2)cc(C(C)(C)C)c1O,CCO.Cl.[BH4-].[Na+],CC(C)(C)c1cc(C(O)c2ccccc2)cc(C(C)(C)C)c1O,reduction
O=[N+]([O-])c1ccc(F)cc1.OCCOc1ccccn1,CN(C)C=O.[H-].[H][H].[Na+],O=[N+]([O-])c1ccc(OCCOc2ccccn2)cc1,reduction
O=C1CCC(C(=O)c2ccc(-c3ccccc3)cc2)N1,C1CCOC1.O=C([O-])[O-].O=S(=O)(O)O.[H][H].[Na+].[Na+],O=C1CCC(Cc2ccc(-c3ccccc3)cc2)N1,reduction
C1CCNC1.O=C(NC1CC(C(=O)Nc2ccc(-n3ccccc3=O)cc2F)CC1=O)c1ccc(Cl)s1,C1CCOC1.CC(=O)O.[BH3-]C#N.[Na+],O=C(NC1CC(C(=O)Nc2ccc(-n3ccccc3=O)cc2F)CC1N1CCCC1)c1ccc(Cl)s1,reduction
CC(C)Oc1c(F)cc(C=O)cc1F,CCO.[BH4-].[Na+],CC(C)Oc1c(F)cc(CO)cc1F,reduction
CCCCC1(CCCC)CN(Cc2ccccc2)CCC1O,CO.[H][H].[OH-].[OH-].[Pd+2],CCCCC1(CCCC)CNCCC1O,reduction
COc1ccccc1N1CCNCC1.O=C1CCC2(CC1)OCCO2,CC(=O)O.CC(=O)O[BH-](OC(C)=O)OC(C)=O.ClCCCl.[Na+],COc1ccccc1N1CCN(C2CCC3(CC2)OCCO3)CC1,reduction
NC(=O)c1ccc(Oc2ccc(C3CCCNC3)cc2)nc1.O=Cc1ccccc1F,Cl.[BH4-].[Na+],NC(=O)c1ccc(Oc2ccc(C3CCCN(Cc4ccccc4F)C3)cc2)nc1,reduction
COC(=O)C(CSCC(=O)c1ccc(OC)c(OC)c1)NC(=O)OC(C)(C)C,CC(=O)O[BH-](OC(C)=O)OC(C)=O.ClCCl.O=C(O)C(F)(F)F.O=C([O-])O.[Na+].[Na+],COC(=O)C1CSCC(c2ccc(OC)c(OC)c2)N1,reduction
CCCCCCCCCN(C)CCCCCC1Cc2cc(O)ccc2C2C(F)CC3(C)C(=O)CCC3C12,CO.[BH4-].[Na+],CCCCCCCCCN(C)CCCCCC1Cc2cc(O)ccc2C2C(F)CC3(C)C(O)CCC3C12,reduction
CC(Cn1ncc2ccc(OCc3ccccc3)cc21)O[Si](C)(C)C(C)(C)C,CO.[H][H],CC(Cn1ncc2ccc(O)cc21)O[Si](C)(C)C(C)(C)C,reduction
CC(=O)OC(C)=O.O=[N+]([O-])c1ccc(O)cc1F,CCOC(C)=O.O=[Pt]=O.[H][H],CC(=O)Nc1ccc(O)cc1F,reduction
CC(=O)O[BH-](OC(C)=O)OC(C)=O.Fc1ccc(CCC2CN(C3=Nc4ccc(F)cc4Nc4sc5ccccc5c43)CCN2)cc1,C=O.CC(Cl)Cl.[Na+],CN1CCN(C2=Nc3ccc(F)cc3Nc3sc4ccccc4c32)CC1CCc1ccc(F)cc1,reduction
CCOC(=O)Cc1ccc(OC)c(Oc2ccc([N+](=O)[O-])cc2C=O)c1,CO.[BH4-].[Na+],CCOC(=O)Cc1ccc(OC)c(Oc2ccc([N+](=O)[O-])cc2CO)c1,reduction
COC(=O)c1ccc2c(c1)CCN2.O=Cc1ccccc1,CC(=O)O[BH-](OC(C)=O)OC(C)=O.ClCCl.O.[Na+].[Na+].[OH-],COC(=O)c1ccc2c(c1)CCN2Cc1ccccc1,reduction
N#CC1(c2ccc([N+](=O)[O-])cc2)CCN(CC(N)=O)CC1,CO.ClCCl.[H][H],N#CC1(c2ccc(N)cc2)CCN(CC(N)=O)CC1,reduction
CCOC(=O)C(=CC1CCOCC1)c1ccc(S(=O)(=O)C2CC2)c(C2CC2)c1,C1CCOC1.CCO.Cl.Cl[Ni]Cl.O.O.O.O.O.O.O.[BH4-].[Na+],CCOC(=O)C(CC1CCOCC1)c1ccc(S(=O)(=O)C2CC2)c(C2CC2)c1,reduction
C1CCNCC1.O=Cc1cccc(O)c1Cl,CCO.[BH4-].[Na+],Oc1cccc(CN2CCCCC2)c1Cl,reduction
C1CNC1.CCNCc1ccc(CC(NC(=O)CC(NS(=O)(=O)c2ccc3ccccc3c2)c2ccccc2)C(=O)N2CCCC2)cc1.Cl,CC(=O)O.CCOC(C)=O.CO.Cl.[BH3-]C#N.[Na+],O=C(CC(NS(=O)(=O)c1ccc2ccccc2c1)c1ccccc1)NC(Cc1ccc(CN2CCC2)cc1)C(=O)N1CCCC1,reduction
C#CCN.CN(CC=O)C(=O)OC(C)(C)C,C1CCOC1.CC(C)[O-].CC(C)[O-].CC(C)[O-].CC(C)[O-].CO.O.[BH4-].[Na+].[Ti+4],C#CCNCCN(C)C(=O)OC(C)(C)C,reduction
Cc1ccc(S(=O)(=O)N2CCCC(CCl)C2)cc1.Sc1ccccc1,CN(C)C=O.[H-].[H][H].[Na+],Cc1ccc(S(=O)(=O)N2CCCC(CSc3ccccc3)C2)cc1,reduction
O=C(NCC1CCCN(CCc2ccc(F)cc2)C1)OCc1ccccc1,CO.[H][H],NCC1CCCN(CCc2ccc(F)cc2)C1,reduction
CCCOc1cc(C=O)ccc1OC,CCO.[BH4-].[Na+],CCCOc1cc(CO)ccc1OC,reduction
C=CCOc1ccc2c3c4c(c(-c5ccccc5Cl)cc3n(C)c2c1)C(=O)NC4=O.O=[O+][O-],CCOC(C)=O.CO.CO.ClCCl.O.[BH4-].[Na+],Cn1c2cc(OCCO)ccc2c2c3c(c(-c4ccccc4Cl)cc21)C(=O)NC3=O,reduction
CC(=O)OC(C)=O.CN1CCC2(C)c3cc(O)cc([N+](=O)[O-])c3N(C)C12,C1CCOC1.[H][H],CC(=O)Nc1cc(O)cc2c1N(C)C1N(C)CCC21C,reduction
COc1ccc(CN2CCNCC2)c(OC)c1OC.Cc1c(C=O)nc(-c2ccc(C(F)(F)F)cc2)n1C,CCO.[BH3-]C#N.[Na+].[Na+].[OH-],COc1ccc(CN2CCN(Cc3nc(-c4ccc(C(F)(F)F)cc4)n(C)c3C)CC2)c(OC)c1OC,reduction
CCOC(=O)c1cn(C2CCCNC2)c2ccc(I)cc2c1=O.[BH3-]C#N,C=O.CO.Cl.O.[Na+],CCOC(=O)c1cn(C2CCCN(C)C2)c2ccc(I)cc2c1=O,reduction
COCCN.O=Cc1ccc(Br)nc1,CC(=O)O.CC(=O)O[BH-](OC(C)=O)OC(C)=O.ClCCl.[Na+],COCCNCc1ccc(Br)nc1,reduction
COc1ccc2ccc(=O)n(CCN3CCC(N)CC3)c2c1.O=Cc1cc2c(cn1)OCCO2,CC(=O)O.CC(=O)O[BH-](OC(C)=O)OC(C)=O.CCO.Cl.ClC(Cl)Cl.ClCCl.O=C([O-])O.[Na+].[Na+],COc1ccc2ccc(=O)n(CCN3CCC(NCc4cc5c(cn4)OCCO5)CC3)c2c1,reduction
CC12CCC(=O)NC1=CC(=O)C1C2CCC2(C)C(OC3CC3)CCC12,C1CCOC1.CCO.CCOC(C)=O.[BH4-].[Na+],CC12CCC(=O)NC1=CC(O)C1C2CCC2(C)C(OC3CC3)CCC12,reduction
CCOC(=O)C(Cc1ccc(C(F)(F)F)cc1)C(=O)c1ccc(F)cc1F,CCOCC.Cl.[BH4-].[Cl-].[Cl-].[Na+].[Zn+2],CCOC(=O)C(Cc1ccc(C(F)(F)F)cc1)C(O)c1ccc(F)cc1F,reduction
CC1Cc2cc(Cl)ccc2N1.O=Cc1ncc[nH]1,CO.[BH3-]C#N.[Cl-].[Cl-].[Na+].[Zn+2],CC1Cc2cc(Cl)ccc2N1Cc1ncc[nH]1,reduction
C#CCOc1cc(C=O)cc(Cl)c1OCC#C,CCO.Cl.[BH4-].[Na+],C#CCOc1cc(CO)cc(Cl)c1OCC#C,reduction
CC(C)Cc1ccc(C=O)cc1.COC(=O)CCc1cccc(CN)c1,CC(=O)O[BH-](OC(C)=O)OC(C)=O.CCN(CC)CC.Cl.ClCCl.O=C([O-])O.[Na+].[Na+],COC(=O)CCc1cccc(CNCc2ccc(CC(C)C)cc2)c1,reduction
N#Cc1ccc(C2CCc3cncn32)c([N+](=O)[O-])c1,C1CCOC1.CCO.[H][H],N#Cc1ccc(C2CCc3cncn32)c(N)c1,reduction
C=CCN.O=CC1CCCC1,CO.Cl.O.[BH3-]C#N.[Na+],C=CCNCC1CCCC1,reduction
COCCOP(=O)(Cc1ccc([N+](=O)[O-])cc1)OCCOC,CCO.[H][H],COCCOP(=O)(Cc1ccc(N)cc1)OCCOC,reduction
CC(C)(C)OC(=O)N1CCN(c2ncccc2N)CC1.CC(C)=O,CC(=O)O.CO.ClC(Cl)Cl.[BH3-]C#N.[Na+],CC(C)Nc1cccnc1N1CCN(C(=O)OC(C)(C)C)CC1,reduction
CN1CCC(Oc2ccc([N+](=O)[O-])cc2)(c2ccccc2)CC1,CO.[H][H],CN1CCC(Oc2ccc(N)cc2)(c2ccccc2)CC1,reduction
CNC.O=CC1CC1c1csc2ccccc12,C1CCOC1.CC(=O)O[BH-](OC(C)=O)OC(C)=O.CCO.Cl.O=C([O-])O.[Na+].[Na+],CN(C)CC1CC1c1csc2ccccc12,reduction
CNC1CCN(C(=O)OC(C)(C)C)CC1.O=C1COC1,CC(=O)O[BH-](OC(C)=O)OC(C)=O.[Na+],CN(C1CCN(C(=O)OC(C)(C)C)CC1)C1COC1,reduction
COc1ccc(Oc2ccccc2Cl)cc1C=O,CO.[BH4-].[Na+],COc1ccc(Oc2ccccc2Cl)cc1CO,reduction
COc1ccc(C(=O)CN2CCN(C(c3ccccc3)c3ccccc3)CC2)c(OC)c1OC,CCO.ClC(Cl)Cl.O.[BH4-].[Cl-].[NH4+].[Na+],COc1ccc(C(O)CN2CCN(C(c3ccccc3)c3ccccc3)CC2)c(OC)c1OC,reduction
Nc1cc(F)c(F)c(F)c1.O=C1CCOCC1,O=C(O)c1ccccc1.[BH4-].[Na+].[Na],Fc1cc(NC2CCOCC2)cc(F)c1F,reduction
CCOC(=O)CCCCCCN1C(=O)CCC1C=CC(=O)c1cccc(C(OC)(OC)c2ccccc2)c1,CCO.[BH4-].[Na+],CCOC(=O)CCCCCCN1C(=O)CCC1C=CC(O)c1cccc(C(OC)(OC)c2ccccc2)c1,reduction
O=Cc1ccc(O)cc1,CO.O=Cc1ccccc1.[H][H],OCc1ccc(O)cc1,reduction
CCN(CC)CCCN(C)C(=O)Nc1cc(Oc2ccc([N+](=O)[O-])cc2F)ncn1,C.C1CCOC1.[H][H].[Pd],CCN(CC)CCCN(C)C(=O)Nc1cc(Oc2ccc(N)cc2F)ncn1,reduction
O=C(c1ccc(-n2cncn2)cc1)N1CCC(NCc2ccccc2)CC1.[BH3-]C#N,C=O.CC(=O)O.CO.[Na+],CN(Cc1ccccc1)C1CCN(C(=O)c2ccc(-n3cncn3)cc2)CC1,reduction
CNC(=S)C1=C(O)C(COC)(COC)Oc2ccc([N+](=O)[O-])cc21,C1CCOC1.CO.[BH4-].[Na+],CNC(=S)C1c2cc([N+](=O)[O-])ccc2OC(COC)(COC)C1O,reduction
CC(C)COP(C)(=O)CCC#N,CCO.N.[H][H],CC(C)COP(C)(=O)CCCN,reduction
CCCCc1ccc(C#Cc2ccc(CNc3ccc4c(c3)C(=O)OC(C)(C)O4)cc2)cc1.O=CCCc1ccccc1,CC(=O)O[BH-](OC(C)=O)OC(C)=O.[Na+],CCCCc1ccc(C#Cc2ccc(CN(CCCc3ccccc3)c3ccc4c(c3)C(=O)OC(C)(C)O4)cc2)cc1,reduction
C1CC2(CCN1)OCCO2.O=Cc1ccc(OCCCN2CCCCC2)cc1,CC(=O)O.CC(=O)O[BH-](OC(C)=O)OC(C)=O.[Na+].[Na+].[OH-],c1cc(OCCCN2CCCCC2)ccc1CN1CCC2(CC1)OCCO2,reduction
CCc1cc(-c2cccnc2)nn1-c1ccc(N)cc1.O=Cc1c(F)cccc1Cl,CC(=O)O.CO.[BH3-]C#N.[Na+],CCc1cc(-c2cccnc2)nn1-c1ccc(NCc2c(F)cccc2Cl)cc1,reduction
O=C1CCCCC(=O)c2ccccc2N1,CCO.[BH4-].[Na+],O=C1CCCCC(O)c2ccccc2N1,reduction
O=C(O)CC1CCn2c1c(Sc1ccc(Cl)cc1)c1c(C(=O)C(F)(F)F)cc(F)cc12,CO.Cl.[BH4-].[Na+],O=C(O)CC1CCn2c1c(Sc1ccc(Cl)cc1)c1c(C(O)C(F)(F)F)cc(F)cc12,reduction
CCCNC1CCc2ccc(Br)cc2C1.CS(=O)(=O)N1CCC(C=O)CC1,CC(=O)O[BH-](OC(C)=O)OC(C)=O.CC(Cl)Cl.[Na+],CCCN(CC1CCN(S(C)(=O)=O)CC1)C1CCc2ccc(Br)cc2C1,reduction
CC(C)c1onc(-c2c(Cl)cccc2Cl)c1COc1ccc(C=O)c(Cl)c1,CC(=O)[O-].CO.[BH4-].[Na+],CC(C)c1onc(-c2c(Cl)cccc2Cl)c1COc1ccc(CO)c(Cl)c1,reduction
COC(=O)C(C)Oc1cccc(C=O)c1,CO.C[O-].Cl.[BH4-].[Na+].[Na+],COC(=O)C(C)Oc1cccc(CO)c1,reduction
COC(=O)c1cc(C=O)cc(C)c1N(Cc1ccccc1)S(=O)(=O)c1ccc(OC)cc1,C1CCOC1.CO.[BH4-].[Na+],COC(=O)c1cc(CO)cc(C)c1N(Cc1ccccc1)S(=O)(=O)c1ccc(OC)cc1,reduction
O=C1Cc2cc([N+](=O)[O-])ccc2N1,CCOC(C)=O.CO.[H][H],Nc1ccc2c(c1)CC(=O)N2,reduction
C1COCCN1.O=Cc1cnc(NC(=O)N(C2CCCCC2)C2CCCCC2)s1,CC(=O)O.CC(=O)O[BH-](OC(C)=O)OC(C)=O.[Na+],O=C(Nc1ncc(CN2CCOCC2)s1)N(C1CCCCC1)C1CCCCC1,reduction
COc1ccc(C(=O)c2ccc(C#N)cc2)cc1,CCO.[BH4-].[Cl-].[NH4+].[Na+],COc1ccc(C(O)c2ccc(C#N)cc2)cc1,reduction
CCC1(C)Cc2cc(Cl)c(C(=O)C(=O)OC)cc2C1,CO.O=S(=O)(O)O.O=[Pt]=O.[H][H],CCC1(C)Cc2cc(Cl)c(CC(=O)OC)cc2C1,reduction
OCC1=CC2(CCCCC2)CC1,C.C1CCOC1.[H][H].[Pd],OCC1CCC2(CCCCC2)C1,reduction
CNC.O=Cc1cc2cc([N+](=O)[O-])cnc2n1S(=O)(=O)c1ccccc1,CC(=O)O[BH-](OC(C)=O)OC(C)=O.CC(=O)[O-].COC(OC)OC.Cl.ClCCCl.ClCCl.O=C([O-])O.[Na+].[Na+].[Na+],CN(C)Cc1cc2cc([N+](=O)[O-])cnc2n1S(=O)(=O)c1ccccc1,reduction
CC(C)(C)OC(=O)NC1CSCC(Cc2ccc([N+](=O)[O-])c(F)c2)C1=O,C1CCOC1.CCO.O=S(=O)([O-])O.[BH4-].[BH4-].[Ca+2].[K+],CC(C)(C)OC(=O)NC1CSCC(Cc2ccc([N+](=O)[O-])c(F)c2)C1O,reduction
COC(=O)C(CCN(C)C)NC(=O)c1cc2c(cnn2CC(C)C)cc1Oc1ccc(F)cc1F,C1CCOC1.CCO.[BH4-].[Na+],CC(C)Cn1ncc2cc(Oc3ccc(F)cc3F)c(C(=O)NC(CO)CCN(C)C)cc21,reduction
CC(C)N.CCC(=O)CCC1(C(N)=O)c2ccccc2-c2ccccc21,CO.[H][H],CCC(CCC1(C(N)=O)c2ccccc2-c2ccccc21)NC(C)C,reduction
CC(C)(C)OC(=O)N1CCC(=O)CC1.FC1(F)CCNC1,C1CCOC1.CCO.Cl.[BH3-]C#N.[Na+],CC(C)(C)OC(=O)N1CCC(N2CCC(F)(F)C2)CC1,reduction
CCOC(=O)C(Cc1cnccn1)NC(C)=O,CCO.O.[BH4-].[Na+],CC(=O)NC(CO)Cc1cnccn1,reduction
CN.Cc1c(C=O)sc2ccc(F)cc12,CO.[BH4-].[Na+],CNCc1sc2ccc(F)cc2c1C,reduction
CC(=O)N1C(Cc2cc(F)cc(F)c2)C(C2CC(OCc3ccccc3)CN2C(=O)OC(C)(C)C)OC1(C)C,CO.[H][H],CC(=O)N1C(Cc2cc(F)cc(F)c2)C(C2CC(O)CN2C(=O)OC(C)(C)C)OC1(C)C,reduction
O=Cc1cncc(Br)c1,CCO.[BH4-].[Na+],OCc1cncc(Br)c1,reduction
CC1CCCC(=O)N1O.CC1CCCC1=O,CC1CCCC(=O)N1.CCO.[H][H].[Na+].[OH-],CC(N)CCCC(=O)O,reduction
C#Cc1ccc(-c2ccccc2F)cc1,O=S(=O)(O)O.[H][H].c1ccccc1,CCc1ccc(-c2ccccc2F)cc1,reduction
CC(C)=O.Cc1cc(C)c2nc(C)n(Cc3ccc(NCC4CCNCC4)cc3)c2n1,CC(=O)O[BH-](OC(C)=O)OC(C)=O.ClCCCl.[Na+].[Na+].[OH-],Cc1cc(C)c2nc(C)n(Cc3ccc(NCC4CCN(C(C)C)CC4)cc3)c2n1,reduction
CCOC(=O)C=Cc1cnc(NC(=O)c2cc(Oc3ccccc3)cc(OC(C)C)c2)s1,CO.[H][H],CCOC(=O)CCc1cnc(NC(=O)c2cc(Oc3ccccc3)cc(OC(C)C)c2)s1,reduction
c1ccc(CN2CCN(C3(c4ccccc4)CCCCC3)CC2)cc1,CO.[H][H].[Pd],c1ccc(C2(N3CCNCC3)CCCCC2)cc1,reduction
COc1cccc(C=O)n1,C1CCOC1.[BH4-].[Na+],COc1cccc(CO)n1,reduction
O=C(c1ccc(OCC2CCCN2)cc1)c1ccc(-c2ccsc2)cc1,CCO.Cl.[BH4-].[Na+],OC(c1ccc(OCC2CCCN2)cc1)c1ccc(-c2ccsc2)cc1,reduction
COc1ccccc1OCCN.O=Cc1cccnc1,CO.[BH4-].[Na+],COc1ccccc1OCCNCc1cccnc1,reduction
Cc1c(C(=O)C2CCCCC2)oc2cccc(F)c12,C1CCOC1.CO.[BH4-].[Na+],Cc1c(C(O)C2CCCCC2)oc2cccc(F)c12,reduction
CCN(CC)C(=O)NC1CC2c3c([N+](=O)[O-])ccc4c3C(CN4)CC2N(C)C1,CO.Cl.Cl[Ni]Cl.N.[BH4-].[Na+],CCN(CC)C(=O)NC1CC2c3c(N)ccc4c3C(CN4)CC2N(C)C1,reduction
COc1ccc(CN2CC3CC4CC4(NC(=O)OC(C)(C)C)C3C2)cc1,CO.[H][H],CC(C)(C)OC(=O)NC12CC1CC1CNCC12,reduction
CCCN(CCC)CCCCC(N)Cc1ccc(CN=Cc2ncc[nH]2)cc1,CO.[BH4-].[Na+],CCCN(CCC)CCCCC(N)Cc1ccc(CNCc2ncc[nH]2)cc1,reduction
O=C(O)CSCC(NCc1ccccc1[N+](=O)[O-])C(=O)O,[H][H],Nc1ccccc1CNC(CSCC(=O)O)C(=O)O,reduction
CC(=O)OC1CCc2c1cccc2[N+](=O)[O-],CCO.O=[Pt].[H][H],CC(=O)OC1CCc2c(N)cccc21,reduction
CCOC(=O)c1cc(C(C)O[Si](C)(C)C(C)(C)C)on1,CCO.O.[BH4-].[Na+],CC(O[Si](C)(C)C(C)(C)C)c1cc(CO)no1,reduction
CN(C)C1(c2ccccc2)CCC(=O)CC1.NC1Cc2cccc3cccc1c23,CC(=O)O.CC(=O)O[BH-](OC(C)=O)OC(C)=O.ClCCCl.[Na+],CN(C)C1(c2ccccc2)CCC(NC2Cc3cccc4cccc2c34)CC1,reduction
COC(=O)C1CC(=O)N(Cc2ccccc2)C1c1cccc(OC)c1,CO.O.[BH4-].[Na+],COc1cccc(C2C(CO)CC(=O)N2Cc2ccccc2)c1,reduction
O=C(O)C(F)(F)F.O=C(O)C1CC(c2ccc(-c3nc4ccc(C5(c6ccccc6)CC5)nc4s3)c(F)c2)CN1.[BH3-]C#N,[Na+],CN1CC(c2ccc(-c3nc4ccc(C5(c6ccccc6)CC5)nc4s3)c(F)c2)CC1C(=O)O,reduction
COC(=O)C(Cc1ccccc1)NC(=O)C(Cc1ccccc1)NC(=O)CNC(=O)OCc1ccccc1,CC(=O)O.[H][H],COC(=O)C(Cc1ccccc1)NC(=O)C(Cc1ccccc1)NC(=O)CN,reduction
CC(C)(C)OC(=O)NC1(C=O)CCOCC1.Nc1ccc(Br)cc1,CC(=O)O.CCOC(C)=O.[BH3-]C#N.[Na+],CC(C)(C)OC(=O)NC1(CNc2ccc(Br)cc2)CCOCC1,reduction
BrCc1ccccc1.OCCCc1cc2c(cc1O)CCO2,C1CCOC1.CCCCCC.[H-].[H][H].[Na+],OCCCc1cc2c(cc1OCc1ccccc1)CCO2,reduction
N#CCC(=O)c1cn2c3c(cccc13)CCC2,CN(C)C=O.[BH4-].[Na+],N#CC=Cc1cn2c3c(cccc13)CCC2,reduction
Cc1cc(C(=O)O)cc(Cl)n1,CCN(CC)CC.CCO.[H][H].[Pd],Cc1cc(C(=O)O)ccn1,reduction
O=C1CN(C2CNC2)CCN1.O=Cc1nc2c(N3CCOCC3)nc(Cl)nc2n1C1CCCCO1,CC(=O)O[BH-](OC(C)=O)OC(C)=O.CN(C)C=O.[Na+],O=C1CN(C2CN(Cc3nc4c(N5CCOCC5)nc(Cl)nc4n3C3CCCCO3)C2)CCN1,reduction
CO.Cc1ccc(C(=O)NC2CC2)cc1-n1ncc(C(=O)c2cccc(OCc3ccccc3)c2)c1N,[H][H],Cc1ccc(C(=O)NC2CC2)cc1-n1ncc(C(=O)c2cccc(CO)c2)c1N,reduction
CC1=CCC(CC(C)C(C)C=O)C1(C)C,CCO.Cl.[BH4-].[Na+],CC1=CCC(CC(C)C(C)CO)C1(C)C,reduction
CC(O[Si](C)(C)C(C)(C)C)c1ncc(C=O)o1,CO.N#N.O.[BH4-].[Na+],CC(O[Si](C)(C)C(C)(C)C)c1ncc(CO)o1,reduction
CC(=O)O[BH-](OC(C)=O)OC(C)=O.CCNc1ncc2c(n1)N1CCCC1CN(c1cncc(N3CCNCC3)c1)C2=O,ClCCCl.O=C([O-])O.[Na+].[Na+],CCNc1ncc2c(n1)N1CCCC1CN(c1cncc(N3CCN(C)CC3)c1)C2=O,reduction
CCOC(CN(C)C)OCC.Nc1cc(-c2noc(-c3sccc3Cl)n2)ccc1Cl,CC(=O)O.O.[BH3-]C#N.[Na+],CCNc1cc(-c2noc(-c3sccc3Cl)n2)ccc1Cl,reduction
CC(N=C1CCC2(CCN(C(=O)OC(C)(C)C)CC2)c2ccccc21)c1ccccc1,CO.O=C([O-])O.[BH4-].[Na+].[Na+],CC(NC1CCC2(CCN(C(=O)OC(C)(C)C)CC2)c2ccccc21)c1ccccc1,reduction
COc1ccc2c(c1)CCN=C2c1ccc(OCc2ccccc2)cc1,CO.[BH4-].[Na+],COc1ccc2c(c1)CCNC2c1ccc(OCc2ccccc2)cc1,reduction
COc1ccc2c(c1)C(CC=O)CC(=O)N2C.[BH3-]C#N,CN.CO.Cl.[Na+],CNCCC1CC(=O)N(C)c2ccc(OC)cc21,reduction
CC(O)CCCCn1c(=O)c2c(ncn2Cc2ccccc2)n(C)c1=O,CC(=O)O.CO.[H][H],CC(O)CCCCn1c(=O)c2[nH]cnc2n(C)c1=O,reduction
CCOC(=O)Cn1c(C)cc(C#Cc2ccccc2)cc1=O,CCO.[H][H],CCOC(=O)Cn1c(C)cc(C=Cc2ccccc2)cc1=O,reduction
Cc1nc(Cl)c([N+](=O)[O-])c(NCCO)c1C.Oc1ccccc1,CCCCCC.CCOC(C)=O.COCCOCCOC.[H-].[H][H].[Na+],Cc1nc(Oc2ccccc2)c([N+](=O)[O-])c(NCCO)c1C,reduction
CS(=O)(=O)Nc1ccc2c(c1)OCCNCCO2.O=CC1CC1,[BH3-]C#N.[Na+],CS(=O)(=O)Nc1ccc2c(c1)OCCN(CC1CC1)CCO2,reduction
O=C(CCl)c1ccc(Br)c(Cl)c1,CCO.COC(C)(C)C.C[O-].[BH4-].[Na+].[Na+],Clc1cc(C2CO2)ccc1Br,reduction
O=CC1=C(c2ccc3sccc3c2)N2CCN=C2S1,CO.O.[BH4-].[Na+],OCC1=C(c2ccc3sccc3c2)N2CCN=C2S1,reduction
O=C(Cc1ccncc1[N+](=O)[O-])OCc1ccccc1,[H][H],Nc1cnccc1CC(=O)OCc1ccccc1,reduction
CC(C)(C)OC(=O)NC(COCc1ccccc1)C(=O)ON1C(=O)CCC1=O,O.[BH4-].[Na+],CC(C)(C)OC(=O)NC(CO)COCc1ccccc1,reduction
CCCCc1cc(OCc2ccccc2)ccc1OCCc1nc(-c2ccc(-c3ccccc3)cc2)oc1C,CCO.[H][H],CCCCc1cc(O)ccc1OCCc1nc(-c2ccc(-c3ccccc3)cc2)oc1C,reduction
COC(=O)C1C(C(=O)O)N(Cc2ccccc2)C(=O)N1Cc1ccccc1,CC(C)O.Cl.[BH4-].[Na+],O=C1OCC2C1N(Cc1ccccc1)C(=O)N2Cc1ccccc1,reduction
CC(C)(C)OC(=O)N1CCC(Nc2nc3ccccc3n2CC(=O)c2ccccc2)CC1,C1CCOC1.CO.O.[BH4-].[Na+],CC(C)(C)OC(=O)N1CCC(Nc2nc3ccccc3n2CC(O)c2ccccc2)CC1,reduction
Cc1cnc(NC(=O)c2cc(OCc3ccccc3)cc(OC3CCOC3)c2)cn1,C1CCOC1.CCO.[H][H],Cc1cnc(NC(=O)c2cc(O)cc(OC3CCOC3)c2)cn1,reduction
CN(C)CCN1CCCc2cc([N+](=O)[O-])cc(F)c21,CCO.[H][H],CN(C)CCN1CCCc2cc(N)cc(F)c21,reduction
COC(=O)c1cc(Br)cc(C(F)(F)F)c1,O.[BH4-].[Cl-].[Li+].[NH4+],OCc1cc(Br)cc(C(F)(F)F)c1,reduction
CC(C)(C)OC(=O)NCCN.COc1ccccc1N1CCC(=O)CC1,CC(=O)O.CO.[BH3-]C#N.[Na+],COc1ccccc1N1CCC(NCCNC(=O)OC(C)(C)C)CC1,reduction
CC1=Nc2ccccc2N2CCc3cc(Cl)cc1c32,CCO.Cl.O.[BH4-].[Na+],CC1Nc2ccccc2N2CCc3cc(Cl)cc1c32,reduction
Cc1nc2c3c(ccn2c1C)C(=O)C(C)(O)C(c1ccccc1)N3,CO.[BH4-].[Na+],Cc1nc2c3c(ccn2c1C)C(O)C(C)(O)C(c1ccccc1)N3,reduction
CCC(C)(C)c1ccc(C=C(C)C=O)cc1,CO.Cl.[BH4-].[Na+],CCC(C)(C)c1ccc(C=C(C)CO)cc1,reduction
O=[N+]([O-])c1cnccc1Nc1ccccc1,C.CCO.ClCCl.[H][H].[Pd],Nc1cnccc1Nc1ccccc1,reduction
CCOC(=O)C(Cc1cccc(OC(F)(F)C(F)F)c1)C(=O)c1cccc(Cl)c1,CCOCC.Cl.O.[BH4-].[Cl-].[Cl-].[Na+].[Zn+2],CCOC(=O)C(Cc1cccc(OC(F)(F)C(F)F)c1)C(O)c1cccc(Cl)c1,reduction
Cc1cc(C(C)(C)C)cc(C)c1[N+](=O)[O-],[H][H],Cc1cc(C(C)(C)C)cc(C)c1N,reduction
CCOC(=O)c1ccnc(Cl)c1,CCO.ClCCl.[BH4-].[Na+],OCc1ccnc(Cl)c1,reduction
CC(C1OCC(C)(C)CO1)C1CCC2C3C=CC4=CC(=O)C5OC5C4(C)C3CCC12C,CCO.Cl.O.[BH4-].[Na+],CC(C1OCC(C)(C)CO1)C1CCC2C3C=CC4=CC(O)C5OC5C4(C)C3CCC12C,reduction
CC(C)(C)[Si](C)(C)OCC1CC(=O)C1CO[Si](C)(C)C(C)(C)C,C1CCOC1.CCC(C)[BH-](C(C)CC)C(C)CC.[K+],CC(C)(C)[Si](C)(C)OCC1CC(O)C1CO[Si](C)(C)C(C)(C)C,reduction
O=C(Cl)c1ccc(I)cc1,C1COCCO1.O.[BH4-].[Na+],OCc1ccc(I)cc1,reduction
Cc1cc(Nc2nccc(C(F)(F)F)n2)cc(-c2cnc(C(O)(O)C(F)(F)F)s2)c1,CCOC(C)=O.CO.O=C([O-])O.[BH4-].[Na+].[Na+],Cc1cc(Nc2nccc(C(F)(F)F)n2)cc(-c2cnc(C(O)C(F)(F)F)s2)c1,reduction
CCCCCCCCCCCCCCCC(=O)CC(=O)OC,CO.ClCCl.[H][H],CCCCCCCCCCCCCCCC(O)CC(=O)OC,reduction
CC(=O)NC1CCc2ccccc2C1=O,CC(=O)O.CCO.[BH4-].[Na+],CC(=O)NC1CCc2ccccc2C1O,reduction
COc1ccc(C=O)cc1OC1CCCC1.Nc1ccc(Br)cc1,CC(=O)O.CC(=O)O[BH-](OC(C)=O)OC(C)=O.[Na+],COc1ccc(CNc2ccc(Br)cc2)cc1OC1CCCC1,reduction
CN1CCCNCC1.Cc1c(F)cc(C(=O)NC2CC2)cc1-c1ccc2c(=O)n(CC(C)(C)CO)cc(C=O)c2c1,CC(=O)O[BH-](OC(C)=O)OC(C)=O.CC(C)[O-].CC(C)[O-].CC(C)[O-].CC(C)[O-].O=C(O)C(F)(F)F.[Na+].[Ti+4],Cc1c(F)cc(C(=O)NC2CC2)cc1-c1ccc2c(=O)n(CC(C)(C)CO)cc(CN3CCCN(C)CC3)c2c1,reduction
CCOCC1CN(C(=O)c2cc(OC)c(OC)c(OC)c2)CCN1Cc1ccccc1.Cl,C.CO.[H][H].[Pd],CCOCC1CN(C(=O)c2cc(OC)c(OC)c(OC)c2)CCN1,reduction
O=C(Cl)c1ccccc1.O=C1C=C(O)CC(CCc2ccccc2)(c2ccccc2)O1,CC#N.CC(=O)O.CC(C)(O)C#N.CCN(CC)CC.ClCCl.[BH3-]C#N.[Na+],O=C1OC(CCc2ccccc2)(c2ccccc2)CC(O)=C1Cc1ccccc1,reduction
CCS(=O)(=O)N1CCC(c2c[nH]c3c(C(N)=O)cc(-c4cc(C=O)c5c(c4)OCC5)cc23)CC1.CNC,CO.[BH3-]C#N.[Cl-].[Cl-].[Na+].[Zn+2],CCS(=O)(=O)N1CCC(c2c[nH]c3c(C(N)=O)cc(-c4cc(CN(C)C)c5c(c4)OCC5)cc23)CC1,reduction
O=C(O)CCC1CCCC1,C1CCOC1.CSC.[BH4-].[Na+],OCCCC1CCCC1,reduction
CC(C)(C)OC(=O)N1CC(C(I)c2ccc(Cl)cc2)C1,CS(C)=O.[BH4-].[Na+],CC(C)(C)OC(=O)N1CC(Cc2ccc(Cl)cc2)C1,reduction
CN(CC=O)C(=O)OC(C)(C)C.COc1ccccc1-c1nc2cccc(C3CCNCC3)c2[nH]1,CC(=O)O.CC(=O)O[BH-](OC(C)=O)OC(C)=O.CO.ClCCl.[Na+],COc1ccccc1-c1nc2cccc(C3CCN(CCN(C)C(=O)OC(C)(C)C)CC3)c2[nH]1,reduction
COC(=O)CCCCC1CC2C(CC(OC(C)=O)C2C=CC(=O)CCC=C(C)C)O1,C1CCOC1.CO.[BH4-].[Na+],COC(=O)CCCCC1CC2C(CC(OC(C)=O)C2C=CC(O)CCC=C(C)C)O1,reduction
CC(C)(C)OC(=O)NC(C=O)Cc1ccccc1.O=C(c1ccc(F)cc1)C1CCNCC1,CC(=O)O[BH-](OC(C)=O)OC(C)=O.[Na+],CC(C)(C)OC(=O)NC(Cc1ccccc1)CN1CCC(C(=O)c2ccc(F)cc2)CC1,reduction
NCC1CCN(CC2COc3ccccc3O2)CC1.O=Cc1ccc(F)cc1,Br.Br.CO.O=[Ca].[H][H].c1ccsc1,Fc1ccc(CNCC2CCN(CC3COc4ccccc4O3)CC2)cc1,reduction
O=C1CC(n2cc(I)cn2)C1,CCO.[BH4-].[Na+],OC1CC(n2cc(I)cn2)C1,reduction
Cc1cc(C)nc(OC(C(=O)O)C(OCCNC(=O)OCc2ccccc2)(c2ccccc2)c2ccccc2)n1,CO.[H][H],Cc1cc(C)nc(OC(C(=O)O)C(OCCN)(c2ccccc2)c2ccccc2)n1,reduction
Nc1cccc(Br)c1.O=Cc1cccnc1,CO.[BH4-].[Na+],Brc1cccc(NCc2cccnc2)c1,reduction
CCOc1ccc2ccccc2c1Cc1c(CC)nn(-c2c(C)cc(C=O)cc2C)c1CC,CO.[BH4-].[Na+],CCOc1ccc2ccccc2c1Cc1c(CC)nn(-c2c(C)cc(CO)cc2C)c1CC,reduction
CSc1ccc(-c2cc(C=O)ccc2-c2cccc(-c3cc(C(C)(C)S(C)(=O)=O)cc4cccnc34)c2)cc1,C1CCOC1.CCO.[BH4-].[Na+],CSc1ccc(-c2cc(CO)ccc2-c2cccc(-c3cc(C(C)(C)S(C)(=O)=O)cc4cccnc34)c2)cc1,reduction
CCOC(=O)C1Nc2ccccc2C2C1CCN2C(=O)OC(C)(C)C,C1CCOC1.C1CCOC1.CCO.CCOC(C)=O.O=C([O-])O.[BH4-].[Ca+2].[Cl-].[Cl-].[Na+].[Na+],CC(C)(C)OC(=O)N1CCC2C(CO)Nc3ccccc3C21,reduction
O=C(NCc1ccc([N+](=O)[O-])cc1)c1cccnc1Oc1ccc(F)cc1,CCOC(C)=O.[H][H],Nc1ccc(CNC(=O)c2cccnc2Oc2ccc(F)cc2)cc1,reduction
CCOC(=O)C(C)(C)Oc1cccc(C(=O)NC2CCNCC2)c1.CCOc1cc(C=O)cc(OCC)c1F,CC(=O)O.CCN(C(C)C)C(C)C.CO.O=C([O-])[O-].[BH3-]C#N.[Na+].[Na+].[Na+],CCOC(=O)C(C)(C)Oc1cccc(C(=O)NC2CCN(Cc3cc(OCC)c(F)c(OCC)c3)CC2)c1,reduction
COc1ccc2c(c1)CCC(CN1CCN(C(c3ccccc3)c3ccccc3)CC1)C2=O,CO.ClC(Cl)Cl.[BH4-].[Na+],COc1ccc2c(c1)CCC(CN1CCN(C(c3ccccc3)c3ccccc3)CC1)C2O,reduction
CC(=O)Nc1cc(Oc2ccc3ccc(C(=O)Nc4ccc(C#N)c(C(F)(F)F)c4)cc3c2)ccn1,C1CCOC1.CO.N.[H][H],CC(=O)Nc1cc(Oc2ccc3ccc(C(=O)Nc4ccc(CN)c(C(F)(F)F)c4)cc3c2)ccn1,reduction
CN(C)C(=O)C(NC(=O)OC(C)(C)C)c1ccc(Oc2ccc(CCC(=O)NOC(=O)c3ccccc3)cc2)cc1,CO.[H][H].[Pd],CN(C)C(=O)C(NC(=O)OC(C)(C)C)c1ccc(Oc2ccc(CCC(=O)NO)cc2)cc1,reduction
CNCc1ccccc1N(C)C(=O)c1ccc(NC(=O)c2ccccc2-c2ccc(C)cc2)cc1.[BH3-]C#N,C=O.CC(=O)O.CO.ClC(Cl)Cl.[Na+],Cc1ccc(-c2ccccc2C(=O)Nc2ccc(C(=O)N(C)c3ccccc3CN(C)C)cc2)cc1,reduction
FC(F)(F)c1cccc(C2CCCNC2)c1.NC(=O)c1ccc(Oc2ccc(C=O)cc2)nc1,CC(=O)O.CC(=O)O[BH-](OC(C)=O)OC(C)=O.CO.Cl.ClCCCl.ClCCl.[Na+],NC(=O)c1ccc(Oc2ccc(CN3CCCC(c4cccc(C(F)(F)F)c4)C3)cc2)nc1,reduction
CN(C)c1ccccc1C=O.COC(=O)C=Cc1cnc(NC2CCNC2)cn1,CC(=O)O[BH-](OC(C)=O)OC(C)=O.CCN(C(C)C)C(C)C.Cl.Cl.ClCCl.O=C([O-])O.[Na+].[Na+],COC(=O)C=Cc1cnc(NC2CCN(Cc3ccccc3N(C)C)C2)cn1,reduction
CCOC(=O)C=Cc1nonc1C(=O)Nc1ccc(F)c(Cl)c1,CCOC(C)=O.[H][H].[Pd],CCOC(=O)CCc1nonc1C(=O)Nc1ccc(F)c(Cl)c1,reduction
CC(C)(C)CCN.Cn1ccnc1C=O,CO.[BH4-].[Na+],Cn1ccnc1CNCCC(C)(C)C,reduction
CCOC(=O)c1ccc(C#Cc2ccc3c(c2)C(=O)CCC3(C)C)cc1,C1CCOC1.CCO.O.[BH4-].[Na+],CCOC(=O)c1ccc(C#Cc2ccc3c(c2)C(O)CCC3(C)C)cc1,reduction
CCCCC(=O)C(C)(C)C.CCc1ccc(C(=O)NN)cc1,CC(=O)O.CO.[BH3-]C#N.[Na+],CCCCC(NNC(=O)c1ccc(CC)cc1)C(C)(C)C,reduction
CCC(=O)Nc1ccc(Sc2ccccc2[N+](=O)[O-])cc1C(=O)OC,CCOC(C)=O.[H][H],CCC(=O)Nc1ccc(Sc2ccccc2N)cc1C(=O)OC,reduction
NC(=O)c1ccc(Oc2ccc(C=O)c3ccccc23)nc1.NCCC1CCCC1,CO.O.[BH4-].[Na+],NC(=O)c1ccc(Oc2ccc(CNCCC3CCCC3)c3ccccc23)nc1,reduction
Cc1ccc2c(c1)CC(=O)c1ccccc1S2,C1COCCO1.O.[BH4-].[Na+],Cc1ccc2c(c1)CC(O)c1ccccc1S2,reduction
C#CCOc1ccc(N)c(C(=O)c2ccc(C(C)C)cc2)c1.O=Cc1ccccc1OCCO,CC(=O)O[BH-](OC(C)=O)OC(C)=O.ClCCl.O.[Na+],C#CCOc1ccc(NCc2ccccc2OCCO)c(C(=O)c2ccc(C(C)C)cc2)c1,reduction
C1CNC1.COc1cc(NS(=O)(=O)N2CCC(=O)CC2)nc(SCc2cccc(F)c2F)n1,CC(=O)O.CC(=O)O[BH-](OC(C)=O)OC(C)=O.Cl.Cl.ClCCl.[Na+].[Na+].[OH-],COc1cc(NS(=O)(=O)N2CCC(N3CCC3)CC2)nc(SCc2cccc(F)c2F)n1,reduction
NCCCO.O=Cc1ccc(Cl)nc1,CCO.[BH4-].[Na+],OCCCNCc1ccc(Cl)nc1,reduction
NC1CCN(Cc2ccccc2)CC1.O=Cc1ccc(OCc2ccnc3ccccc23)cc1,Cc1ccc(S(=O)(=O)O)cc1.Cc1ccccc1.O.[BH4-].[Na+],c1ccc(CN2CCC(NCc3ccc(OCc4ccnc5ccccc45)cc3)CC2)cc1,reduction
CC1(C)OC(=C2C(=O)Nc3cc(F)ccc32)C=C1c1ccc(C=O)cc1.OCCOCCN1CCNCC1,C1CCOC1.CC(=O)O.CN(C)C=O.CO.O.O=C([O-])O.[BH3-]C#N.[Na+].[Na+],CC1(C)OC(=C2C(=O)Nc3cc(F)ccc32)C=C1c1ccc(CN2CCN(CCOCCO)CC2)cc1,reduction
